2633-019/2633-019-04-05-17.png	354	um	13.12
8469-063/8469-063-04-07-02.png	932	com	12.69
0565-012/0565-012-01-06-11.png	45	em	10.66
2252-052/2252-052-03-04-15.png	306	as	12.66
4910-075/4910-075-02-06-13.png	589	de	12.11
0555-002/0555-002-02-01-02.png	38	um	13.67
8747-035/8747-035-02-05-12.png	954	u-	13.56
2186-043/2186-043-03-04-08.png	293	com	12.11
1633-022/1633-022-02-08-07.png	203	sua	12.00
2784-040/2784-040-04-06-06.png	379	que	10.06
0573-020/0573-020-01-04-13.png	51	as	13.28
1729-018/1729-018-04-01-07.png	258	no	11.58
8185-035/8185-035-01-03-05.png	900	em	12.66
7141-082/7141-082-01-05-02.png	707	ao	13.28
7048-011/7048-011-04-07-05.png	686	de	11.72
4775-020/4775-020-03-02-11.png	573	sua	9.28
4313-009/4313-009-03-04-03.png	486	esse	11.33
2667-024/2667-024-03-04-10.png	364	se	13.28
7272-074/7272-074-02-07-09.png	745	aos	8.50
7277-079/7277-079-02-02-03.png	750	no	13.56
5824-022/5824-022-04-01-10.png	627	na	12.59
6115-023/6115-023-03-01-19.png	635	sua	6.80
0830-026/0830-026-04-08-01.png	104	na	12.69
0226-018/0226-018-03-06-07.png	7	em	13.12
2772-028/2772-028-05-06-16.png	373	une	12.69
9203-036/9203-036-02-05-11.png	982	no	13.08
7269-071/7269-071-03-03-14.png	742	na	12.22
0555-002/0555-002-02-05-22.png	38	como	12.69
4259-028/4259-028-02-05-16.png	467	em	12.59
4765-010/4765-010-03-06-05.png	568	na	13.28
7787-019/7787-019-03-05-12.png	833	en-	11.78
7141-082/7141-082-04-05-08.png	707	as	13.50
3673-043/3673-043-02-02-02.png	425	no	12.11
4246-015/4246-015-03-05-02.png	464	no	13.00
4313-009/4313-009-01-01-04.png	486	se	13.30
1215-022/1215-022-04-05-19.png	142	ao	10.94
0567-014/0567-014-04-02-16.png	47	de	13.28
6145-016/6145-016-03-07-08.png	642	não	13.59
0572-019/0572-019-03-04-07.png	50	os	12.19
7863-039/7863-039-03-08-09.png	855	no	13.59
4577-140/4577-140-03-03-12.png	523	um	12.66
4934-008/4934-008-03-06-05.png	597	ao	13.30
4775-020/4775-020-01-01-05.png	573	se	12.75
3652-022/3652-022-03-10-10.png	417	se	11.50
5823-021/5823-021-03-06-04.png	626	em	13.00
6390-015/6390-015-01-03-16.png	645	em	13.81
2189-046/2189-046-05-08-11.png	296	não	13.56
6911-018/6911-018-01-03-14.png	673	no	10.50
7134-075/7134-075-02-06-15.png	700	so-	12.59
3638-008/3638-008-02-01-15.png	408	do	13.50
2183-040/2183-040-02-04-05.png	290	esse	11.38
7157-098/7157-098-02-04-02.png	720	em	13.28
2632-018/2632-018-03-02-06.png	353	as	11.72
4259-028/4259-028-02-04-18.png	467	em	11.00
0588-035/0588-035-02-06-15.png	59	por	13.59
2124-074/2124-074-01-05-12.png	285	um	11.25
4312-008/4312-008-03-06-08.png	485	de	13.81
1660-049/1660-049-02-01-04.png	229	em	12.19
4463-026/4463-026-03-05-14.png	504	ou	13.67
4545-108/4545-108-04-01-08.png	515	um	9.97
5822-020/5822-020-04-04-09.png	625	um	13.12
2341-048/2341-048-03-08-02.png	321	na	9.62
1726-015/1726-015-03-04-15.png	255	os	13.12
4408-086/4408-086-02-02-09.png	493	um	9.19
7343-045/7343-045-01-02-11.png	775	no	9.56
1641-030/1641-030-01-01-03.png	211	erro	12.66
0687-078/0687-078-04-05-09.png	86	as	13.56
0574-021/0574-021-04-03-07.png	52	por	13.28
8453-047/8453-047-03-06-08.png	926	dos	12.69
4265-034/4265-034-01-02-10.png	470	na	13.08
4995-051/4995-051-01-07-08.png	613	as	12.25
0588-035/0588-035-02-05-16.png	59	na	13.12
1661-050/1661-050-04-01-07.png	230	de	13.67
2248-048/2248-048-04-01-02.png	303	na	11.62
8255-024/8255-024-03-07-03.png	919	no	12.19
3673-043/3673-043-03-06-06.png	425	em	11.62
1641-030/1641-030-01-03-12.png	211	se	13.12
1128-023/1128-023-04-02-02.png	133	na	12.69
1728-017/1728-017-03-04-11.png	257	seu	12.69
4518-081/4518-081-04-05-15.png	512	só	13.67
9201-034/9201-034-01-01-15.png	981	um	10.31
4767-012/4767-012-02-04-10.png	570	em	12.25
0524-024/0524-024-01-06-13.png	36	no	11.14
6115-023/6115-023-03-01-07.png	635	um	8.31
3679-049/3679-049-03-07-12.png	430	as	13.50
2323-030/2323-030-05-08-05.png	312	ou	13.59
7269-071/7269-071-02-03-09.png	742	no	11.69
4623-186/4623-186-02-03-01.png	534	ao	13.08
6115-023/6115-023-02-05-09.png	635	as	12.14
0293-015/0293-015-03-06-02.png	25	em	13.12
8471-065/8471-065-04-03-04.png	933	por	12.25
7796-028/7796-028-04-08-07.png	840	ser	13.12
6906-013/6906-013-02-04-06.png	670	em	11.14
8449-043/8449-043-03-07-11.png	924	os	12.75
4988-044/4988-044-03-10-06.png	608	um	10.50
0573-020/0573-020-03-06-20.png	51	em	11.00
7876-052/7876-052-03-08-14.png	868	em	12.23
2667-024/2667-024-04-02-12.png	364	as	12.19
8057-036/8057-036-03-02-10.png	877	com	13.56
2329-036/2329-036-05-02-08.png	314	que	12.25
0574-021/0574-021-01-04-03.png	52	da	11.38
6115-023/6115-023-02-02-01.png	635	na	13.30
6392-017/6392-017-01-01-03.png	646	com	12.25
0572-019/0572-019-01-04-07.png	50	as	10.94
3649-019/3649-019-03-07-04.png	414	na	13.56
0761-022/0761-022-04-01-11.png	96	um	13.59
0216-008/0216-008-05-05-10.png	2	na	10.78
0293-015/0293-015-03-01-12.png	25	di-	13.56
4845-010/4845-010-03-03-13.png	581	in-	11.81
0555-002/0555-002-01-02-15.png	38	um	12.03
8253-022/8253-022-04-06-05.png	917	com	12.69
1649-038/1649-038-03-04-11.png	219	com	13.59
7869-045/7869-045-03-04-14.png	861	essa	13.59
7138-079/7138-079-02-03-02.png	704	as	10.00
0570-017/0570-017-04-03-06.png	48	na	12.50
9307-010/9307-010-02-03-07.png	993	no	12.69
4786-005/4786-005-03-09-09.png	576	ao	10.78
7048-011/7048-011-04-04-11.png	686	da	10.42
1499-044/1499-044-04-04-14.png	187	os	13.12
1649-038/1649-038-01-01-07.png	219	sua	12.23
7284-086/7284-086-02-07-10.png	757	as	11.81
0705-096/0705-096-03-06-10.png	94	ao	13.56
3673-043/3673-043-04-08-08.png	425	na	12.69
3671-041/3671-041-03-06-09.png	423	ser	13.59
6145-016/6145-016-04-07-18.png	642	es-	13.59
4424-102/4424-102-04-05-08.png	498	os	13.50
0258-050/0258-050-04-02-06.png	23	na	12.66
1663-052/1663-052-03-05-10.png	232	em	12.66
0216-008/0216-008-05-01-12.png	2	em	13.56
6394-019/6394-019-01-05-06.png	647	ao	11.48
6394-019/6394-019-04-01-06.png	647	que	13.92
0566-013/0566-013-02-07-10.png	46	no	13.59
7343-045/7343-045-01-04-08.png	775	aos	10.06
1729-018/1729-018-03-01-14.png	258	ser	11.69
8749-037/8749-037-04-06-17.png	955	uma	11.62
0775-036/0775-036-04-02-04.png	102	por	10.94
4985-041/4985-041-04-03-02.png	605	ao	13.56
7131-072/7131-072-04-04-08.png	697	aos	12.69
4124-042/4124-042-02-06-08.png	461	de	11.34
1683-072/1683-072-01-02-06.png	252	um	11.81
4598-161/4598-161-03-04-15.png	528	um	12.69
0579-026/0579-026-04-04-06.png	55	em	10.66
8517-011/8517-011-04-01-07.png	940	ser	13.08
6914-021/6914-021-02-03-13.png	676	nas	11.25
7046-009/7046-009-02-07-03.png	685	ao	13.59
2334-041/2334-041-02-12-08.png	317	de	11.62
4790-009/4790-009-04-03-14.png	578	as	11.50
1728-017/1728-017-02-03-04.png	257	em	10.06
0560-007/0560-007-02-10-07.png	41	casos	13.14
2323-030/2323-030-04-09-10.png	312	no	11.81
4482-045/4482-045-03-08-03.png	506	um	9.52
0775-036/0775-036-03-03-08.png	102	que	13.14
8449-043/8449-043-04-01-12.png	924	no	10.42
1663-052/1663-052-02-03-05.png	232	na	13.50
4313-009/4313-009-05-05-03.png	486	isso	11.33
7260-062/7260-062-02-04-11.png	735	uma	10.50
0566-013/0566-013-01-01-05.png	46	os	13.92
0216-008/0216-008-03-02-07.png	2	um	11.62
1661-050/1661-050-01-03-09.png	230	na	9.97
4586-149/4586-149-02-01-08.png	525	as	13.12
4766-011/4766-011-03-08-09.png	569	nos	12.25
6116-024/6116-024-02-07-11.png	636	as	12.66
7807-039/7807-039-02-05-10.png	848	um	11.38
7261-063/7261-063-03-03-06.png	736	os	13.50
2513-056/2513-056-02-08-09.png	341	essa	13.14
1266-040/1266-040-03-07-05.png	143	um	12.50
6390-015/6390-015-02-01-02.png	645	em	13.56
0567-014/0567-014-03-08-17.png	47	em	8.31
7156-097/7156-097-02-02-03.png	719	nos	13.12
1652-041/1652-041-03-01-16.png	222	em	12.59
4354-032/4354-032-04-05-12.png	490	na	13.56
4672-235/4672-235-06-02-04.png	545	um	13.56
6115-023/6115-023-03-07-06.png	635	com	7.75
4124-042/4124-042-02-06-14.png	461	com	11.78
1215-022/1215-022-04-01-06.png	142	aos	11.25
4545-108/4545-108-03-09-04.png	515	seu	12.69
1646-035/1646-035-02-08-20.png	216	os	13.14
7348-050/7348-050-01-02-06.png	780	ao	12.72
8441-035/8441-035-01-01-11.png	921	na	12.11
0578-025/0578-025-01-01-14.png	54	na	11.16
7791-023/7791-023-03-01-10.png	836	sua	13.56
6690-040/6690-040-02-01-10.png	663	no	13.81
5648-031/5648-031-02-01-06.png	621	com	13.56
2341-048/2341-048-03-09-04.png	321	no	12.59
1215-022/1215-022-04-03-11.png	142	com	11.62
6906-013/6906-013-02-07-10.png	670	na	13.67
7159-100/7159-100-03-02-08.png	722	esse	10.42
0693-084/0693-084-04-06-15.png	89	sua	13.50
6115-023/6115-023-03-02-10.png	635	para	10.42
1674-063/1674-063-02-06-05.png	243	em	13.12
7129-070/7129-070-03-08-02.png	695	um	11.62
6115-023/6115-023-03-05-23.png	635	ao	11.72
0254-046/0254-046-03-06-04.png	21	na	12.66
8900-027/8900-027-03-08-02.png	963	as	13.12
4791-010/4791-010-04-03-06.png	579	em	10.42
1729-018/1729-018-04-06-22.png	258	com	12.59
4247-016/4247-016-02-08-09.png	465	no	11.16
3127-008/3127-008-01-06-03.png	394	na	13.59
3679-049/3679-049-03-04-02.png	430	as	13.59
0584-031/0584-031-04-04-15.png	57	de	13.92
4936-010/4936-010-01-05-08.png	598	um	11.33
1432-036/1432-036-02-07-06.png	150	as	13.41
7346-048/7346-048-04-05-15.png	778	meio	12.69
3638-008/3638-008-01-06-06.png	408	ao	11.72
7587-043/7587-043-04-02-09.png	803	os	11.86
4598-161/4598-161-02-02-04.png	528	se	13.08
1726-015/1726-015-02-05-09.png	255	as	11.50
2784-040/2784-040-02-07-18.png	379	em	9.00
6911-018/6911-018-03-05-15.png	673	con-	12.25
2772-028/2772-028-04-03-04.png	373	no	13.12
4766-011/4766-011-02-07-06.png	569	das	12.59
0566-013/0566-013-02-02-08.png	46	as	13.12
2784-040/2784-040-04-09-13.png	379	os	9.06
7135-076/7135-076-04-03-07.png	701	por	13.59
7871-047/7871-047-04-02-08.png	863	ser	11.81
7049-012/7049-012-02-07-08.png	687	sua	12.75
4448-011/4448-011-04-08-13.png	502	na	13.59
2776-032/2776-032-04-01-09.png	375	em	9.19
8057-036/8057-036-03-03-12.png	877	uma	13.56
1215-022/1215-022-04-06-08.png	142	na	13.75
1215-022/1215-022-04-04-16.png	142	em	11.16
4247-016/4247-016-03-06-11.png	465	que	11.38
1654-043/1654-043-02-09-05.png	224	mas	12.22
7873-049/7873-049-04-03-05.png	865	com	13.12
3670-040/3670-040-01-01-05.png	422	na	11.72
2772-028/2772-028-04-07-12.png	373	que	12.69
9134-018/9134-018-01-04-03.png	972	no	13.56
1650-039/1650-039-02-01-18.png	220	no	9.30
8222-013/8222-013-03-03-07.png	905	com	13.56
1485-030/1485-030-04-03-04.png	176	os	11.00
1622-011/1622-011-01-02-13.png	192	um	12.69
0254-046/0254-046-03-05-12.png	21	um	9.19
1441-045/1441-045-04-06-04.png	158	aos	10.94
4765-010/4765-010-04-06-10.png	568	para	13.12
8749-037/8749-037-03-03-02.png	955	as	10.62
3679-049/3679-049-04-01-12.png	430	com	13.56
1630-019/1630-019-02-09-02.png	200	nas	13.12
1437-041/1437-041-03-04-02.png	155	no	13.28
7014-027/7014-027-02-07-09.png	682	no	12.11
4321-017/4321-017-04-02-11.png	487	ao	13.56
4789-008/4789-008-02-01-08.png	577	os	13.56
8469-063/8469-063-04-04-14.png	932	com	12.69
8896-023/8896-023-02-07-03.png	961	com	9.06
1650-039/1650-039-03-01-13.png	220	uma	8.31
2670-027/2670-027-03-03-10.png	366	nas	7.88
7282-084/7282-084-01-01-13.png	755	como	11.33
8757-045/8757-045-01-01-03.png	959	com	12.25
7045-008/7045-008-04-02-13.png	684	em	13.59
1766-030/1766-030-04-08-15.png	268	no	12.59
7291-093/7291-093-02-05-06.png	763	se	11.00
7175-116/7175-116-02-02-14.png	732	sua	12.66
0252-044/0252-044-03-06-01.png	20	nas	10.78
4598-161/4598-161-03-06-08.png	528	isso	12.69
8191-041/8191-041-01-02-08.png	904	sua	13.56
0260-052/0260-052-04-02-13.png	24	para	12.25
6439-029/6439-029-03-05-08.png	655	ao	13.81
1621-010/1621-010-02-01-16.png	191	no	13.81
3670-040/3670-040-02-04-04.png	422	nos	12.66
4354-032/4354-032-02-04-09.png	490	na	9.69
2337-044/2337-044-03-05-04.png	319	os	11.72
8749-037/8749-037-04-04-02.png	955	suas	9.80
7978-032/7978-032-02-05-07.png	869	com	13.14
8521-015/8521-015-01-03-08.png	942	um	12.69
4482-045/4482-045-01-01-03.png	506	as	12.69
7336-038/7336-038-03-07-05.png	768	ao	10.62
6145-016/6145-016-02-02-17.png	642	da	13.50
2339-046/2339-046-05-04-05.png	320	um	11.72
0570-017/0570-017-03-04-02.png	48	no	11.38
1485-030/1485-030-01-02-06.png	176	vai	12.11
7437-086/7437-086-01-08-12.png	786	no	11.81
1485-030/1485-030-01-04-06.png	176	em	9.38
3652-022/3652-022-04-06-04.png	417	ao	12.00
2772-028/2772-028-05-05-14.png	373	ao	13.59
4296-009/4296-009-03-07-05.png	478	ao	13.50
5651-034/5651-034-03-03-05.png	624	na	11.00
7272-074/7272-074-01-03-15.png	745	seus	9.20
1674-063/1674-063-02-05-02.png	243	em	13.59
0578-025/0578-025-04-02-09.png	54	ser	9.50
4775-020/4775-020-01-06-08.png	573	apesar	13.56
3673-043/3673-043-04-03-11.png	425	na	13.56
7978-032/7978-032-02-03-03.png	869	na	12.69
7154-095/7154-095-03-05-08.png	718	no	13.41
0252-044/0252-044-01-02-18.png	20	uma	13.56
3638-008/3638-008-01-05-02.png	408	em	13.56
8254-023/8254-023-02-04-10.png	918	seu	13.12
2607-024/2607-024-03-05-07.png	346	aos	13.59
1429-033/1429-033-03-06-11.png	147	os	12.66
7048-011/7048-011-02-07-15.png	686	20	13.14
4790-009/4790-009-04-08-01.png	578	se	10.98
7282-084/7282-084-03-04-10.png	755	com	9.20
0573-020/0573-020-02-08-03.png	51	ou	12.69
7135-076/7135-076-04-04-15.png	701	de	13.50
4783-002/4783-002-01-03-09.png	575	ser	12.00
3636-006/3636-006-04-02-08.png	406	essa	12.25
1427-031/1427-031-02-01-10.png	146	aos	11.78
4936-010/4936-010-02-04-10.png	598	com	13.14
4545-108/4545-108-05-03-10.png	515	um	11.72
7277-079/7277-079-02-03-12.png	750	no	12.11
7867-043/7867-043-03-04-11.png	859	ao	13.59
6115-023/6115-023-03-03-16.png	635	que	11.00
2666-023/2666-023-03-04-04.png	363	ao	12.69
1725-014/1725-014-02-03-09.png	254	em	13.12
7799-031/7799-031-02-02-05.png	842	no	13.59
4601-164/4601-164-03-04-13.png	529	as	13.14
7343-045/7343-045-03-08-17.png	775	ra-	11.78
9310-013/9310-013-02-01-04.png	995	um	13.14
7012-025/7012-025-04-05-01.png	681	nais	13.12
6115-023/6115-023-02-10-08.png	635	para	7.88
7866-042/7866-042-01-01-03.png	858	um	13.59
8900-027/8900-027-02-05-17.png	963	as	12.59
0226-018/0226-018-03-09-02.png	7	nos	13.59
7260-062/7260-062-02-09-19.png	735	cor-	12.00
7162-103/7162-103-04-05-10.png	725	se	12.75
4577-140/4577-140-02-02-14.png	523	em	9.69
4765-010/4765-010-01-03-07.png	568	no	10.78
8896-023/8896-023-04-07-09.png	961	com	10.06
7876-052/7876-052-02-06-10.png	868	na	13.12
6394-019/6394-019-04-04-10.png	647	nos	13.14
7587-043/7587-043-03-07-10.png	803	as	10.94
0226-018/0226-018-04-02-12.png	7	um	12.25
8747-035/8747-035-01-05-08.png	954	na	13.67
7589-045/7589-045-03-04-14.png	804	na	13.14
0651-042/0651-042-01-04-07.png	71	um	11.81
7343-045/7343-045-02-04-02.png	775	em	11.38
4354-032/4354-032-03-01-10.png	490	na	11.69
7260-062/7260-062-03-06-08.png	735	eram	11.38
2513-056/2513-056-03-04-10.png	341	esses	13.12
4763-008/4763-008-04-03-11.png	567	na	13.59
2610-027/2610-027-03-07-10.png	349	no	10.06
4998-054/4998-054-02-04-09.png	616	um	11.81
6145-016/6145-016-04-01-12.png	642	ao	12.23
4783-002/4783-002-02-09-03.png	575	se	13.88
8896-023/8896-023-03-06-18.png	961	na	12.00
3670-040/3670-040-04-02-11.png	422	uso	13.56
1127-022/1127-022-04-05-06.png	132	no	13.12
2372-079/2372-079-02-08-09.png	328	em	12.19
8621-069/8621-069-04-09-12.png	950	na	12.69
1646-035/1646-035-03-03-13.png	216	no	13.00
8243-012/8243-012-03-05-15.png	911	na	13.67
0701-092/0701-092-03-02-07.png	93	en	11.81
2121-071/2121-071-02-01-11.png	282	na	13.12
7135-076/7135-076-04-04-03.png	701	na	11.78
8224-015/8224-015-01-02-10.png	907	no	11.62
7135-076/7135-076-02-03-11.png	701	se	12.11
7576-032/7576-032-02-01-10.png	798	as	13.28
8896-023/8896-023-01-03-03.png	961	com	10.94
1654-043/1654-043-02-07-13.png	224	uma	13.59
6112-020/6112-020-01-02-02.png	632	na	13.56
7260-062/7260-062-01-02-04.png	735	na	10.98
2129-079/2129-079-02-02-04.png	288	vez	13.56
0578-025/0578-025-01-04-09.png	54	no	13.56
7337-039/7337-039-02-04-06.png	769	ser	13.12
4313-009/4313-009-04-01-06.png	486	as	13.50
9197-030/9197-030-04-02-01.png	979	se	10.06
3679-049/3679-049-03-06-13.png	430	em	12.69
1763-027/1763-027-02-05-07.png	266	em	10.50
7175-116/7175-116-01-04-06.png	732	no	13.67
3665-035/3665-035-03-16-03.png	418	as	13.14
7268-070/7268-070-02-01-05.png	741	os	13.56
2341-048/2341-048-04-02-04.png	321	no	13.12
2249-049/2249-049-01-02-02.png	304	com	13.12
8900-027/8900-027-02-01-13.png	963	um	12.50
1755-019/1755-019-01-02-08.png	261	no	12.75
4936-010/4936-010-03-05-14.png	598	na	13.50
7277-079/7277-079-01-03-13.png	750	no	11.69
4247-016/4247-016-04-05-20.png	465	com	11.38
1728-017/1728-017-02-04-11.png	257	em	12.22
0565-012/0565-012-04-01-12.png	45	se	12.22
7129-070/7129-070-03-08-09.png	695	um	12.19
7271-073/7271-073-02-04-11.png	744	ao	10.78
2329-036/2329-036-03-06-07.png	314	da	13.00
1680-069/1680-069-04-05-05.png	249	um	11.81
4313-009/4313-009-03-04-05.png	486	as	11.00
4586-149/4586-149-02-03-08.png	525	não	13.14
2323-030/2323-030-03-01-08.png	312	foi	12.19
2505-048/2505-048-04-09-09.png	338	os	12.23
0256-048/0256-048-02-05-05.png	22	as	11.38
0252-044/0252-044-02-06-11.png	20	uma	11.38
8249-018/8249-018-02-03-18.png	916	com	10.66
0651-042/0651-042-04-02-06.png	71	com	13.08
8469-063/8469-063-02-01-03.png	932	na	12.25
4775-020/4775-020-02-05-07.png	573	uma	11.16
2772-028/2772-028-03-08-08.png	373	no	13.08
3665-035/3665-035-02-07-02.png	418	em	10.94
9197-030/9197-030-04-05-02.png	979	no	10.88
0252-044/0252-044-03-04-20.png	20	as	13.28
9201-034/9201-034-03-02-03.png	981	na	12.19
6113-021/6113-021-02-04-04.png	633	ser	13.12
4312-008/4312-008-05-02-07.png	485	se	13.14
0693-084/0693-084-02-02-02.png	89	um	11.50
0567-014/0567-014-01-03-09.png	47	na	9.19
4247-016/4247-016-02-07-19.png	465	uma	11.72
7154-095/7154-095-01-01-11.png	718	uma	9.20
6408-033/6408-033-03-07-10.png	654	ao	10.69
7048-011/7048-011-01-05-12.png	686	de	12.69
2632-018/2632-018-04-07-07.png	353	as	13.28
1757-021/1757-021-03-02-16.png	263	uma	12.69
1441-045/1441-045-04-02-17.png	158	da	13.14
2372-079/2372-079-03-02-08.png	328	nos	13.12
6140-011/6140-011-03-04-03.png	639	as	13.08
6408-033/6408-033-02-06-11.png	654	aos	12.59
6905-012/6905-012-03-06-11.png	669	os	11.72
4775-020/4775-020-02-06-15.png	573	em	13.28
7795-027/7795-027-02-07-15.png	839	um	13.59
7576-032/7576-032-01-03-15.png	798	suas	10.88
7291-093/7291-093-03-04-10.png	763	ao	13.50
1641-030/1641-030-03-06-12.png	211	na	12.11
2335-042/2335-042-04-06-10.png	318	se	13.59
4775-020/4775-020-02-03-14.png	573	na	10.69
0254-046/0254-046-04-03-12.png	21	de	13.59
2119-069/2119-069-01-02-10.png	280	era	12.66
4354-032/4354-032-02-01-03.png	490	do	13.28
7048-011/7048-011-02-08-03.png	686	ao	9.62
1483-028/1483-028-04-05-05.png	174	ao	12.50
7272-074/7272-074-03-09-05.png	745	dos	12.89
6115-023/6115-023-02-03-20.png	635	da	13.12
4408-086/4408-086-04-02-11.png	493	na	9.52
2505-048/2505-048-02-02-05.png	338	aos	13.56
2610-027/2610-027-01-06-05.png	349	com	13.08
4936-010/4936-010-01-03-11.png	598	seu	13.50
4743-306/4743-306-01-05-01.png	561	em	13.08
0683-074/0683-074-02-04-08.png	85	sua	12.69
0252-044/0252-044-03-02-13.png	20	isso	13.56
7260-062/7260-062-03-05-15.png	735	essas	11.38
7785-017/7785-017-01-04-07.png	832	um	11.72
0701-092/0701-092-02-04-11.png	93	os	12.38
4463-026/4463-026-02-04-03.png	504	no	13.08
1654-043/1654-043-03-04-02.png	224	esse	13.59
7798-030/7798-030-01-02-12.png	841	rir	13.14
1650-039/1650-039-01-02-08.png	220	um	10.50
7589-045/7589-045-03-02-11.png	804	ao	10.09
1628-017/1628-017-03-03-10.png	198	em	13.00
1129-024/1129-024-04-02-11.png	134	ao	11.38
8179-029/8179-029-03-01-09.png	898	em	13.08
8757-045/8757-045-03-05-11.png	959	os	13.59
2780-036/2780-036-03-05-04.png	377	na	10.00
1729-018/1729-018-02-06-04.png	258	ao	12.19
6478-008/6478-008-03-03-13.png	657	uma	11.81
2124-074/2124-074-02-02-03.png	285	no	13.12
7585-041/7585-041-02-01-12.png	802	ao	12.69
7272-074/7272-074-02-02-04.png	745	ao	11.62
0565-012/0565-012-01-03-15.png	45	no	13.00
9307-010/9307-010-03-03-12.png	993	no	12.89
2374-081/2374-081-02-01-09.png	329	uma	11.25
4643-206/4643-206-02-01-04.png	538	do	12.23
1630-019/1630-019-01-02-12.png	200	ainda	11.81
0645-036/0645-036-03-02-16.png	68	sua	12.59
1136-031/1136-031-04-05-08.png	138	mas	13.12
7152-093/7152-093-01-05-11.png	716	em	13.50
2374-081/2374-081-02-06-04.png	329	as	10.94
7338-040/7338-040-03-02-08.png	770	esse	10.06
2124-074/2124-074-02-06-03.png	285	os	12.23
0514-014/0514-014-02-04-14.png	31	as	13.28
6137-008/6137-008-03-07-02.png	637	no	12.69
1438-042/1438-042-03-07-04.png	156	no	12.50
1437-041/1437-041-04-08-10.png	155	ser	11.48
2252-052/2252-052-02-04-07.png	306	as	13.12
7796-028/7796-028-02-06-13.png	840	que	13.59
4934-008/4934-008-03-04-04.png	597	estão	13.92
7789-021/7789-021-03-04-09.png	835	em	11.33
2784-040/2784-040-04-07-13.png	379	não	13.12
5649-032/5649-032-05-04-04.png	622	em	13.08
4790-009/4790-009-02-07-07.png	578	aos	8.31
1437-041/1437-041-03-07-13.png	155	na	12.80
3673-043/3673-043-03-04-10.png	425	em	13.56
6113-021/6113-021-04-04-23.png	633	aos	12.25
1432-036/1432-036-02-02-08.png	150	ao	13.12
7336-038/7336-038-02-04-11.png	768	na	11.62
1625-014/1625-014-04-03-14.png	195	nas	12.66
4673-236/4673-236-03-01-15.png	546	maxi-	13.56
7152-093/7152-093-02-03-09.png	716	esse	11.62
2337-044/2337-044-03-11-09.png	319	ou	12.69
7272-074/7272-074-04-01-08.png	745	com	10.00
4930-004/4930-004-02-04-05.png	595	seus	13.59
6404-029/6404-029-03-05-04.png	652	se	13.00
4247-016/4247-016-03-02-07.png	465	um	9.50
7129-070/7129-070-04-02-16.png	695	ser	13.12
1659-048/1659-048-04-05-14.png	228	na	12.50
0256-048/0256-048-03-05-07.png	22	os	11.14
7576-032/7576-032-04-04-10.png	798	ocorrer	10.50
4424-102/4424-102-02-05-14.png	498	ao	13.50
7787-019/7787-019-01-05-04.png	833	das	13.08
2189-046/2189-046-04-05-05.png	296	em	13.00
8449-043/8449-043-02-03-02.png	924	na	9.50
1650-039/1650-039-02-06-16.png	220	em	11.50
6905-012/6905-012-03-02-05.png	669	de	10.94
4928-002/4928-002-02-03-11.png	593	suas	11.78
9201-034/9201-034-01-01-07.png	981	um	10.06
4488-051/4488-051-04-06-13.png	507	em	11.25
7136-077/7136-077-01-03-17.png	702	essas	9.38
0570-017/0570-017-02-10-05.png	48	as	10.50
2784-040/2784-040-03-01-11.png	379	con-	12.25
4743-306/4743-306-02-03-13.png	561	no	13.88
7136-077/7136-077-04-06-11.png	702	em	12.17
0216-008/0216-008-02-07-06.png	2	ao	12.38
0250-042/0250-042-03-02-04.png	19	um	12.11
4789-008/4789-008-03-07-10.png	577	de	13.12
0579-026/0579-026-02-07-06.png	55	os	13.30
1447-051/1447-051-01-01-13.png	163	os	12.69
5822-020/5822-020-04-06-14.png	625	com-	13.56
7722-088/7722-088-04-01-04.png	830	ser	12.69
7794-026/7794-026-04-06-12.png	838	ser	11.38
1650-039/1650-039-02-05-14.png	220	não	13.08
0554-001/0554-001-04-02-15.png	37	ao	12.19
2189-046/2189-046-03-03-03.png	296	em	12.59
7601-057/7601-057-02-04-12.png	810	uma	10.94
2784-040/2784-040-04-09-09.png	379	um	8.16
7799-031/7799-031-03-02-11.png	842	no	10.31
4265-034/4265-034-02-06-03.png	470	os	12.50
7271-073/7271-073-02-12-08.png	744	no	12.50
7270-072/7270-072-03-01-09.png	743	com	11.81
7282-084/7282-084-03-06-11.png	755	com	11.33
2368-075/2368-075-03-04-11.png	326	na	13.08
0254-046/0254-046-01-05-14.png	21	no	11.72
7439-088/7439-088-04-09-10.png	787	por	13.12
1628-017/1628-017-02-07-05.png	198	serem	10.88
1669-058/1669-058-03-07-04.png	238	uma	8.16
2606-023/2606-023-04-07-09.png	345	nunca	13.50
2334-041/2334-041-01-11-04.png	317	de	13.59
4352-030/4352-030-05-01-04.png	489	no	12.00
7012-025/7012-025-03-08-14.png	681	na	13.88
1438-042/1438-042-02-04-08.png	156	não	13.12
0830-026/0830-026-05-02-03.png	104	com	13.56
1495-040/1495-040-02-03-04.png	184	um	12.00
1726-015/1726-015-03-01-05.png	255	um	13.12
4766-011/4766-011-01-05-01.png	569	mo	13.59
1215-022/1215-022-02-01-10.png	142	nas	13.59
2329-036/2329-036-03-05-09.png	314	si	12.19
7862-038/7862-038-04-08-10.png	854	os	13.12
4545-108/4545-108-05-03-12.png	515	nas	9.97
7343-045/7343-045-03-01-10.png	775	uma	7.88
0584-031/0584-031-01-05-09.png	57	dos	13.12
0578-025/0578-025-03-02-15.png	54	um	9.97
0574-021/0574-021-03-01-04.png	52	do	13.56
1441-045/1441-045-02-04-19.png	158	ser	12.50
4765-010/4765-010-02-07-07.png	568	os	10.66
3040-017/3040-017-04-03-03.png	391	um	13.59
0258-050/0258-050-03-02-07.png	23	em	12.50
7014-027/7014-027-04-07-06.png	682	se	7.44
0258-050/0258-050-04-04-05.png	23	ou	11.78
9201-034/9201-034-01-05-04.png	981	na	10.50
2772-028/2772-028-03-05-06.png	373	são	13.12
8224-015/8224-015-03-04-03.png	907	os	11.72
7132-073/7132-073-01-05-09.png	698	uma	13.08
8451-045/8451-045-01-06-08.png	925	em	13.59
8481-075/8481-075-04-02-09.png	936	no	13.28
0687-078/0687-078-04-08-03.png	86	será	12.69
4783-002/4783-002-01-01-04.png	575	um	12.25
4884-049/4884-049-04-02-03.png	587	as	11.25
4791-010/4791-010-02-06-13.png	579	ou	12.69
8449-043/8449-043-02-06-14.png	924	ser	8.61
0991-017/0991-017-01-04-10.png	119	ao	12.66
7343-045/7343-045-02-02-14.png	775	essa	10.94
3652-022/3652-022-03-06-03.png	417	as	13.28
9199-032/9199-032-04-07-06.png	980	na	11.38
2632-018/2632-018-02-08-07.png	353	se	13.67
1646-035/1646-035-03-01-09.png	216	em	10.78
2329-036/2329-036-04-05-10.png	314	os	13.14
0226-018/0226-018-02-06-03.png	7	um	13.12
7272-074/7272-074-04-07-09.png	745	aos	11.14
7858-034/7858-034-02-05-11.png	850	uma	13.14
4247-016/4247-016-02-06-05.png	465	que	12.69
2780-036/2780-036-03-04-16.png	377	seu	9.28
4928-002/4928-002-02-02-08.png	593	aos	13.08
0572-019/0572-019-04-03-05.png	50	as	10.50
4743-306/4743-306-04-01-12.png	561	ocaso	12.69
4786-005/4786-005-02-06-05.png	576	as	12.69
8453-047/8453-047-04-05-07.png	926	do	10.00
7291-093/7291-093-02-06-13.png	763	se	12.66
2323-030/2323-030-04-01-05.png	312	da	13.56
7796-028/7796-028-01-02-07.png	840	na	12.59
4988-044/4988-044-03-09-08.png	608	de	13.12
4936-010/4936-010-03-01-14.png	598	no	13.67
0415-013/0415-013-04-02-06.png	26	sua	10.88
7803-035/7803-035-02-04-05.png	844	esse	12.25
1437-041/1437-041-04-02-08.png	155	as	12.19
8900-027/8900-027-03-06-15.png	963	suas	10.94
1444-048/1444-048-03-01-14.png	160	um	12.69
1683-072/1683-072-02-06-11.png	252	uma	12.50
8902-029/8902-029-03-04-02.png	964	ao	13.50
3652-022/3652-022-03-10-14.png	417	os	12.75
2129-079/2129-079-04-05-11.png	288	re-	12.19
6115-023/6115-023-02-02-16.png	635	que	12.50
7141-082/7141-082-04-06-10.png	707	se	11.25
6439-029/6439-029-03-05-14.png	655	uma	11.81
3638-008/3638-008-03-09-06.png	408	ao	13.59
0516-016/0516-016-02-07-01.png	32	no	13.08
0256-048/0256-048-01-06-12.png	22	os	13.12
1485-030/1485-030-01-03-02.png	176	no	11.48
2670-027/2670-027-03-06-13.png	366	um	8.31
6145-016/6145-016-02-03-10.png	642	seu	12.19
0554-001/0554-001-03-03-03.png	37	um	13.59
2248-048/2248-048-01-06-10.png	303	mas	11.38
0254-046/0254-046-02-05-03.png	21	um	9.52
2186-043/2186-043-02-06-12.png	293	com	11.38
7564-020/7564-020-03-07-04.png	792	em	10.50
7260-062/7260-062-02-06-16.png	735	ao	12.50
4775-020/4775-020-04-01-11.png	573	ao	13.28
6115-023/6115-023-01-03-09.png	635	que	12.59
7343-045/7343-045-04-01-09.png	775	em	12.23
0991-017/0991-017-02-04-06.png	119	ou	11.14
8471-065/8471-065-02-01-02.png	933	as	12.75
7787-019/7787-019-04-07-03.png	833	aos	11.78
6914-021/6914-021-01-05-08.png	676	no	13.50
0554-001/0554-001-04-03-05.png	37	em	13.08
4653-216/4653-216-03-06-09.png	541	de	10.06
4766-011/4766-011-03-08-02.png	569	um	13.12
0584-031/0584-031-03-07-10.png	57	ao	11.81
0293-015/0293-015-01-04-12.png	25	da	13.59
9306-009/9306-009-04-01-09.png	992	ao	11.88
2334-041/2334-041-01-07-09.png	317	as	13.12
2329-036/2329-036-03-08-10.png	314	os	13.12
1438-042/1438-042-04-03-01.png	156	ao	13.12
4985-041/4985-041-02-07-06.png	605	de	13.81
4623-186/4623-186-03-01-11.png	534	seu	13.28
4545-108/4545-108-04-05-13.png	515	ao	10.98
7621-077/7621-077-04-01-06.png	820	mais	11.72
8759-047/8759-047-02-06-08.png	960	sem	12.38
7269-071/7269-071-02-01-12.png	742	no	11.88
1661-050/1661-050-03-01-12.png	230	para	13.56
4791-010/4791-010-02-07-01.png	579	para	12.69
4766-011/4766-011-04-08-09.png	569	Com	12.69
1485-030/1485-030-03-04-14.png	176	uma	10.42
3637-007/3637-007-04-06-04.png	407	vez	13.12
4354-032/4354-032-02-03-15.png	490	mi-	13.59
1650-039/1650-039-03-02-08.png	220	das	13.56
1757-021/1757-021-03-03-11.png	263	como	11.78
7159-100/7159-100-01-05-01.png	722	na	13.08
4292-005/4292-005-05-03-12.png	475	ao	13.00
2784-040/2784-040-03-09-05.png	379	os	12.50
8904-031/8904-031-04-03-04.png	965	na	12.59
3650-020/3650-020-04-07-06.png	415	ao	10.42
1130-025/1130-025-04-02-08.png	135	as	13.56
0218-010/0218-010-04-06-14.png	3	em	11.38
0260-052/0260-052-02-01-13.png	24	no	11.50
1637-026/1637-026-02-08-03.png	207	como	13.12
6914-021/6914-021-04-01-10.png	676	em	12.66
7282-084/7282-084-01-02-10.png	755	ao	13.30
4997-053/4997-053-01-01-12.png	615	um	13.59
4766-011/4766-011-02-07-12.png	569	na	12.47
4995-051/4995-051-01-02-05.png	613	um	12.23
1215-022/1215-022-01-06-03.png	142	aos	13.56
2322-029/2322-029-02-02-02.png	311	se	13.59
2772-028/2772-028-03-07-11.png	373	do	11.72
0572-019/0572-019-04-04-13.png	50	as	11.33
4988-044/4988-044-02-06-11.png	608	alto	12.69
1492-037/1492-037-04-01-06.png	181	com	13.12
1729-018/1729-018-01-02-14.png	258	num	10.94
1660-049/1660-049-01-02-09.png	229	ao	13.50
0524-024/0524-024-02-04-04.png	36	no	12.23
7576-032/7576-032-03-06-17.png	798	seus	12.69
2189-046/2189-046-04-01-09.png	296	como	11.38
6115-023/6115-023-03-06-10.png	635	do	12.50
7585-041/7585-041-03-01-09.png	802	na	13.56
8621-069/8621-069-04-05-11.png	950	em	13.12
7048-011/7048-011-01-02-02.png	686	em	10.78
0683-074/0683-074-01-01-10.png	85	na	9.69
1628-017/1628-017-01-03-03.png	198	no	9.56
4775-020/4775-020-04-01-14.png	573	sua	9.62
2189-046/2189-046-03-02-10.png	296	com	11.33
1449-053/1449-053-03-01-08.png	165	em	12.59
7601-057/7601-057-04-05-17.png	810	uma	10.88
4463-026/4463-026-04-02-11.png	504	ser	11.62
0216-008/0216-008-05-06-04.png	2	por	13.50
1728-017/1728-017-01-03-12.png	257	ao	12.75
3652-022/3652-022-02-03-09.png	417	na	10.42
2776-032/2776-032-03-06-06.png	375	que	12.19
0573-020/0573-020-01-03-10.png	51	um	11.62
1731-020/1731-020-01-02-06.png	259	de	13.50
1627-016/1627-016-01-01-13.png	197	um	12.23
7785-017/7785-017-04-03-06.png	832	na	10.78
1683-072/1683-072-04-02-12.png	252	men-	13.59
7288-090/7288-090-02-06-09.png	761	em	13.08
7136-077/7136-077-04-06-10.png	702	vício	13.56
4259-028/4259-028-01-02-07.png	467	um	11.33
8749-037/8749-037-02-05-11.png	955	em	10.83
1663-052/1663-052-02-08-06.png	232	em	13.14
7269-071/7269-071-03-08-03.png	742	uma	9.62
4775-020/4775-020-03-03-12.png	573	como	9.38
6914-021/6914-021-01-05-04.png	676	os	13.00
4767-012/4767-012-01-03-08.png	570	seus	13.14
8517-011/8517-011-03-03-10.png	940	sua	13.08
6145-016/6145-016-04-03-04.png	642	ao	13.00
8449-043/8449-043-02-02-11.png	924	em	10.50
7789-021/7789-021-02-08-11.png	835	em	10.94
2497-040/2497-040-02-06-02.png	337	se	12.69
4900-065/4900-065-03-01-15.png	588	se	12.69
4265-034/4265-034-03-04-09.png	470	no	11.62
4766-011/4766-011-04-01-10.png	569	um	13.50
1669-058/1669-058-02-03-04.png	238	as	11.14
6946-028/6946-028-03-02-04.png	680	os	13.12
3682-052/3682-052-04-02-12.png	433	em	10.00
1650-039/1650-039-04-02-12.png	220	os	13.45
2189-046/2189-046-03-01-15.png	296	nesse	9.62
2485-028/2485-028-01-03-06.png	331	em	12.25
4545-108/4545-108-04-07-13.png	515	na	11.14
7177-118/7177-118-03-02-13.png	733	as	13.88
2634-020/2634-020-02-02-08.png	355	no	13.59
0555-002/0555-002-03-07-07.png	38	como	13.08
0565-012/0565-012-01-05-06.png	45	na	12.00
2374-081/2374-081-03-09-06.png	329	com	12.50
4982-038/4982-038-04-01-06.png	604	no	12.25
1669-058/1669-058-03-02-05.png	238	associado	12.69
4408-086/4408-086-01-05-06.png	493	um	7.25
0645-036/0645-036-02-07-03.png	68	dos	11.81
7807-039/7807-039-04-05-09.png	848	as	13.59
4259-028/4259-028-03-03-13.png	467	uma	8.31
3650-020/3650-020-03-07-06.png	415	no	11.14
6394-019/6394-019-04-02-16.png	647	meio	13.14
7046-009/7046-009-02-05-17.png	685	em	11.62
2780-036/2780-036-04-05-08.png	377	na	13.50
9201-034/9201-034-04-01-06.png	981	se	13.81
4884-049/4884-049-03-06-04.png	587	as	13.81
1656-045/1656-045-02-05-16.png	226	com	13.59
8896-023/8896-023-04-01-14.png	961	no	10.31
1684-073/1684-073-03-08-12.png	253	um	13.56
7787-019/7787-019-03-03-08.png	833	para	13.12
1652-041/1652-041-01-06-11.png	222	casos	12.23
7282-084/7282-084-04-08-04.png	755	as	13.00
7601-057/7601-057-03-02-07.png	810	um	12.11
1621-010/1621-010-03-07-08.png	191	os	10.83
0995-021/0995-021-01-03-07.png	123	no	12.69
7134-075/7134-075-03-01-09.png	700	um	8.72
2372-079/2372-079-04-03-09.png	328	em	12.11
7271-073/7271-073-02-09-04.png	744	na	13.00
7439-088/7439-088-01-01-02.png	787	sua	12.23
0579-026/0579-026-04-03-03.png	55	na	10.78
4789-008/4789-008-01-07-02.png	577	dos	13.56
4775-020/4775-020-01-02-13.png	573	na	11.25
1481-026/1481-026-02-03-05.png	172	com	11.62
1492-037/1492-037-02-02-18.png	181	nas	13.12
7343-045/7343-045-03-08-04.png	775	um	10.50
6115-023/6115-023-01-05-06.png	635	esse	12.25
4987-043/4987-043-02-03-11.png	607	os	13.59
1481-026/1481-026-01-02-04.png	172	no	13.12
7283-085/7283-085-04-02-03.png	756	em	12.69
8447-041/8447-041-01-02-08.png	923	se	13.50
0701-092/0701-092-04-05-09.png	93	no	12.19
1129-024/1129-024-04-02-16.png	134	ne-	11.78
2249-049/2249-049-03-03-11.png	304	nas	11.62
6946-028/6946-028-02-06-09.png	680	as	13.50
0693-084/0693-084-01-04-14.png	89	uma	10.42
0567-014/0567-014-04-04-09.png	47	os	13.56
7585-041/7585-041-04-06-06.png	802	ocorram	10.06
4775-020/4775-020-03-07-20.png	573	isso	13.56
0258-050/0258-050-04-05-08.png	23	no	13.08
4773-018/4773-018-04-01-08.png	572	ao	12.66
7272-074/7272-074-03-08-12.png	745	em	12.11
1729-018/1729-018-02-06-10.png	258	as	13.88
6394-019/6394-019-02-01-03.png	647	ao	11.48
8459-053/8459-053-04-03-06.png	929	nas	11.33
6145-016/6145-016-01-03-05.png	642	aos	13.12
8224-015/8224-015-02-07-05.png	907	de	13.14
1126-021/1126-021-01-06-08.png	131	no	13.56
4247-016/4247-016-03-01-17.png	465	com	13.59
0775-036/0775-036-03-03-04.png	102	um	9.38
7135-076/7135-076-02-07-04.png	701	no	11.81
2607-024/2607-024-03-03-09.png	346	em	12.66
8441-035/8441-035-02-03-03.png	921	ao	13.00
6478-008/6478-008-02-05-04.png	657	em	12.50
6406-031/6406-031-02-02-14.png	653	com	10.94
4482-045/4482-045-04-09-11.png	506	para	13.56
4988-044/4988-044-05-04-08.png	608	de	12.69
7135-076/7135-076-03-02-09.png	701	as	12.59
1630-019/1630-019-04-03-02.png	200	com	11.33
0641-032/0641-032-03-02-14.png	66	ser	13.67
7144-085/7144-085-03-07-03.png	710	na	11.25
0258-050/0258-050-02-07-10.png	23	na	12.58
6907-014/6907-014-02-08-20.png	671	pois	12.66
3644-014/3644-014-03-02-10.png	411	as	12.50
7284-086/7284-086-04-03-11.png	757	os	10.66
8243-012/8243-012-01-01-04.png	911	em	13.56
4352-030/4352-030-04-07-02.png	489	os	11.14
4783-002/4783-002-04-01-08.png	575	no	13.56
1432-036/1432-036-01-07-06.png	150	no	13.56
7175-116/7175-116-03-07-10.png	732	sem	9.19
7014-027/7014-027-02-09-12.png	682	no	13.12
1469-014/1469-014-04-07-11.png	166	no	11.72
3649-019/3649-019-03-06-07.png	414	ao	10.69
7291-093/7291-093-03-06-06.png	763	os	12.59
4292-005/4292-005-02-06-04.png	475	os	13.00
1633-022/1633-022-01-01-10.png	203	os	13.14
4234-003/4234-003-01-04-13.png	462	do	13.12
7564-020/7564-020-04-05-17.png	792	ao	10.83
7272-074/7272-074-04-04-14.png	745	essas	9.62
0224-016/0224-016-03-04-06.png	6	em	12.50
8121-023/8121-023-02-05-10.png	883	aos	13.59
0566-013/0566-013-04-02-10.png	46	ao	12.00
2776-032/2776-032-03-06-15.png	375	mas	13.12
0693-084/0693-084-02-07-09.png	89	em	12.72
1650-039/1650-039-04-07-18.png	220	serem	10.42
7134-075/7134-075-02-05-13.png	700	um	11.81
7336-038/7336-038-03-05-02.png	768	ou	10.09
1729-018/1729-018-01-04-15.png	258	no	11.56
7867-043/7867-043-03-04-09.png	859	as	12.50
0647-038/0647-038-02-05-07.png	69	uma	12.23
3512-016/3512-016-04-02-12.png	398	no	12.66
7134-075/7134-075-02-04-03.png	700	nas	11.81
1669-058/1669-058-03-04-05.png	238	como	9.50
7343-045/7343-045-03-02-06.png	775	as	13.28
1628-017/1628-017-01-03-06.png	198	nas	11.62
8439-033/8439-033-03-01-14.png	920	sua	11.81
0234-026/0234-026-02-05-11.png	11	um	10.17
7269-071/7269-071-04-06-05.png	742	com	9.69
6946-028/6946-028-01-04-11.png	680	as	10.39
2669-026/2669-026-04-06-14.png	365	os	13.50
1646-035/1646-035-03-09-07.png	216	no	12.75
7159-100/7159-100-04-08-11.png	722	no	13.08
4354-032/4354-032-03-02-11.png	490	nos	12.69
4766-011/4766-011-02-02-04.png	569	nas	12.23
6914-021/6914-021-03-05-07.png	676	meio	9.62
0216-008/0216-008-03-04-12.png	2	os	12.94
2513-056/2513-056-02-06-13.png	341	um	12.66
6115-023/6115-023-03-02-11.png	635	com	9.52
7287-089/7287-089-04-02-09.png	760	em	12.25
1492-037/1492-037-04-02-13.png	181	nas	13.12
1654-043/1654-043-03-02-05.png	224	uma	12.75
8759-047/8759-047-01-05-04.png	960	nos	12.11
4448-011/4448-011-02-04-10.png	502	os	13.59
1654-043/1654-043-02-03-06.png	224	as	13.67
0254-046/0254-046-04-02-10.png	21	ao	13.28
2119-069/2119-069-01-04-11.png	280	no	13.56
8516-010/8516-010-04-01-05.png	939	seu	12.59
0649-040/0649-040-03-03-13.png	70	no	13.50
7871-047/7871-047-04-05-14.png	863	acerca	13.59
1437-041/1437-041-03-01-03.png	155	em	12.59
0775-036/0775-036-03-01-10.png	102	em	10.17
0415-013/0415-013-01-03-14.png	26	no	11.25
0234-026/0234-026-03-01-08.png	11	na	10.66
7601-057/7601-057-01-04-12.png	810	uma	12.19
4790-009/4790-009-03-04-13.png	578	uma	10.06
1441-045/1441-045-01-01-04.png	158	no	11.81
2329-036/2329-036-02-03-07.png	314	se	12.69
3633-003/3633-003-03-08-05.png	405	da	11.81
4259-028/4259-028-01-03-03.png	467	se	11.56
7286-088/7286-088-03-06-06.png	759	as	13.59
2780-036/2780-036-03-04-07.png	377	um	12.69
0574-021/0574-021-02-06-04.png	52	as	12.22
8243-012/8243-012-02-05-02.png	911	ou	13.75
5823-021/5823-021-03-04-01.png	626	cos	11.72
4577-140/4577-140-02-06-12.png	523	que	12.69
0226-018/0226-018-01-02-13.png	7	na	12.00
6690-040/6690-040-01-03-06.png	663	ser	10.94
7153-094/7153-094-02-07-03.png	717	ou	10.06
8223-014/8223-014-03-04-09.png	906	os	13.67
1729-018/1729-018-02-06-02.png	258	ao	11.56
7587-043/7587-043-02-05-10.png	803	ao	7.50
0224-016/0224-016-04-05-14.png	6	ao	13.59
7152-093/7152-093-03-01-07.png	716	em	12.00
8471-065/8471-065-03-04-06.png	933	aos	10.83
7269-071/7269-071-02-01-14.png	742	em	11.50
0571-018/0571-018-04-05-02.png	49	em	13.59
4448-011/4448-011-05-03-11.png	502	no	13.50
4463-026/4463-026-02-02-08.png	504	na	11.16
0250-042/0250-042-02-07-06.png	19	ao	11.62
0234-026/0234-026-03-05-04.png	11	na	11.86
7785-017/7785-017-02-03-19.png	832	sua	13.56
0254-046/0254-046-03-06-09.png	21	ela	12.25
1683-072/1683-072-02-05-02.png	252	nas	12.89
9197-030/9197-030-04-02-06.png	979	ao	9.97
7048-011/7048-011-04-04-13.png	686	de	13.67
1729-018/1729-018-02-07-10.png	258	em	13.56
8449-043/8449-043-02-05-17.png	924	as	11.69
2186-043/2186-043-01-01-13.png	293	as	12.47
8243-012/8243-012-03-02-14.png	911	con-	13.14
7282-084/7282-084-02-02-09.png	755	na	12.14
7272-074/7272-074-03-03-11.png	745	no	11.48
1425-029/1425-029-01-01-04.png	145	no	13.59
7136-077/7136-077-02-06-18.png	702	um	12.75
4789-008/4789-008-01-01-01.png	577	No	13.56
1628-017/1628-017-02-07-10.png	198	em	10.94
2670-027/2670-027-04-02-16.png	366	os	12.75
4424-102/4424-102-02-02-05.png	498	ao	13.28
6115-023/6115-023-02-07-10.png	635	que	12.50
6476-006/6476-006-04-05-13.png	656	em	12.25
7131-072/7131-072-04-05-17.png	697	ci-	12.50
8904-031/8904-031-02-02-14.png	965	esses	12.25
1728-017/1728-017-02-02-01.png	257	um	13.14
3633-003/3633-003-03-07-03.png	405	ou	12.22
7286-088/7286-088-04-04-03.png	759	os	10.50
7789-021/7789-021-04-02-03.png	835	ao	13.00
1129-024/1129-024-02-04-08.png	134	na	13.00
7576-032/7576-032-01-02-14.png	798	sua	10.42
7159-100/7159-100-04-06-15.png	722	cur-	12.25
0647-038/0647-038-03-05-10.png	69	nos	11.25
4247-016/4247-016-04-08-12.png	465	no	12.50
1669-058/1669-058-04-01-06.png	238	associado	13.56
7576-032/7576-032-03-04-06.png	798	na	13.08
7439-088/7439-088-01-02-06.png	787	no	12.58
8759-047/8759-047-03-01-11.png	960	seu	12.75
5651-034/5651-034-02-04-10.png	624	uma	10.50
4786-005/4786-005-01-03-09.png	576	um	10.94
7861-037/7861-037-01-01-11.png	853	as	11.33
7138-079/7138-079-02-07-08.png	704	no	13.00
4934-008/4934-008-02-01-07.png	597	deve	13.56
4247-016/4247-016-03-03-17.png	465	um	11.25
7268-070/7268-070-02-08-04.png	741	em	10.88
4586-149/4586-149-03-04-16.png	525	as	13.59
7621-077/7621-077-03-02-06.png	820	como	11.81
7564-020/7564-020-04-02-15.png	792	de	13.12
2249-049/2249-049-02-04-10.png	304	ser	13.56
4775-020/4775-020-01-01-08.png	573	na	6.78
7859-035/7859-035-03-04-02.png	851	sua	13.59
4995-051/4995-051-04-04-07.png	613	no	11.14
1669-058/1669-058-04-01-10.png	238	na	13.12
4352-030/4352-030-05-02-03.png	489	que	11.50
4448-011/4448-011-05-05-02.png	502	ao	10.17
4623-186/4623-186-02-04-08.png	534	que	11.78
4448-011/4448-011-04-08-03.png	502	ao	12.66
7282-084/7282-084-02-04-12.png	755	ao	11.81
4985-041/4985-041-05-01-12.png	605	ser	12.19
1129-024/1129-024-03-07-01.png	134	rar	11.38
0573-020/0573-020-01-01-07.png	51	uma	9.52
6439-029/6439-029-02-03-09.png	655	nas	13.00
1449-053/1449-053-03-06-11.png	165	com	13.12
7159-100/7159-100-03-03-11.png	722	um	11.38
7589-045/7589-045-03-06-13.png	804	no	13.56
7576-032/7576-032-02-04-16.png	798	em	13.00
2637-023/2637-023-04-07-04.png	358	aos	10.94
4765-010/4765-010-04-06-01.png	568	na	13.59
7424-073/7424-073-02-02-04.png	783	em	13.14
0573-020/0573-020-03-09-09.png	51	ser	13.59
7601-057/7601-057-03-02-21.png	810	que	13.59
4294-007/4294-007-03-04-01.png	477	em	10.50
1485-030/1485-030-02-06-06.png	176	os	12.19
6137-008/6137-008-02-01-16.png	637	no	13.50
1633-022/1633-022-02-03-08.png	203	seu	11.25
0567-014/0567-014-03-02-01.png	47	va	13.12
7282-084/7282-084-03-02-18.png	755	sua	11.72
6478-008/6478-008-04-01-02.png	657	cabe	13.59
7340-042/7340-042-02-01-14.png	772	men-	12.25
8463-057/8463-057-04-07-08.png	930	em	11.78
7152-093/7152-093-03-01-12.png	716	uma	10.06
6402-027/6402-027-02-01-11.png	651	nos	12.11
7589-045/7589-045-02-05-12.png	804	na	12.19
7437-086/7437-086-04-07-12.png	786	de	12.69
7437-086/7437-086-01-04-04.png	786	se	13.50
2339-046/2339-046-02-09-12.png	320	se	13.00
4577-140/4577-140-03-06-02.png	523	em	11.78
6404-029/6404-029-04-09-01.png	652	ça	12.38
1729-018/1729-018-01-07-03.png	258	mas	12.00
2372-079/2372-079-01-03-03.png	328	se	12.58
6115-023/6115-023-04-03-03.png	635	que	12.19
7859-035/7859-035-03-01-10.png	851	nos	13.59
7282-084/7282-084-02-01-15.png	755	com	10.50
0216-008/0216-008-03-01-04.png	2	no	13.12
2124-074/2124-074-04-06-11.png	285	da	13.59
8453-047/8453-047-02-08-05.png	926	no	13.59
1441-045/1441-045-04-06-07.png	158	no	9.38
2183-040/2183-040-01-04-09.png	290	na	13.08
4536-099/4536-099-02-01-08.png	514	no	12.25
8459-053/8459-053-01-08-03.png	929	ser	11.25
7152-093/7152-093-02-06-06.png	716	em	10.09
4265-034/4265-034-03-04-02.png	470	no	13.08
6394-019/6394-019-04-07-07.png	647	por	11.16
8449-043/8449-043-01-02-06.png	924	seu	11.62
7159-100/7159-100-02-06-04.png	722	no	12.69
0583-030/0583-030-02-05-13.png	56	imer-	13.56
1601-040/1601-040-04-03-08.png	189	meio	11.81
7136-077/7136-077-04-05-08.png	702	uma	12.59
8749-037/8749-037-04-05-07.png	955	as	12.38
8904-031/8904-031-03-04-14.png	965	sua	13.56
0579-026/0579-026-03-04-06.png	55	nas	11.25
0228-020/0228-020-01-06-12.png	8	de	13.56
4313-009/4313-009-03-07-12.png	486	mas	13.59
2606-023/2606-023-01-01-05.png	345	na	12.11
4412-090/4412-090-01-04-02.png	494	visto	12.69
6139-010/6139-010-02-01-15.png	638	ma-	13.28
0424-022/0424-022-02-07-07.png	28	na	13.12
2329-036/2329-036-04-09-11.png	314	que	12.25
1652-041/1652-041-01-04-02.png	222	excesso	12.69
1661-050/1661-050-01-03-12.png	230	no	9.80
2331-038/2331-038-03-09-08.png	316	os	12.66
5826-024/5826-024-05-03-03.png	629	essa	12.69
7175-116/7175-116-04-06-13.png	732	com	10.50
2511-054/2511-054-04-07-12.png	340	ao	12.75
7722-088/7722-088-02-08-02.png	830	na	11.78
0565-012/0565-012-04-03-06.png	45	em	10.66
0574-021/0574-021-04-04-02.png	52	por	9.06
1646-035/1646-035-03-08-08.png	216	um	13.12
3682-052/3682-052-03-03-04.png	433	um	12.69
6394-019/6394-019-04-03-06.png	647	em	10.42
7346-048/7346-048-02-02-05.png	778	no	11.72
1650-039/1650-039-02-05-22.png	220	ce-	10.31
1661-050/1661-050-04-01-11.png	230	ao	11.62
1663-052/1663-052-02-04-11.png	232	nem	13.67
1485-030/1485-030-02-03-13.png	176	aos	10.17
7282-084/7282-084-03-03-12.png	755	ser	12.58
2249-049/2249-049-04-01-13.png	304	às	11.14
1729-018/1729-018-03-06-09.png	258	com	12.59
9306-009/9306-009-03-07-09.png	992	ser	11.14
1481-026/1481-026-03-04-04.png	172	ao	12.66
1441-045/1441-045-03-06-15.png	158	no	13.59
9201-034/9201-034-03-01-13.png	981	ou	12.69
7576-032/7576-032-01-04-04.png	798	no	9.50
0645-036/0645-036-03-04-05.png	68	sua	11.81
3040-017/3040-017-04-05-03.png	391	em	13.12
7621-077/7621-077-01-06-03.png	820	no	11.69
8759-047/8759-047-04-09-05.png	960	seu	12.25
4930-004/4930-004-03-07-05.png	595	uma	8.75
1650-039/1650-039-03-06-02.png	220	na	11.25
4463-026/4463-026-04-04-11.png	504	ser	12.69
4936-010/4936-010-03-03-16.png	598	com	13.00
7794-026/7794-026-02-01-07.png	838	em	10.88
7162-103/7162-103-03-06-07.png	725	ao	13.14
2782-038/2782-038-02-04-09.png	378	se	10.83
0573-020/0573-020-03-09-04.png	51	com	12.69
3652-022/3652-022-02-05-20.png	417	esca-	11.38
0586-033/0586-033-03-07-13.png	58	um	13.12
4312-008/4312-008-03-03-06.png	485	um	11.50
1646-035/1646-035-03-08-17.png	216	uma	12.19
7282-084/7282-084-04-03-04.png	755	com	13.59
4934-008/4934-008-01-02-20.png	597	no	10.98
7348-050/7348-050-04-03-12.png	780	nas	12.59
7793-025/7793-025-01-05-05.png	837	os	13.56
3652-022/3652-022-02-03-22.png	417	in-	13.56
1485-030/1485-030-02-05-05.png	176	no	13.44
1214-021/1214-021-04-04-06.png	141	nos	12.50
4789-008/4789-008-02-05-04.png	577	do	13.14
8439-033/8439-033-02-04-15.png	920	nas	12.19
4672-235/4672-235-02-04-14.png	545	as	13.59
0560-007/0560-007-03-03-16.png	41	ao	12.03
7587-043/7587-043-02-07-05.png	803	novo	13.56
5823-021/5823-021-05-04-07.png	626	em	12.69
4624-187/4624-187-02-03-12.png	535	os	12.69
6112-020/6112-020-01-03-06.png	632	com	13.12
8757-045/8757-045-01-05-11.png	959	esse	13.59
1726-015/1726-015-01-04-10.png	255	em	13.12
4463-026/4463-026-05-05-06.png	504	as	10.50
1625-014/1625-014-03-06-08.png	195	se	11.33
1621-010/1621-010-01-06-14.png	191	no	13.50
7175-116/7175-116-01-03-01.png	732	uso	12.11
1624-013/1624-013-01-04-08.png	194	um	12.50
0578-025/0578-025-03-05-10.png	54	em	11.50
0256-048/0256-048-03-06-02.png	22	ao	12.23
1637-026/1637-026-02-05-09.png	207	esfera	13.56
7585-041/7585-041-03-04-06.png	802	ao	12.19
0256-048/0256-048-04-01-09.png	22	ao	12.66
7585-041/7585-041-01-04-15.png	802	se-	13.14
1437-041/1437-041-01-05-11.png	155	na	13.67
2633-019/2633-019-03-05-13.png	354	na	12.59
4259-028/4259-028-03-02-05.png	467	meio	11.38
7576-032/7576-032-04-04-12.png	798	meio	12.69
7048-011/7048-011-01-02-10.png	686	de	12.25
0252-044/0252-044-03-03-10.png	20	na	13.28
1621-010/1621-010-01-04-04.png	191	uma	13.12
2511-054/2511-054-04-02-10.png	340	os	11.50
2189-046/2189-046-02-03-15.png	296	em	12.66
4354-032/4354-032-03-03-09.png	490	da	11.00
2249-049/2249-049-02-03-10.png	304	um	8.00
7807-039/7807-039-03-01-04.png	848	no	12.25
4985-041/4985-041-02-03-07.png	605	esse	12.19
4354-032/4354-032-04-03-13.png	490	mais	8.31
2108-058/2108-058-03-03-07.png	274	ou	12.69
7787-019/7787-019-02-03-13.png	833	um	9.69
4934-008/4934-008-02-01-18.png	597	um	13.56
7174-115/7174-115-01-02-09.png	731	no	13.12
7269-071/7269-071-04-03-02.png	742	ao	12.19
5826-024/5826-024-04-02-03.png	629	esse	13.59
4910-075/4910-075-02-05-08.png	589	se	13.00
1726-015/1726-015-02-04-13.png	255	ser	12.59
2372-079/2372-079-02-07-11.png	328	com	12.69
7136-077/7136-077-03-06-17.png	702	em	12.75
8224-015/8224-015-03-08-04.png	907	no	11.78
1641-030/1641-030-01-03-02.png	211	na	11.25
2331-038/2331-038-02-09-07.png	316	ao	13.59
8749-037/8749-037-01-01-17.png	955	ao	13.12
8904-031/8904-031-01-04-05.png	965	uma	12.19
0578-025/0578-025-02-06-15.png	54	os	9.30
6914-021/6914-021-03-03-14.png	676	na	12.58
7437-086/7437-086-01-07-11.png	786	das	13.12
1641-030/1641-030-04-04-02.png	211	as	13.81
7589-045/7589-045-01-05-17.png	804	no	10.62
7789-021/7789-021-04-04-03.png	835	em	12.69
0579-026/0579-026-03-04-02.png	55	se	12.66
6115-023/6115-023-02-08-14.png	635	os	13.30
4554-117/4554-117-02-07-07.png	517	seu	12.66
4293-006/4293-006-05-04-12.png	476	seus	12.69
7134-075/7134-075-04-02-05.png	700	em	11.50
4356-034/4356-034-02-07-06.png	491	as	12.25
6394-019/6394-019-01-02-12.png	647	as	12.72
1123-018/1123-018-01-05-07.png	129	seus	13.12
5825-023/5825-023-03-07-04.png	628	em	13.12
1492-037/1492-037-04-03-13.png	181	com	13.14
7132-073/7132-073-03-06-14.png	698	suas	12.66
4583-146/4583-146-04-05-09.png	524	as	13.12
7153-094/7153-094-03-05-04.png	717	na	12.23
1449-053/1449-053-01-04-07.png	165	com	12.69
7136-077/7136-077-01-01-16.png	702	esse	11.38
1683-072/1683-072-04-02-10.png	252	as	13.59
8516-010/8516-010-02-08-07.png	939	na	12.23
7990-044/7990-044-02-03-14.png	873	as	13.14
7439-088/7439-088-02-08-05.png	787	ao	10.31
2786-042/2786-042-02-05-06.png	380	um	11.38
7863-039/7863-039-03-06-10.png	855	no	11.16
0250-042/0250-042-04-05-15.png	19	em	13.59
1444-048/1444-048-03-08-03.png	160	de	11.14
1728-017/1728-017-03-01-05.png	257	do	13.50
4900-065/4900-065-04-02-09.png	588	de	12.25
7724-090/7724-090-01-03-02.png	831	as	13.08
0574-021/0574-021-02-03-06.png	52	os	13.50
7048-011/7048-011-02-08-16.png	686	de	12.50
7587-043/7587-043-04-03-03.png	803	as	10.00
0997-023/0997-023-04-01-17.png	124	como	12.69
1628-017/1628-017-04-03-10.png	198	ao	10.12
0234-026/0234-026-01-07-04.png	11	seu	13.59
7134-075/7134-075-02-06-07.png	700	nos	12.11
3127-008/3127-008-01-02-07.png	394	em	12.25
4910-075/4910-075-04-01-07.png	589	se	12.69
7145-086/7145-086-04-05-07.png	711	com	10.78
0651-042/0651-042-03-02-01.png	71	um	13.67
7268-070/7268-070-04-03-07.png	741	as	12.22
0651-042/0651-042-02-07-16.png	71	um	13.56
0693-084/0693-084-02-09-09.png	89	uma	10.00
8904-031/8904-031-01-05-05.png	965	aos	12.23
1629-018/1629-018-01-04-08.png	199	um	12.25
7267-069/7267-069-01-01-16.png	740	com	11.62
2610-027/2610-027-04-04-11.png	349	um	13.12
6911-018/6911-018-03-08-10.png	673	em	13.12
1637-026/1637-026-04-03-11.png	207	do	13.92
7135-076/7135-076-04-04-04.png	701	Lei	13.41
8248-017/8248-017-02-05-05.png	915	os	11.62
6404-029/6404-029-01-02-10.png	652	em	13.41
7286-088/7286-088-03-01-13.png	759	um	12.25
2772-028/2772-028-02-06-06.png	373	está	11.78
2511-054/2511-054-04-05-12.png	340	nas	11.81
1628-017/1628-017-03-03-08.png	198	com	9.97
0564-011/0564-011-04-03-07.png	44	seu	13.56
7587-043/7587-043-04-02-10.png	803	acessos	12.69
0995-021/0995-021-01-04-06.png	123	se	13.59
4352-030/4352-030-04-03-08.png	489	as	12.25
7267-069/7267-069-04-06-09.png	740	os	13.12
6392-017/6392-017-03-04-13.png	646	uma	13.12
0214-006/0214-006-04-04-11.png	1	de	12.11
7282-084/7282-084-02-05-19.png	755	como	9.62
6439-029/6439-029-04-02-15.png	655	nas	13.00
2784-040/2784-040-03-09-02.png	379	em	12.25
4623-186/4623-186-02-03-14.png	534	esse	9.84
0669-060/0669-060-04-05-06.png	80	na	12.25
4247-016/4247-016-04-03-13.png	465	com	12.69
2666-023/2666-023-04-05-11.png	363	or-	13.59
7145-086/7145-086-02-04-02.png	711	na	13.00
2106-056/2106-056-02-02-10.png	272	uma	13.12
7048-011/7048-011-04-04-15.png	686	as	7.44
7576-032/7576-032-01-05-14.png	798	nos	10.78
0254-046/0254-046-04-01-07.png	21	no	9.50
0293-015/0293-015-02-02-14.png	25	de	13.00
8243-012/8243-012-02-06-03.png	911	sem	13.56
1652-041/1652-041-03-05-09.png	222	esse	12.00
6116-024/6116-024-01-03-15.png	636	as	13.56
0667-058/0667-058-02-07-06.png	79	um	12.23
1663-052/1663-052-02-03-14.png	232	um	12.00
8471-065/8471-065-03-03-12.png	933	as	10.00
1652-041/1652-041-02-10-03.png	222	em	13.59
2186-043/2186-043-01-02-13.png	293	uma	12.25
7601-057/7601-057-01-05-10.png	810	na	13.92
7283-085/7283-085-04-05-05.png	756	da	12.25
7267-069/7267-069-01-04-07.png	740	com	12.69
6946-028/6946-028-03-08-14.png	680	sua	11.38
7134-075/7134-075-01-05-15.png	700	no	13.56
4987-043/4987-043-02-05-08.png	607	ser	12.25
8757-045/8757-045-04-02-10.png	959	as	11.78
2374-081/2374-081-03-04-17.png	329	se	12.22
4568-131/4568-131-04-01-13.png	520	ao	11.72
9199-032/9199-032-02-01-13.png	980	na	11.62
6402-027/6402-027-02-02-11.png	651	na	11.50
4766-011/4766-011-04-06-02.png	569	nas	13.14
3652-022/3652-022-01-02-17.png	417	era	13.56
0573-020/0573-020-02-07-10.png	51	um	11.33
7796-028/7796-028-02-07-04.png	840	as	13.50
4292-005/4292-005-03-03-12.png	475	nas	12.19
6115-023/6115-023-02-07-13.png	635	de	11.48
8471-065/8471-065-02-04-06.png	933	as	11.14
1474-019/1474-019-04-03-01.png	167	meio	12.66
7136-077/7136-077-01-01-18.png	702	com-	12.59
2613-030/2613-030-02-06-07.png	352	em	13.59
4623-186/4623-186-05-02-09.png	534	ao	12.59
2497-040/2497-040-02-04-07.png	337	um	11.78
7794-026/7794-026-01-04-07.png	838	sua	12.19
0579-026/0579-026-04-04-10.png	55	nas	11.50
7796-028/7796-028-04-03-01.png	840	de	13.59
0514-014/0514-014-03-04-06.png	31	um	11.38
7587-043/7587-043-02-05-07.png	803	ao	12.59
7340-042/7340-042-02-06-02.png	772	ao	12.38
7269-071/7269-071-04-04-08.png	742	às	13.50
8469-063/8469-063-01-03-03.png	932	de	13.12
8471-065/8471-065-01-02-08.png	933	esse	9.62
7587-043/7587-043-04-05-05.png	803	como	12.50
3670-040/3670-040-03-04-08.png	422	ao	13.56
2786-042/2786-042-05-04-10.png	380	na	11.72
1641-030/1641-030-03-04-08.png	211	um	10.17
1649-038/1649-038-03-06-05.png	219	com	13.59
4775-020/4775-020-03-02-17.png	573	ser	12.14
7347-049/7347-049-02-08-09.png	779	da	11.81
3633-003/3633-003-02-03-03.png	405	se	13.50
4775-020/4775-020-03-08-10.png	573	sua	10.00
1669-058/1669-058-02-07-03.png	238	no	11.62
2632-018/2632-018-03-04-05.png	353	as	12.19
2123-073/2123-073-01-06-12.png	284	um	12.69
3650-020/3650-020-03-05-03.png	415	os	12.59
7140-081/7140-081-03-04-05.png	706	no	12.59
1669-058/1669-058-02-08-05.png	238	ser	13.92
7145-086/7145-086-03-07-06.png	711	na	11.62
2114-064/2114-064-02-02-01.png	279	um	10.94
1662-051/1662-051-04-02-07.png	231	em	13.08
4488-051/4488-051-04-05-15.png	507	ou	13.59
7175-116/7175-116-03-04-04.png	732	ese	9.52
0560-007/0560-007-02-06-14.png	41	uma	12.25
9201-034/9201-034-01-05-06.png	981	uma	9.62
7049-012/7049-012-03-06-14.png	687	em	12.22
4884-049/4884-049-02-01-13.png	587	em	10.78
3637-007/3637-007-02-04-18.png	407	seus	12.23
7864-040/7864-040-03-06-09.png	856	os	13.50
1128-023/1128-023-04-07-03.png	133	ou	13.12
0554-001/0554-001-03-05-04.png	37	ou	13.56
7343-045/7343-045-03-05-07.png	775	em	13.59
7336-038/7336-038-03-04-14.png	768	na	13.14
7175-116/7175-116-01-02-11.png	732	ao	10.36
7863-039/7863-039-01-05-07.png	855	ao	13.50
8621-069/8621-069-03-03-09.png	950	se	13.67
1432-036/1432-036-01-05-04.png	150	as	13.56
4789-008/4789-008-01-05-09.png	577	da	11.81
1663-052/1663-052-03-07-03.png	232	as	13.50
4598-161/4598-161-02-03-03.png	528	esse	13.59
7175-116/7175-116-03-07-07.png	732	aos	13.12
0516-016/0516-016-05-06-05.png	32	no	13.12
1129-024/1129-024-03-02-12.png	134	no	11.25
7152-093/7152-093-01-05-04.png	716	nos	13.12
7585-041/7585-041-01-02-03.png	802	no	13.41
0228-020/0228-020-01-05-14.png	8	no	13.59
1731-020/1731-020-03-01-09.png	259	um	11.33
2186-043/2186-043-03-02-13.png	293	com	12.69
2670-027/2670-027-04-06-14.png	366	para	12.23
7272-074/7272-074-03-07-11.png	745	em	9.20
3638-008/3638-008-03-08-06.png	408	em	13.56
0565-012/0565-012-04-08-11.png	45	no	13.92
7048-011/7048-011-02-04-02.png	686	as	10.66
0687-078/0687-078-03-05-03.png	86	de	12.66
0555-002/0555-002-04-01-12.png	38	uma	13.00
1633-022/1633-022-03-04-03.png	203	ao	13.56
9197-030/9197-030-02-03-02.png	979	no	9.19
7135-076/7135-076-02-02-13.png	701	em	12.59
2780-036/2780-036-05-05-06.png	377	vez	12.50
0665-056/0665-056-04-03-09.png	78	da	13.59
0775-036/0775-036-03-03-09.png	102	um	8.91
1663-052/1663-052-02-09-11.png	232	sua	13.59
0830-026/0830-026-02-03-14.png	104	os	13.08
3633-003/3633-003-03-06-14.png	405	em	13.56
8759-047/8759-047-01-01-03.png	960	na	11.69
1726-015/1726-015-04-06-06.png	255	seu	13.14
4856-021/4856-021-03-06-08.png	583	na	12.75
7589-045/7589-045-01-03-07.png	804	em	12.50
8900-027/8900-027-04-04-13.png	963	na	13.67
0238-030/0238-030-03-02-14.png	13	por	12.69
8449-043/8449-043-03-03-03.png	924	em	12.00
4545-108/4545-108-03-06-01.png	515	uma	11.81
8443-037/8443-037-01-02-02.png	922	no	13.59
2670-027/2670-027-04-07-17.png	366	ca-	12.75
8619-067/8619-067-03-01-09.png	948	um	10.94
7984-038/7984-038-03-05-13.png	871	na	13.08
2774-030/2774-030-02-07-09.png	374	ou	13.28
6139-010/6139-010-04-01-13.png	638	ao	13.59
7152-093/7152-093-02-02-05.png	716	um	7.50
7871-047/7871-047-04-07-11.png	863	aos	13.59
0563-010/0563-010-04-01-03.png	43	ao	12.11
1725-014/1725-014-02-06-02.png	254	são	11.81
1629-018/1629-018-04-01-11.png	199	men-	13.12
7141-082/7141-082-04-01-12.png	707	ao	13.50
4124-042/4124-042-04-11-01.png	461	que	9.56
7787-019/7787-019-02-01-07.png	833	as	10.94
4234-003/4234-003-04-01-12.png	462	na	11.33
0705-096/0705-096-01-01-10.png	94	as	13.14
8243-012/8243-012-01-06-10.png	911	com	10.50
7576-032/7576-032-02-04-04.png	798	uma	7.88
7140-081/7140-081-02-07-06.png	706	em	12.69
2774-030/2774-030-04-02-06.png	374	na	10.00
1651-040/1651-040-03-03-08.png	221	um	13.59
7437-086/7437-086-01-05-09.png	786	no	10.17
7787-019/7787-019-03-07-04.png	833	ao	13.12
8900-027/8900-027-04-02-03.png	963	na	13.56
1444-048/1444-048-02-07-08.png	160	as	13.12
6112-020/6112-020-03-06-06.png	632	em	10.94
7260-062/7260-062-02-10-13.png	735	no	12.38
2776-032/2776-032-02-08-08.png	375	seres	13.41
7267-069/7267-069-01-04-08.png	740	essa	11.25
4773-018/4773-018-01-03-14.png	572	um	8.91
1641-030/1641-030-04-02-06.png	211	com	12.69
7585-041/7585-041-04-03-09.png	802	no	13.59
3638-008/3638-008-02-02-05.png	408	em	9.84
7046-009/7046-009-03-02-04.png	685	na	12.11
0252-044/0252-044-02-09-05.png	20	ao	11.62
2323-030/2323-030-04-08-01.png	312	nos	13.12
9201-034/9201-034-04-01-05.png	981	em	11.38
1654-043/1654-043-03-01-08.png	224	as	13.28
7271-073/7271-073-02-11-08.png	744	sua	12.66
8757-045/8757-045-02-05-09.png	959	sem	11.25
8749-037/8749-037-02-03-09.png	955	como	11.69
0683-074/0683-074-02-02-08.png	85	ser	13.59
1448-052/1448-052-03-01-14.png	164	no	13.81
2128-078/2128-078-01-03-07.png	287	no	11.50
0293-015/0293-015-02-01-07.png	25	do	13.08
8896-023/8896-023-03-04-11.png	961	ser	9.50
7789-021/7789-021-02-03-05.png	835	no	13.12
0775-036/0775-036-02-05-13.png	102	os	9.00
2184-041/2184-041-04-03-13.png	291	em	11.25
8749-037/8749-037-03-03-13.png	955	com	12.59
7869-045/7869-045-02-02-13.png	861	com	13.12
7437-086/7437-086-04-03-10.png	786	ao	12.59
8757-045/8757-045-02-06-12.png	959	mas	11.14
4445-008/4445-008-02-04-06.png	501	um	10.88
1437-041/1437-041-03-01-12.png	155	na	10.31
8243-012/8243-012-02-03-09.png	911	sem	13.14
0639-030/0639-030-04-01-08.png	65	em	13.12
8749-037/8749-037-02-06-17.png	955	as	11.56
7012-025/7012-025-04-06-14.png	681	no	12.81
6913-020/6913-020-02-06-02.png	675	no	13.56
7138-079/7138-079-02-06-06.png	704	ao	12.69
7799-031/7799-031-01-03-08.png	842	de	13.59
1489-034/1489-034-02-06-07.png	178	uma	12.69
2497-040/2497-040-02-03-11.png	337	as	9.38
7144-085/7144-085-03-01-11.png	710	no	13.56
7796-028/7796-028-02-03-04.png	840	na	13.12
7269-071/7269-071-02-05-14.png	742	ao	13.12
4786-005/4786-005-03-05-12.png	576	uma	9.19
7014-027/7014-027-03-01-05.png	682	do	12.66
6394-019/6394-019-04-07-11.png	647	com	12.11
7014-027/7014-027-02-04-06.png	682	que	12.69
7564-020/7564-020-04-01-11.png	792	cinema	10.94
0647-038/0647-038-03-05-15.png	69	um	13.59
7046-009/7046-009-02-07-05.png	685	em	10.31
1485-030/1485-030-02-07-14.png	176	em	9.84
0565-012/0565-012-02-02-04.png	45	na	10.94
0578-025/0578-025-04-01-10.png	54	na	13.00
4294-007/4294-007-02-01-09.png	477	um	13.08
1485-030/1485-030-04-08-10.png	176	as	13.50
7153-094/7153-094-04-02-03.png	717	ao	12.00
1726-015/1726-015-04-03-04.png	255	em	12.00
2189-046/2189-046-04-06-06.png	296	em	13.50
0214-006/0214-006-02-07-04.png	1	ao	13.08
7272-074/7272-074-03-01-13.png	745	em	11.25
0234-026/0234-026-04-02-10.png	11	em	10.42
2505-048/2505-048-02-04-02.png	338	os	11.25
1442-046/1442-046-03-01-10.png	159	as	13.12
8451-045/8451-045-04-01-11.png	925	no	11.78
4910-075/4910-075-03-06-14.png	589	ten-	13.56
4124-042/4124-042-02-06-20.png	461	ser	12.69
7722-088/7722-088-04-01-06.png	830	em	13.08
8254-023/8254-023-02-07-01.png	918	na	13.12
7863-039/7863-039-01-04-09.png	855	na	11.62
7585-041/7585-041-02-04-16.png	802	em	13.12
1652-041/1652-041-02-10-05.png	222	mesmo	13.59
7261-063/7261-063-01-05-13.png	736	em	13.56
4234-003/4234-003-02-04-09.png	462	no	10.17
5651-034/5651-034-05-03-13.png	624	um	12.23
4545-108/4545-108-05-02-01.png	515	na	13.81
2375-082/2375-082-03-01-02.png	330	essa	11.81
7267-069/7267-069-03-04-19.png	740	ser	13.50
2784-040/2784-040-02-04-16.png	379	que	6.80
8516-010/8516-010-01-05-06.png	939	se	13.81
2104-054/2104-054-02-05-03.png	270	um	12.75
8439-033/8439-033-04-01-12.png	920	no	12.58
0574-021/0574-021-02-10-07.png	52	se	12.69
4789-008/4789-008-02-05-14.png	577	no	11.33
7136-077/7136-077-04-02-04.png	702	em	11.25
6115-023/6115-023-02-01-13.png	635	no	10.39
1646-035/1646-035-02-06-08.png	216	ser	13.12
