arquivo,palavra,ascii,par_id,escritor,semente,real,marca,onde,indice,medivel,faixa_massa,faixa_massa_rel,faixa_densidade,tem_gemeo,diff_massa_acc,diff_massa_asc,diff_delta,diff_delta_rel,diff_acima_do_topo,e2_lido,e2_cer,e1_escore,e1_presente,categoria
real_asc_0120.png,dás,das,real0120,483,-1,True,agudo,acima,1,True,326,0.39805,0.13814,False,,,,,,,,0.39805,,
real_asc_0121.png,dàs,das,real0121,714,-1,True,grave,acima,1,True,297,0.79839,0.17553,False,,,,,,,,0.79839,,
real_asc_0122.png,câda,cada,real0122,857,-1,True,circunflexo,acima,1,True,227,0.38345,0.16594,False,,,,,,,,0.38345,,
real_asc_0123.png,quê,que,real0123,888,-1,True,circunflexo,acima,2,True,27,0.09712,0.02387,False,,,,,,,,0.09712,,
real_asc_0124.png,aõs,aos,real0124,175,-1,True,til,acima,1,True,6,0.00726,0.0049,False,,,,,,,,0.00726,,
real_asc_0125.png,priméiro,primeiro,real0125,998,-1,True,agudo,acima,4,True,158,0.34573,0.11686,False,,,,,,,,0.34573,,
real_asc_0126.png,estã,esta,real0126,668,-1,True,til,acima,3,True,44,0.10732,0.04583,False,,,,,,,,0.10732,,
real_asc_0127.png,dós,dos,real0127,819,-1,True,agudo,acima,1,True,111,0.18257,0.07757,False,,,,,,,,0.18257,,
real_asc_0128.png,Dessà,Dessa,real0128,453,-1,True,grave,acima,4,True,320,3.90244,0.08806,False,,,,,,,,3.90244,,
real_asc_0129.png,çom,com,real0129,644,-1,True,cedilha,abaixo,0,True,26,0.05936,0.04727,False,,,,,,,,0.05936,,
real_asc_0130.png,Pàra,Para,real0130,696,-1,True,grave,acima,1,True,273,0.54491,0.23698,False,,,,,,,,0.54491,,
real_asc_0131.png,tâis,tais,real0131,857,-1,True,circunflexo,acima,1,True,493,2.3932,0.23955,False,,,,,,,,2.3932,,
real_asc_0132.png,quê,que,real0132,444,-1,True,circunflexo,acima,2,True,313,5.30508,0.16864,False,,,,,,,,5.30508,,
real_asc_0133.png,vezés,vezes,real0133,385,-1,True,agudo,acima,3,True,51,0.1018,0.03125,False,,,,,,,,0.1018,,
real_asc_0134.png,primeirã,primeira,real0134,438,-1,True,til,acima,7,True,29,0.16571,0.04603,False,,,,,,,,0.16571,,
real_asc_0135.png,perspectivã,perspectiva,real0135,193,-1,True,til,acima,10,True,0,0.0,0.0,False,,,,,,,,0.0,,
real_asc_0136.png,sóbre,sobre,real0136,241,-1,True,agudo,acima,1,True,63,0.1119,0.05385,False,,,,,,,,0.1119,,
real_asc_0137.png,Issõ,Isso,real0137,101,-1,True,til,acima,3,True,15,0.04902,0.01163,False,,,,,,,,0.04902,,
real_asc_0138.png,Pôr,Por,real0138,335,-1,True,circunflexo,acima,1,True,171,0.5979,0.285,False,,,,,,,,0.5979,,
real_asc_0139.png,sociedàde,sociedade,real0139,857,-1,True,grave,acima,6,True,127,0.25349,0.09953,False,,,,,,,,0.25349,,
real_asc_0140.png,Vàn,Van,real0140,64,-1,True,grave,acima,1,True,354,1.27338,0.1756,False,,,,,,,,1.27338,,
real_asc_0141.png,essés,esses,real0141,437,-1,True,agudo,acima,3,True,108,0.21218,0.0605,False,,,,,,,,0.21218,,
real_asc_0142.png,põstura,postura,real0142,438,-1,True,til,acima,1,True,355,1.55702,0.24653,False,,,,,,,,1.55702,,
real_asc_0143.png,formâ,forma,real0143,247,-1,True,circunflexo,acima,4,True,42,0.0913,0.02303,False,,,,,,,,0.0913,,
real_asc_0144.png,çontemporaneidade,contemporaneidade,real0144,108,-1,True,cedilha,abaixo,0,True,0,0.0,0.0,False,,,,,,,,0.0,,
real_asc_0145.png,trà,tra,real0145,273,-1,True,grave,acima,2,True,88,0.30662,0.125,False,,,,,,,,0.30662,,
real_asc_0146.png,dás,das,real0146,218,-1,True,agudo,acima,1,True,65,0.1035,0.03517,False,,,,,,,,0.1035,,
real_asc_0147.png,Bràsileiros,Brasileiros,real0147,796,-1,True,grave,acima,2,True,40,0.0907,0.04202,False,,,,,,,,0.0907,,
real_asc_0148.png,pôder,poder,real0148,383,-1,True,circunflexo,acima,1,True,98,0.15313,0.05364,False,,,,,,,,0.15313,,
real_asc_0149.png,pãra,para,real0149,634,-1,True,til,acima,1,True,4,0.0107,0.00404,False,,,,,,,,0.0107,,
real_asc_0150.png,vêz,vez,real0150,295,-1,True,circunflexo,acima,1,True,116,0.20901,0.07692,False,,,,,,,,0.20901,,
real_asc_0151.png,màis,mais,real0151,225,-1,True,grave,acima,1,True,42,0.06688,0.02637,False,,,,,,,,0.06688,,
real_asc_0152.png,lugãres,lugares,real0152,383,-1,True,til,acima,3,True,102,0.25823,0.07083,False,,,,,,,,0.25823,,
real_asc_0153.png,táis,tais,real0153,67,-1,True,agudo,acima,1,True,153,0.5,0.12162,False,,,,,,,,0.5,,
real_asc_0154.png,tigmâ,tigma,real0154,451,-1,True,circunflexo,acima,4,True,8,0.02963,0.00699,False,,,,,,,,0.02963,,
real_asc_0155.png,fàz,faz,real0155,609,-1,True,grave,acima,1,True,118,0.2418,0.07526,False,,,,,,,,0.2418,,
real_asc_0156.png,sér,ser,real0156,977,-1,True,agudo,acima,1,True,107,0.22338,0.06755,False,,,,,,,,0.22338,,
real_asc_0157.png,Sintõ,Sinto,real0157,388,-1,True,til,acima,4,True,3,0.00464,0.00424,False,,,,,,,,0.00464,,
real_asc_0158.png,êsse,esse,real0158,977,-1,True,circunflexo,acima,0,True,91,0.29545,0.06691,False,,,,,,,,0.29545,,
real_asc_0159.png,úrge,urge,real0159,935,-1,True,agudo,acima,0,True,9,0.02804,0.01339,False,,,,,,,,0.02804,,
real_asc_0160.png,vêr,ver,real0160,447,-1,True,circunflexo,acima,1,True,27,0.07627,0.0179,False,,,,,,,,0.07627,,
real_asc_0161.png,õutro,outro,real0161,458,-1,True,til,acima,0,True,119,0.41463,0.09015,False,,,,,,,,0.41463,,
real_asc_0162.png,pór,por,real0162,35,-1,True,agudo,acima,1,True,42,0.06158,0.03512,False,,,,,,,,0.06158,,
real_asc_0163.png,tomadà,tomada,real0163,383,-1,True,grave,acima,5,True,97,0.19094,0.05052,False,,,,,,,,0.19094,,
real_asc_0164.png,çom,com,real0164,458,-1,True,cedilha,abaixo,0,True,46,0.07566,0.10222,False,,,,,,,,0.07566,,
real_asc_0165.png,midàdes,midades,real0165,438,-1,True,grave,acima,3,True,105,0.20833,0.08373,False,,,,,,,,0.20833,,
real_asc_0166.png,quãl,qual,real0166,542,-1,True,til,acima,2,True,59,0.13657,0.05122,False,,,,,,,,0.13657,,
real_asc_0167.png,brasileirôs,brasileiros,real0167,383,-1,True,circunflexo,acima,9,True,128,0.4539,0.08889,False,,,,,,,,0.4539,,
real_asc_0168.png,vulnerabilidadé,vulnerabilidade,real0168,441,-1,True,agudo,acima,14,True,78,0.58647,0.06771,False,,,,,,,,0.58647,,
real_asc_0169.png,Trãbalho,Trabalho,real0169,444,-1,True,til,acima,2,True,202,0.94393,0.08285,False,,,,,,,,0.94393,,
real_asc_0170.png,êsse,esse,real0170,988,-1,True,circunflexo,acima,0,True,43,0.09707,0.03102,False,,,,,,,,0.09707,,
real_asc_0171.png,àlguns,alguns,real0171,459,-1,True,grave,acima,0,True,55,0.16272,0.03638,False,,,,,,,,0.16272,,
real_asc_0172.png,úso,uso,real0172,495,-1,True,agudo,acima,0,True,15,0.02907,0.00794,False,,,,,,,,0.02907,,
real_asc_0173.png,Issõ,Isso,real0173,453,-1,True,til,acima,3,True,44,0.11549,0.02124,False,,,,,,,,0.11549,,
real_asc_0174.png,quê,que,real0174,813,-1,True,circunflexo,acima,2,True,33,0.22759,0.02586,False,,,,,,,,0.22759,,
real_asc_0175.png,pelàs,pelas,real0175,659,-1,True,grave,acima,3,True,6,0.0176,0.0075,False,,,,,,,,0.0176,,
real_asc_0176.png,necessidàde,necessidade,real0176,797,-1,True,grave,acima,8,True,129,0.28477,0.09598,False,,,,,,,,0.28477,,
real_asc_0177.png,pregãm,pregam,real0177,857,-1,True,til,acima,4,True,74,0.16972,0.05003,False,,,,,,,,0.16972,,
real_asc_0178.png,qué,que,real0178,696,-1,True,agudo,acima,2,True,31,0.08333,0.02348,False,,,,,,,,0.08333,,
real_asc_0179.png,Nêsse,Nesse,real0179,814,-1,True,circunflexo,acima,1,True,166,0.35095,0.108,False,,,,,,,,0.35095,,
real_asc_0180.png,çomo,como,real0180,383,-1,True,cedilha,abaixo,0,True,0,0.0,0.0,False,,,,,,,,0.0,,
real_asc_0181.png,Brásil,Brasil,real0181,209,-1,True,agudo,acima,2,True,168,0.30216,0.06316,False,,,,,,,,0.30216,,
real_asc_0182.png,estudõ,estudo,real0182,241,-1,True,til,acima,5,True,26,0.09811,0.01662,False,,,,,,,,0.09811,,
real_asc_0183.png,segundõ,segundo,real0183,457,-1,True,til,acima,6,True,76,0.58462,0.11692,False,,,,,,,,0.58462,,
real_asc_0184.png,pàrte,parte,real0184,495,-1,True,grave,acima,1,True,42,0.14189,0.0557,False,,,,,,,,0.14189,,
real_asc_0185.png,têr,ter,real0185,444,-1,True,circunflexo,acima,1,True,233,0.39492,0.16003,False,,,,,,,,0.39492,,
real_asc_0186.png,qué,que,real0186,791,-1,True,agudo,acima,2,True,5,0.01577,0.00493,False,,,,,,,,0.01577,,
real_asc_0187.png,Bràsil,Brasil,real0187,446,-1,True,grave,acima,2,True,545,3.38509,0.20155,False,,,,,,,,3.38509,,
real_asc_0188.png,fisçais,fiscais,real0188,811,-1,True,cedilha,abaixo,3,True,0,0.0,0.0,False,,,,,,,,0.0,,
real_asc_0189.png,fãlta,falta,real0189,383,-1,True,til,acima,1,True,224,0.66077,0.22974,False,,,,,,,,0.66077,,
real_asc_0190.png,ácesso,acesso,real0190,218,-1,True,agudo,acima,0,True,14,0.03922,0.01097,False,,,,,,,,0.03922,,
real_asc_0191.png,preçonceito,preconceito,real0191,248,-1,True,cedilha,abaixo,3,True,0,0.0,0.0,False,,,,,,,,0.0,,
real_asc_0192.png,àbordando,abordando,real0192,857,-1,True,grave,acima,0,True,281,0.98944,0.2108,False,,,,,,,,0.98944,,
real_asc_0193.png,Nôrdeste,Nordeste,real0193,797,-1,True,circunflexo,acima,1,True,106,0.18435,0.0906,False,,,,,,,,0.18435,,
real_asc_0194.png,parâ,para,real0194,444,-1,True,circunflexo,acima,3,True,30,0.10033,0.03896,False,,,,,,,,0.10033,,
real_asc_0195.png,tró,tro,real0195,766,-1,True,agudo,acima,2,True,0,0.0,0.0,False,,,,,,,,0.0,,
real_asc_0196.png,estigmã,estigma,real0196,400,-1,True,til,acima,6,True,1,0.004,0.00111,False,,,,,,,,0.004,,
real_asc_0197.png,perànte,perante,real0197,236,-1,True,grave,acima,3,True,16,0.04211,0.01307,False,,,,,,,,0.04211,,
real_asc_0198.png,póis,pois,real0198,458,-1,True,agudo,acima,1,True,53,0.08166,0.04511,False,,,,,,,,0.08166,,
real_asc_0199.png,acerça,acerca,real0199,248,-1,True,cedilha,abaixo,4,True,0,0.0,0.0,False,,,,,,,,0.0,,
real_asc_0200.png,propãgandas,propagandas,real0200,399,-1,True,til,acima,4,True,54,0.11613,0.07438,False,,,,,,,,0.11613,,
real_asc_0201.png,XVÍ,XVI,real0201,887,-1,True,agudo,acima,2,True,39,0.08647,0.03611,False,,,,,,,,0.08647,,
real_asc_0202.png,formà,forma,real0202,814,-1,True,grave,acima,4,True,22,0.05379,0.01204,False,,,,,,,,0.05379,,
real_asc_0203.png,tâl,tal,real0203,399,-1,True,circunflexo,acima,1,True,56,0.06504,0.07778,False,,,,,,,,0.06504,,
real_asc_0204.png,sendô,sendo,real0204,384,-1,True,circunflexo,acima,4,True,176,0.60068,0.08349,False,,,,,,,,0.60068,,
real_asc_0205.png,erãm,eram,real0205,437,-1,True,til,acima,2,True,36,0.03875,0.01404,False,,,,,,,,0.03875,,
real_asc_0206.png,pessoà,pessoa,real0206,438,-1,True,grave,acima,5,True,22,0.06027,0.01649,False,,,,,,,,0.06027,,
real_asc_0207.png,êla,ela,real0207,508,-1,True,circunflexo,acima,0,True,166,0.42564,0.08614,False,,,,,,,,0.42564,,
real_asc_0208.png,fãlta,falta,real0208,236,-1,True,til,acima,1,True,87,0.25439,0.07578,False,,,,,,,,0.25439,,
real_asc_0209.png,párque,parque,real0209,791,-1,True,agudo,acima,1,True,217,0.50939,0.20186,False,,,,,,,,0.50939,,
real_asc_0210.png,quê,que,real0210,336,-1,True,circunflexo,acima,2,True,34,0.07359,0.02285,False,,,,,,,,0.07359,,
real_asc_0211.png,sófre,sofre,real0211,244,-1,True,agudo,acima,1,True,172,0.29103,0.15035,False,,,,,,,,0.29103,,
real_asc_0212.png,antiguidàde,antiguidade,real0212,193,-1,True,grave,acima,8,True,226,0.69538,0.15219,False,,,,,,,,0.69538,,
real_asc_0213.png,quê,que,real0213,495,-1,True,circunflexo,acima,2,True,88,0.26426,0.0595,False,,,,,,,,0.26426,,
real_asc_0214.png,tãl,tal,real0214,446,-1,True,til,acima,1,True,130,0.30303,0.11111,False,,,,,,,,0.30303,,
real_asc_0215.png,mentàis,mentais,real0215,437,-1,True,grave,acima,4,True,367,1.04558,0.19605,False,,,,,,,,1.04558,,
real_asc_0216.png,devé,deve,real0216,76,-1,True,agudo,acima,3,True,56,0.16279,0.05385,False,,,,,,,,0.16279,,
real_asc_0217.png,intuitõ,intuito,real0217,201,-1,True,til,acima,6,True,365,1.07038,0.1207,False,,,,,,,,1.07038,,
real_asc_0218.png,qúe,que,real0218,891,-1,True,agudo,acima,1,True,267,0.43627,0.13012,False,,,,,,,,0.43627,,
real_asc_0219.png,pôr,por,real0219,244,-1,True,circunflexo,acima,1,True,70,0.12048,0.05291,False,,,,,,,,0.12048,,
real_asc_0220.png,umà,uma,real0220,386,-1,True,grave,acima,2,True,82,0.14089,0.02547,False,,,,,,,,0.14089,,
real_asc_0221.png,entãnto,entanto,real0221,114,-1,True,til,acima,3,True,22,0.05882,0.02222,False,,,,,,,,0.05882,,
real_asc_0222.png,Fiça,Fica,real0222,825,-1,True,cedilha,abaixo,2,True,0,0.0,0.0,False,,,,,,,,0.0,,
real_asc_0223.png,nàs,nas,real0223,335,-1,True,grave,acima,1,True,41,0.07168,0.03973,False,,,,,,,,0.07168,,
real_asc_0224.png,fím,fim,real0224,813,-1,True,agudo,acima,1,True,268,0.72826,0.16543,False,,,,,,,,0.72826,,
real_asc_0225.png,nobrê,nobre,real0225,347,-1,True,circunflexo,acima,4,True,9,0.03333,0.00495,False,,,,,,,,0.03333,,
real_asc_0226.png,abandonõ,abandono,real0226,451,-1,True,til,acima,7,True,12,0.02626,0.00699,False,,,,,,,,0.02626,,
real_asc_0227.png,dôs,dos,real0227,712,-1,True,circunflexo,acima,1,True,118,0.25053,0.10926,False,,,,,,,,0.25053,,
real_asc_0228.png,léu,leu,real0228,387,-1,True,agudo,acima,1,True,408,0.80792,0.20606,False,,,,,,,,0.80792,,
real_asc_0229.png,lucrõ,lucro,real0229,383,-1,True,til,acima,4,True,77,0.18033,0.04355,False,,,,,,,,0.18033,,
real_asc_0230.png,quànto,quanto,real0230,811,-1,True,grave,acima,2,True,17,0.07424,0.01246,False,,,,,,,,0.07424,,
real_asc_0231.png,pensàr,pensar,real0231,386,-1,True,grave,acima,4,True,28,0.05996,0.01369,False,,,,,,,,0.05996,,
real_asc_0232.png,sálas,salas,real0232,791,-1,True,agudo,acima,1,True,145,0.35627,0.11924,False,,,,,,,,0.35627,,
real_asc_0233.png,garàntir,garantir,real0233,247,-1,True,grave,acima,3,True,19,0.03605,0.01436,False,,,,,,,,0.03605,,
real_asc_0234.png,homêm,homem,real0234,446,-1,True,circunflexo,acima,3,True,19,0.0284,0.0113,False,,,,,,,,0.0284,,
real_asc_0235.png,atõs,atos,real0235,67,-1,True,til,acima,2,True,168,0.50149,0.16092,False,,,,,,,,0.50149,,
real_asc_0236.png,qué,que,real0236,233,-1,True,agudo,acima,2,True,167,2.31944,0.09795,False,,,,,,,,2.31944,,
real_asc_0237.png,qualidàde,qualidade,real0237,247,-1,True,grave,acima,6,True,125,0.29206,0.09705,False,,,,,,,,0.29206,,
real_asc_0238.png,emõcional,emocional,real0238,453,-1,True,til,acima,2,True,58,0.13744,0.03159,False,,,,,,,,0.13744,,
real_asc_0239.png,vêz,vez,real0239,817,-1,True,circunflexo,acima,1,True,188,0.32027,0.14484,False,,,,,,,,0.32027,,
