modelo	texto	tipo	escritor	semente	marca
iam	haverá	acentuada	187	42	0
iam	haverá	acentuada	188	42	0
iam	haverá	acentuada	169	42	0
iam	haverá	acentuada	180	42	0
iam	haverá	acentuada	187	43	0
iam	haverá	acentuada	188	43	0
iam	haverá	acentuada	169	43	0
iam	haverá	acentuada	180	43	0
iam	módulo	acentuada	187	42	0
iam	módulo	acentuada	188	42	0
iam	módulo	acentuada	169	42	0
iam	módulo	acentuada	180	42	0
iam	módulo	acentuada	187	43	0
iam	módulo	acentuada	188	43	0
iam	módulo	acentuada	169	43	0
iam	módulo	acentuada	180	43	0
iam	provável	acentuada	187	42	0
iam	provável	acentuada	188	42	0
iam	provável	acentuada	169	42	0
iam	provável	acentuada	180	42	0
iam	provável	acentuada	187	43	0
iam	provável	acentuada	188	43	0
iam	provável	acentuada	169	43	0
iam	provável	acentuada	180	43	0
iam	câmera	acentuada	187	42	0
iam	câmera	acentuada	188	42	0
iam	câmera	acentuada	169	42	0
iam	câmera	acentuada	180	42	0
iam	câmera	acentuada	187	43	0
iam	câmera	acentuada	188	43	0
iam	câmera	acentuada	169	43	0
iam	câmera	acentuada	180	43	0
iam	fogão	acentuada	187	42	0
iam	fogão	acentuada	188	42	0
iam	fogão	acentuada	169	42	0
iam	fogão	acentuada	180	42	0
iam	fogão	acentuada	187	43	0
iam	fogão	acentuada	188	43	0
iam	fogão	acentuada	169	43	0
iam	fogão	acentuada	180	43	0
iam	havera	esqueleto	187	42	0
iam	havera	esqueleto	188	42	0
iam	havera	esqueleto	169	42	0
iam	havera	esqueleto	180	42	0
iam	havera	esqueleto	187	43	0
iam	havera	esqueleto	188	43	0
iam	havera	esqueleto	169	43	0
iam	havera	esqueleto	180	43	0
iam	modulo	esqueleto	187	42	1
iam	modulo	esqueleto	188	42	0
iam	modulo	esqueleto	169	42	0
iam	modulo	esqueleto	180	42	0
iam	modulo	esqueleto	187	43	0
iam	modulo	esqueleto	188	43	0
iam	modulo	esqueleto	169	43	0
iam	modulo	esqueleto	180	43	0
iam	provavel	esqueleto	187	42	0
iam	provavel	esqueleto	188	42	0
iam	provavel	esqueleto	169	42	0
iam	provavel	esqueleto	180	42	0
iam	provavel	esqueleto	187	43	0
iam	provavel	esqueleto	188	43	0
iam	provavel	esqueleto	169	43	0
iam	provavel	esqueleto	180	43	0
iam	camera	esqueleto	187	42	0
iam	camera	esqueleto	188	42	1
iam	camera	esqueleto	169	42	0
iam	camera	esqueleto	180	42	0
iam	camera	esqueleto	187	43	0
iam	camera	esqueleto	188	43	0
iam	camera	esqueleto	169	43	0
iam	camera	esqueleto	180	43	0
iam	fogao	esqueleto	187	42	0
iam	fogao	esqueleto	188	42	0
iam	fogao	esqueleto	169	42	0
iam	fogao	esqueleto	180	42	0
iam	fogao	esqueleto	187	43	0
iam	fogao	esqueleto	188	43	0
iam	fogao	esqueleto	169	43	0
iam	fogao	esqueleto	180	43	0
iam	nunca	sem_acento	187	42	0
iam	nunca	sem_acento	188	42	0
iam	nunca	sem_acento	169	42	0
iam	nunca	sem_acento	180	42	0
iam	nunca	sem_acento	187	43	0
iam	nunca	sem_acento	188	43	0
iam	nunca	sem_acento	169	43	0
iam	nunca	sem_acento	180	43	0
iam	sempre	sem_acento	187	42	0
iam	sempre	sem_acento	188	42	0
iam	sempre	sem_acento	169	42	0
iam	sempre	sem_acento	180	42	0
iam	sempre	sem_acento	187	43	0
iam	sempre	sem_acento	188	43	0
iam	sempre	sem_acento	169	43	0
iam	sempre	sem_acento	180	43	0
iam	cabelo	sem_acento	187	42	0
iam	cabelo	sem_acento	188	42	0
iam	cabelo	sem_acento	169	42	0
iam	cabelo	sem_acento	180	42	0
iam	cabelo	sem_acento	187	43	0
iam	cabelo	sem_acento	188	43	0
iam	cabelo	sem_acento	169	43	0
iam	cabelo	sem_acento	180	43	0
iam	bolo	sem_acento	187	42	0
iam	bolo	sem_acento	188	42	0
iam	bolo	sem_acento	169	42	0
iam	bolo	sem_acento	180	42	0
iam	bolo	sem_acento	187	43	0
iam	bolo	sem_acento	188	43	0
iam	bolo	sem_acento	169	43	0
iam	bolo	sem_acento	180	43	0
peso5_dele_16ep	haverá	acentuada	187	42	1
peso5_dele_16ep	haverá	acentuada	188	42	0
peso5_dele_16ep	haverá	acentuada	169	42	0
peso5_dele_16ep	haverá	acentuada	180	42	1
peso5_dele_16ep	haverá	acentuada	187	43	0
peso5_dele_16ep	haverá	acentuada	188	43	1
peso5_dele_16ep	haverá	acentuada	169	43	0
peso5_dele_16ep	haverá	acentuada	180	43	0
peso5_dele_16ep	módulo	acentuada	187	42	1
peso5_dele_16ep	módulo	acentuada	188	42	1
peso5_dele_16ep	módulo	acentuada	169	42	1
peso5_dele_16ep	módulo	acentuada	180	42	1
peso5_dele_16ep	módulo	acentuada	187	43	1
peso5_dele_16ep	módulo	acentuada	188	43	1
peso5_dele_16ep	módulo	acentuada	169	43	0
peso5_dele_16ep	módulo	acentuada	180	43	1
peso5_dele_16ep	provável	acentuada	187	42	1
peso5_dele_16ep	provável	acentuada	188	42	1
peso5_dele_16ep	provável	acentuada	169	42	1
peso5_dele_16ep	provável	acentuada	180	42	1
peso5_dele_16ep	provável	acentuada	187	43	1
peso5_dele_16ep	provável	acentuada	188	43	1
peso5_dele_16ep	provável	acentuada	169	43	1
peso5_dele_16ep	provável	acentuada	180	43	1
peso5_dele_16ep	câmera	acentuada	187	42	1
peso5_dele_16ep	câmera	acentuada	188	42	1
peso5_dele_16ep	câmera	acentuada	169	42	0
peso5_dele_16ep	câmera	acentuada	180	42	0
peso5_dele_16ep	câmera	acentuada	187	43	0
peso5_dele_16ep	câmera	acentuada	188	43	1
peso5_dele_16ep	câmera	acentuada	169	43	1
peso5_dele_16ep	câmera	acentuada	180	43	0
peso5_dele_16ep	fogão	acentuada	187	42	1
peso5_dele_16ep	fogão	acentuada	188	42	1
peso5_dele_16ep	fogão	acentuada	169	42	1
peso5_dele_16ep	fogão	acentuada	180	42	1
peso5_dele_16ep	fogão	acentuada	187	43	1
peso5_dele_16ep	fogão	acentuada	188	43	1
peso5_dele_16ep	fogão	acentuada	169	43	1
peso5_dele_16ep	fogão	acentuada	180	43	1
peso5_dele_16ep	havera	esqueleto	187	42	1
peso5_dele_16ep	havera	esqueleto	188	42	0
peso5_dele_16ep	havera	esqueleto	169	42	0
peso5_dele_16ep	havera	esqueleto	180	42	0
peso5_dele_16ep	havera	esqueleto	187	43	0
peso5_dele_16ep	havera	esqueleto	188	43	0
peso5_dele_16ep	havera	esqueleto	169	43	0
peso5_dele_16ep	havera	esqueleto	180	43	0
peso5_dele_16ep	modulo	esqueleto	187	42	0
peso5_dele_16ep	modulo	esqueleto	188	42	0
peso5_dele_16ep	modulo	esqueleto	169	42	0
peso5_dele_16ep	modulo	esqueleto	180	42	1
peso5_dele_16ep	modulo	esqueleto	187	43	0
peso5_dele_16ep	modulo	esqueleto	188	43	1
peso5_dele_16ep	modulo	esqueleto	169	43	1
peso5_dele_16ep	modulo	esqueleto	180	43	1
peso5_dele_16ep	provavel	esqueleto	187	42	1
peso5_dele_16ep	provavel	esqueleto	188	42	0
peso5_dele_16ep	provavel	esqueleto	169	42	1
peso5_dele_16ep	provavel	esqueleto	180	42	1
peso5_dele_16ep	provavel	esqueleto	187	43	1
peso5_dele_16ep	provavel	esqueleto	188	43	1
peso5_dele_16ep	provavel	esqueleto	169	43	0
peso5_dele_16ep	provavel	esqueleto	180	43	0
peso5_dele_16ep	camera	esqueleto	187	42	0
peso5_dele_16ep	camera	esqueleto	188	42	0
peso5_dele_16ep	camera	esqueleto	169	42	0
peso5_dele_16ep	camera	esqueleto	180	42	0
peso5_dele_16ep	camera	esqueleto	187	43	0
peso5_dele_16ep	camera	esqueleto	188	43	1
peso5_dele_16ep	camera	esqueleto	169	43	1
peso5_dele_16ep	camera	esqueleto	180	43	0
peso5_dele_16ep	fogao	esqueleto	187	42	0
peso5_dele_16ep	fogao	esqueleto	188	42	0
peso5_dele_16ep	fogao	esqueleto	169	42	1
peso5_dele_16ep	fogao	esqueleto	180	42	0
peso5_dele_16ep	fogao	esqueleto	187	43	0
peso5_dele_16ep	fogao	esqueleto	188	43	0
peso5_dele_16ep	fogao	esqueleto	169	43	0
peso5_dele_16ep	fogao	esqueleto	180	43	1
peso5_dele_16ep	nunca	sem_acento	187	42	0
peso5_dele_16ep	nunca	sem_acento	188	42	1
peso5_dele_16ep	nunca	sem_acento	169	42	0
peso5_dele_16ep	nunca	sem_acento	180	42	0
peso5_dele_16ep	nunca	sem_acento	187	43	1
peso5_dele_16ep	nunca	sem_acento	188	43	0
peso5_dele_16ep	nunca	sem_acento	169	43	0
peso5_dele_16ep	nunca	sem_acento	180	43	0
peso5_dele_16ep	sempre	sem_acento	187	42	0
peso5_dele_16ep	sempre	sem_acento	188	42	0
peso5_dele_16ep	sempre	sem_acento	169	42	0
peso5_dele_16ep	sempre	sem_acento	180	42	0
peso5_dele_16ep	sempre	sem_acento	187	43	0
peso5_dele_16ep	sempre	sem_acento	188	43	1
peso5_dele_16ep	sempre	sem_acento	169	43	0
peso5_dele_16ep	sempre	sem_acento	180	43	0
peso5_dele_16ep	cabelo	sem_acento	187	42	1
peso5_dele_16ep	cabelo	sem_acento	188	42	1
peso5_dele_16ep	cabelo	sem_acento	169	42	0
peso5_dele_16ep	cabelo	sem_acento	180	42	0
peso5_dele_16ep	cabelo	sem_acento	187	43	1
peso5_dele_16ep	cabelo	sem_acento	188	43	1
peso5_dele_16ep	cabelo	sem_acento	169	43	0
peso5_dele_16ep	cabelo	sem_acento	180	43	0
peso5_dele_16ep	bolo	sem_acento	187	42	0
peso5_dele_16ep	bolo	sem_acento	188	42	0
peso5_dele_16ep	bolo	sem_acento	169	42	1
peso5_dele_16ep	bolo	sem_acento	180	42	0
peso5_dele_16ep	bolo	sem_acento	187	43	1
peso5_dele_16ep	bolo	sem_acento	188	43	0
peso5_dele_16ep	bolo	sem_acento	169	43	0
peso5_dele_16ep	bolo	sem_acento	180	43	0
tudo_2ep	haverá	acentuada	187	42	0
tudo_2ep	haverá	acentuada	188	42	0
tudo_2ep	haverá	acentuada	169	42	1
tudo_2ep	haverá	acentuada	180	42	1
tudo_2ep	haverá	acentuada	187	43	0
tudo_2ep	haverá	acentuada	188	43	0
tudo_2ep	haverá	acentuada	169	43	1
tudo_2ep	haverá	acentuada	180	43	0
tudo_2ep	módulo	acentuada	187	42	1
tudo_2ep	módulo	acentuada	188	42	1
tudo_2ep	módulo	acentuada	169	42	0
tudo_2ep	módulo	acentuada	180	42	0
tudo_2ep	módulo	acentuada	187	43	1
tudo_2ep	módulo	acentuada	188	43	1
tudo_2ep	módulo	acentuada	169	43	1
tudo_2ep	módulo	acentuada	180	43	0
tudo_2ep	provável	acentuada	187	42	0
tudo_2ep	provável	acentuada	188	42	1
tudo_2ep	provável	acentuada	169	42	1
tudo_2ep	provável	acentuada	180	42	0
tudo_2ep	provável	acentuada	187	43	0
tudo_2ep	provável	acentuada	188	43	0
tudo_2ep	provável	acentuada	169	43	0
tudo_2ep	provável	acentuada	180	43	0
tudo_2ep	câmera	acentuada	187	42	1
tudo_2ep	câmera	acentuada	188	42	1
tudo_2ep	câmera	acentuada	169	42	0
tudo_2ep	câmera	acentuada	180	42	0
tudo_2ep	câmera	acentuada	187	43	0
tudo_2ep	câmera	acentuada	188	43	1
tudo_2ep	câmera	acentuada	169	43	1
tudo_2ep	câmera	acentuada	180	43	0
tudo_2ep	fogão	acentuada	187	42	0
tudo_2ep	fogão	acentuada	188	42	1
tudo_2ep	fogão	acentuada	169	42	1
tudo_2ep	fogão	acentuada	180	42	1
tudo_2ep	fogão	acentuada	187	43	1
tudo_2ep	fogão	acentuada	188	43	0
tudo_2ep	fogão	acentuada	169	43	1
tudo_2ep	fogão	acentuada	180	43	1
tudo_2ep	havera	esqueleto	187	42	0
tudo_2ep	havera	esqueleto	188	42	0
tudo_2ep	havera	esqueleto	169	42	1
tudo_2ep	havera	esqueleto	180	42	1
tudo_2ep	havera	esqueleto	187	43	0
tudo_2ep	havera	esqueleto	188	43	0
tudo_2ep	havera	esqueleto	169	43	1
tudo_2ep	havera	esqueleto	180	43	0
tudo_2ep	modulo	esqueleto	187	42	1
tudo_2ep	modulo	esqueleto	188	42	1
tudo_2ep	modulo	esqueleto	169	42	1
tudo_2ep	modulo	esqueleto	180	42	0
tudo_2ep	modulo	esqueleto	187	43	1
tudo_2ep	modulo	esqueleto	188	43	0
tudo_2ep	modulo	esqueleto	169	43	1
tudo_2ep	modulo	esqueleto	180	43	0
tudo_2ep	provavel	esqueleto	187	42	0
tudo_2ep	provavel	esqueleto	188	42	1
tudo_2ep	provavel	esqueleto	169	42	1
tudo_2ep	provavel	esqueleto	180	42	0
tudo_2ep	provavel	esqueleto	187	43	1
tudo_2ep	provavel	esqueleto	188	43	0
tudo_2ep	provavel	esqueleto	169	43	0
tudo_2ep	provavel	esqueleto	180	43	0
tudo_2ep	camera	esqueleto	187	42	1
tudo_2ep	camera	esqueleto	188	42	0
tudo_2ep	camera	esqueleto	169	42	0
tudo_2ep	camera	esqueleto	180	42	0
tudo_2ep	camera	esqueleto	187	43	0
tudo_2ep	camera	esqueleto	188	43	1
tudo_2ep	camera	esqueleto	169	43	1
tudo_2ep	camera	esqueleto	180	43	0
tudo_2ep	fogao	esqueleto	187	42	1
tudo_2ep	fogao	esqueleto	188	42	0
tudo_2ep	fogao	esqueleto	169	42	0
tudo_2ep	fogao	esqueleto	180	42	0
tudo_2ep	fogao	esqueleto	187	43	1
tudo_2ep	fogao	esqueleto	188	43	0
tudo_2ep	fogao	esqueleto	169	43	0
tudo_2ep	fogao	esqueleto	180	43	1
tudo_2ep	nunca	sem_acento	187	42	0
tudo_2ep	nunca	sem_acento	188	42	1
tudo_2ep	nunca	sem_acento	169	42	0
tudo_2ep	nunca	sem_acento	180	42	0
tudo_2ep	nunca	sem_acento	187	43	1
tudo_2ep	nunca	sem_acento	188	43	0
tudo_2ep	nunca	sem_acento	169	43	0
tudo_2ep	nunca	sem_acento	180	43	0
tudo_2ep	sempre	sem_acento	187	42	0
tudo_2ep	sempre	sem_acento	188	42	0
tudo_2ep	sempre	sem_acento	169	42	1
tudo_2ep	sempre	sem_acento	180	42	0
tudo_2ep	sempre	sem_acento	187	43	0
tudo_2ep	sempre	sem_acento	188	43	0
tudo_2ep	sempre	sem_acento	169	43	0
tudo_2ep	sempre	sem_acento	180	43	0
tudo_2ep	cabelo	sem_acento	187	42	0
tudo_2ep	cabelo	sem_acento	188	42	1
tudo_2ep	cabelo	sem_acento	169	42	0
tudo_2ep	cabelo	sem_acento	180	42	0
tudo_2ep	cabelo	sem_acento	187	43	1
tudo_2ep	cabelo	sem_acento	188	43	1
tudo_2ep	cabelo	sem_acento	169	43	1
tudo_2ep	cabelo	sem_acento	180	43	0
tudo_2ep	bolo	sem_acento	187	42	0
tudo_2ep	bolo	sem_acento	188	42	0
tudo_2ep	bolo	sem_acento	169	42	0
tudo_2ep	bolo	sem_acento	180	42	0
tudo_2ep	bolo	sem_acento	187	43	1
tudo_2ep	bolo	sem_acento	188	43	0
tudo_2ep	bolo	sem_acento	169	43	0
tudo_2ep	bolo	sem_acento	180	43	0
texto_2ep	haverá	acentuada	187	42	0
texto_2ep	haverá	acentuada	188	42	0
texto_2ep	haverá	acentuada	169	42	0
texto_2ep	haverá	acentuada	180	42	0
texto_2ep	haverá	acentuada	187	43	0
texto_2ep	haverá	acentuada	188	43	0
texto_2ep	haverá	acentuada	169	43	1
texto_2ep	haverá	acentuada	180	43	0
texto_2ep	módulo	acentuada	187	42	0
texto_2ep	módulo	acentuada	188	42	1
texto_2ep	módulo	acentuada	169	42	0
texto_2ep	módulo	acentuada	180	42	0
texto_2ep	módulo	acentuada	187	43	0
texto_2ep	módulo	acentuada	188	43	0
texto_2ep	módulo	acentuada	169	43	0
texto_2ep	módulo	acentuada	180	43	0
texto_2ep	provável	acentuada	187	42	1
texto_2ep	provável	acentuada	188	42	1
texto_2ep	provável	acentuada	169	42	0
texto_2ep	provável	acentuada	180	42	0
texto_2ep	provável	acentuada	187	43	0
texto_2ep	provável	acentuada	188	43	1
texto_2ep	provável	acentuada	169	43	0
texto_2ep	provável	acentuada	180	43	0
texto_2ep	câmera	acentuada	187	42	1
texto_2ep	câmera	acentuada	188	42	1
texto_2ep	câmera	acentuada	169	42	0
texto_2ep	câmera	acentuada	180	42	0
texto_2ep	câmera	acentuada	187	43	0
texto_2ep	câmera	acentuada	188	43	1
texto_2ep	câmera	acentuada	169	43	0
texto_2ep	câmera	acentuada	180	43	0
texto_2ep	fogão	acentuada	187	42	0
texto_2ep	fogão	acentuada	188	42	1
texto_2ep	fogão	acentuada	169	42	0
texto_2ep	fogão	acentuada	180	42	1
texto_2ep	fogão	acentuada	187	43	0
texto_2ep	fogão	acentuada	188	43	0
texto_2ep	fogão	acentuada	169	43	0
texto_2ep	fogão	acentuada	180	43	1
texto_2ep	havera	esqueleto	187	42	0
texto_2ep	havera	esqueleto	188	42	0
texto_2ep	havera	esqueleto	169	42	0
texto_2ep	havera	esqueleto	180	42	1
texto_2ep	havera	esqueleto	187	43	0
texto_2ep	havera	esqueleto	188	43	0
texto_2ep	havera	esqueleto	169	43	1
texto_2ep	havera	esqueleto	180	43	0
texto_2ep	modulo	esqueleto	187	42	0
texto_2ep	modulo	esqueleto	188	42	0
texto_2ep	modulo	esqueleto	169	42	0
texto_2ep	modulo	esqueleto	180	42	0
texto_2ep	modulo	esqueleto	187	43	0
texto_2ep	modulo	esqueleto	188	43	0
texto_2ep	modulo	esqueleto	169	43	0
texto_2ep	modulo	esqueleto	180	43	0
texto_2ep	provavel	esqueleto	187	42	0
texto_2ep	provavel	esqueleto	188	42	1
texto_2ep	provavel	esqueleto	169	42	0
texto_2ep	provavel	esqueleto	180	42	0
texto_2ep	provavel	esqueleto	187	43	0
texto_2ep	provavel	esqueleto	188	43	0
texto_2ep	provavel	esqueleto	169	43	0
texto_2ep	provavel	esqueleto	180	43	0
texto_2ep	camera	esqueleto	187	42	0
texto_2ep	camera	esqueleto	188	42	1
texto_2ep	camera	esqueleto	169	42	0
texto_2ep	camera	esqueleto	180	42	0
texto_2ep	camera	esqueleto	187	43	0
texto_2ep	camera	esqueleto	188	43	1
texto_2ep	camera	esqueleto	169	43	1
texto_2ep	camera	esqueleto	180	43	0
texto_2ep	fogao	esqueleto	187	42	0
texto_2ep	fogao	esqueleto	188	42	1
texto_2ep	fogao	esqueleto	169	42	0
texto_2ep	fogao	esqueleto	180	42	1
texto_2ep	fogao	esqueleto	187	43	1
texto_2ep	fogao	esqueleto	188	43	0
texto_2ep	fogao	esqueleto	169	43	0
texto_2ep	fogao	esqueleto	180	43	1
texto_2ep	nunca	sem_acento	187	42	0
texto_2ep	nunca	sem_acento	188	42	1
texto_2ep	nunca	sem_acento	169	42	0
texto_2ep	nunca	sem_acento	180	42	0
texto_2ep	nunca	sem_acento	187	43	1
texto_2ep	nunca	sem_acento	188	43	0
texto_2ep	nunca	sem_acento	169	43	0
texto_2ep	nunca	sem_acento	180	43	0
texto_2ep	sempre	sem_acento	187	42	0
texto_2ep	sempre	sem_acento	188	42	0
texto_2ep	sempre	sem_acento	169	42	0
texto_2ep	sempre	sem_acento	180	42	0
texto_2ep	sempre	sem_acento	187	43	0
texto_2ep	sempre	sem_acento	188	43	0
texto_2ep	sempre	sem_acento	169	43	0
texto_2ep	sempre	sem_acento	180	43	0
texto_2ep	cabelo	sem_acento	187	42	0
texto_2ep	cabelo	sem_acento	188	42	1
texto_2ep	cabelo	sem_acento	169	42	0
texto_2ep	cabelo	sem_acento	180	42	0
texto_2ep	cabelo	sem_acento	187	43	1
texto_2ep	cabelo	sem_acento	188	43	0
texto_2ep	cabelo	sem_acento	169	43	0
texto_2ep	cabelo	sem_acento	180	43	0
texto_2ep	bolo	sem_acento	187	42	0
texto_2ep	bolo	sem_acento	188	42	0
texto_2ep	bolo	sem_acento	169	42	0
texto_2ep	bolo	sem_acento	180	42	0
texto_2ep	bolo	sem_acento	187	43	0
texto_2ep	bolo	sem_acento	188	43	0
texto_2ep	bolo	sem_acento	169	43	1
texto_2ep	bolo	sem_acento	180	43	0
