modelo	palavra	painel	marcas_acima	marcas_abaixo
iam	and	000.png	0	0
iam	and	001.png	0	0
iam	and	002.png	0	0
iam	and	003.png	0	0
iam	and	004.png	0	0
iam	and	005.png	0	0
iam	and	006.png	0	0
iam	and	007.png	0	0
iam	and	008.png	0	0
iam	and	009.png	0	0
iam	and	010.png	0	0
iam	and	011.png	0	0
iam	and	012.png	0	0
iam	and	013.png	0	0
iam	and	014.png	0	0
iam	and	015.png	0	0
iam	and	016.png	0	0
iam	and	017.png	0	0
iam	and	018.png	0	0
iam	and	019.png	0	0
iam	and	020.png	0	0
iam	and	021.png	0	0
iam	and	022.png	0	0
iam	and	023.png	0	0
iam	and	024.png	0	0
iam	and	025.png	0	0
iam	and	026.png	0	0
iam	and	027.png	0	0
iam	and	028.png	0	0
iam	and	029.png	0	0
iam	and	030.png	0	0
iam	and	031.png	0	0
iam	and	032.png	0	0
iam	and	033.png	0	0
iam	and	034.png	0	0
iam	and	035.png	0	0
iam	and	036.png	0	0
iam	and	037.png	0	0
iam	and	038.png	0	0
iam	and	039.png	0	0
iam	até	000.png	0	0
iam	até	001.png	0	0
iam	até	002.png	0	0
iam	até	003.png	0	0
iam	até	004.png	0	0
iam	até	005.png	0	0
iam	até	006.png	0	0
iam	até	007.png	0	0
iam	até	008.png	0	0
iam	até	009.png	0	0
iam	até	010.png	0	0
iam	até	011.png	0	0
iam	até	012.png	0	0
iam	até	013.png	0	0
iam	até	014.png	0	0
iam	até	015.png	0	0
iam	até	016.png	0	0
iam	até	017.png	0	0
iam	até	018.png	0	0
iam	até	019.png	0	0
iam	até	020.png	0	0
iam	até	021.png	0	0
iam	até	022.png	0	0
iam	até	023.png	0	0
iam	até	024.png	0	0
iam	até	025.png	0	0
iam	até	026.png	0	0
iam	até	027.png	0	0
iam	até	028.png	0	0
iam	até	029.png	0	0
iam	até	030.png	0	0
iam	até	031.png	0	0
iam	até	032.png	0	0
iam	até	033.png	0	0
iam	até	034.png	0	0
iam	até	035.png	0	0
iam	até	036.png	0	0
iam	até	037.png	0	0
iam	até	038.png	0	0
iam	até	039.png	0	0
iam	avo	000.png	0	0
iam	avo	001.png	0	0
iam	avo	002.png	0	0
iam	avo	003.png	0	0
iam	avo	004.png	0	0
iam	avo	005.png	1	0
iam	avo	006.png	0	0
iam	avo	007.png	0	0
iam	avo	008.png	0	0
iam	avo	009.png	0	0
iam	avo	010.png	0	0
iam	avo	011.png	0	0
iam	avo	012.png	0	0
iam	avo	013.png	0	0
iam	avo	014.png	0	0
iam	avo	015.png	0	0
iam	avo	016.png	0	0
iam	avo	017.png	0	0
iam	avo	018.png	0	0
iam	avo	019.png	0	0
iam	avo	020.png	0	0
iam	avo	021.png	0	0
iam	avo	022.png	0	0
iam	avo	023.png	0	0
iam	avo	024.png	0	0
iam	avo	025.png	0	0
iam	avo	026.png	0	0
iam	avo	027.png	0	0
iam	avo	028.png	0	0
iam	avo	029.png	0	0
iam	avo	030.png	0	0
iam	avo	031.png	0	0
iam	avo	032.png	0	0
iam	avo	033.png	0	0
iam	avo	034.png	0	0
iam	avo	035.png	0	0
iam	avo	036.png	0	0
iam	avo	037.png	0	0
iam	avo	038.png	0	0
iam	avo	039.png	0	0
iam	avó	000.png	0	0
iam	avó	001.png	0	0
iam	avó	002.png	0	0
iam	avó	003.png	0	0
iam	avó	004.png	0	0
iam	avó	005.png	0	0
iam	avó	006.png	0	0
iam	avó	007.png	0	0
iam	avó	008.png	0	0
iam	avó	009.png	0	0
iam	avó	010.png	0	0
iam	avó	011.png	0	0
iam	avó	012.png	0	0
iam	avó	013.png	0	0
iam	avó	014.png	0	0
iam	avó	015.png	0	0
iam	avó	016.png	0	0
iam	avó	017.png	0	0
iam	avó	018.png	0	0
iam	avó	019.png	0	0
iam	avó	020.png	0	0
iam	avó	021.png	0	0
iam	avó	022.png	0	0
iam	avó	023.png	0	0
iam	avó	024.png	0	0
iam	avó	025.png	0	0
iam	avó	026.png	0	0
iam	avó	027.png	0	0
iam	avó	028.png	0	0
iam	avó	029.png	0	0
iam	avó	030.png	0	0
iam	avó	031.png	0	0
iam	avó	032.png	0	0
iam	avó	033.png	0	0
iam	avó	034.png	0	0
iam	avó	035.png	0	0
iam	avó	036.png	0	0
iam	avó	037.png	0	0
iam	avó	038.png	0	0
iam	avó	039.png	0	0
iam	café	000.png	0	0
iam	café	001.png	0	0
iam	café	002.png	0	0
iam	café	003.png	0	0
iam	café	004.png	0	0
iam	café	005.png	1	0
iam	café	006.png	0	0
iam	café	007.png	0	0
iam	café	008.png	0	0
iam	café	009.png	0	0
iam	café	010.png	0	0
iam	café	011.png	0	0
iam	café	012.png	0	0
iam	café	013.png	0	0
iam	café	014.png	0	0
iam	café	015.png	0	0
iam	café	016.png	0	0
iam	café	017.png	0	0
iam	café	018.png	0	0
iam	café	019.png	0	0
iam	café	020.png	0	0
iam	café	021.png	0	0
iam	café	022.png	0	0
iam	café	023.png	0	0
iam	café	024.png	1	0
iam	café	025.png	0	0
iam	café	026.png	0	0
iam	café	027.png	1	0
iam	café	028.png	0	0
iam	café	029.png	0	0
iam	café	030.png	0	0
iam	café	031.png	0	0
iam	café	032.png	0	0
iam	café	033.png	0	0
iam	café	034.png	0	0
iam	café	035.png	1	0
iam	café	036.png	0	0
iam	café	037.png	0	0
iam	café	038.png	0	0
iam	café	039.png	0	0
iam	coracao	000.png	0	0
iam	coracao	001.png	0	0
iam	coracao	002.png	1	0
iam	coracao	003.png	0	0
iam	coracao	004.png	0	0
iam	coracao	005.png	0	0
iam	coracao	006.png	0	0
iam	coracao	007.png	1	0
iam	coracao	008.png	0	0
iam	coracao	009.png	0	0
iam	coracao	010.png	0	0
iam	coracao	011.png	1	0
iam	coracao	012.png	0	0
iam	coracao	013.png	0	0
iam	coracao	014.png	0	0
iam	coracao	015.png	0	0
iam	coracao	016.png	0	0
iam	coracao	017.png	0	0
iam	coracao	018.png	0	0
iam	coracao	019.png	0	0
iam	coracao	020.png	0	0
iam	coracao	021.png	0	0
iam	coracao	022.png	0	0
iam	coracao	023.png	0	0
iam	coracao	024.png	0	0
iam	coracao	025.png	0	0
iam	coracao	026.png	0	0
iam	coracao	027.png	0	0
iam	coracao	028.png	0	0
iam	coracao	029.png	0	0
iam	coracao	030.png	0	0
iam	coracao	031.png	0	0
iam	coracao	032.png	0	0
iam	coracao	033.png	0	0
iam	coracao	034.png	0	0
iam	coracao	035.png	0	0
iam	coracao	036.png	0	0
iam	coracao	037.png	0	0
iam	coracao	038.png	0	0
iam	coracao	039.png	0	0
iam	coração	000.png	0	0
iam	coração	001.png	0	0
iam	coração	002.png	0	0
iam	coração	003.png	0	0
iam	coração	004.png	0	0
iam	coração	005.png	0	0
iam	coração	006.png	0	0
iam	coração	007.png	1	0
iam	coração	008.png	0	0
iam	coração	009.png	0	0
iam	coração	010.png	0	0
iam	coração	011.png	0	0
iam	coração	012.png	0	0
iam	coração	013.png	0	0
iam	coração	014.png	0	0
iam	coração	015.png	0	0
iam	coração	016.png	0	0
iam	coração	017.png	0	0
iam	coração	018.png	0	0
iam	coração	019.png	0	0
iam	coração	020.png	0	0
iam	coração	021.png	0	0
iam	coração	022.png	0	0
iam	coração	023.png	0	0
iam	coração	024.png	0	0
iam	coração	025.png	0	0
iam	coração	026.png	0	0
iam	coração	027.png	0	0
iam	coração	028.png	0	0
iam	coração	029.png	0	0
iam	coração	030.png	1	0
iam	coração	031.png	0	0
iam	coração	032.png	0	0
iam	coração	033.png	0	0
iam	coração	034.png	0	0
iam	coração	035.png	0	0
iam	coração	036.png	0	0
iam	coração	037.png	0	0
iam	coração	038.png	0	0
iam	coração	039.png	0	0
iam	have	000.png	0	0
iam	have	001.png	0	0
iam	have	002.png	0	0
iam	have	003.png	0	0
iam	have	004.png	0	0
iam	have	005.png	0	0
iam	have	006.png	0	0
iam	have	007.png	0	0
iam	have	008.png	1	0
iam	have	009.png	0	0
iam	have	010.png	0	0
iam	have	011.png	0	0
iam	have	012.png	0	0
iam	have	013.png	0	0
iam	have	014.png	0	0
iam	have	015.png	0	0
iam	have	016.png	0	0
iam	have	017.png	0	0
iam	have	018.png	0	0
iam	have	019.png	0	0
iam	have	020.png	0	0
iam	have	021.png	0	0
iam	have	022.png	0	0
iam	have	023.png	0	0
iam	have	024.png	0	0
iam	have	025.png	0	0
iam	have	026.png	0	0
iam	have	027.png	0	0
iam	have	028.png	0	0
iam	have	029.png	0	0
iam	have	030.png	0	0
iam	have	031.png	0	0
iam	have	032.png	0	0
iam	have	033.png	0	0
iam	have	034.png	0	0
iam	have	035.png	0	0
iam	have	036.png	0	0
iam	have	037.png	0	0
iam	have	038.png	0	0
iam	have	039.png	0	0
iam	mãe	000.png	0	0
iam	mãe	001.png	0	0
iam	mãe	002.png	0	0
iam	mãe	003.png	0	0
iam	mãe	004.png	0	0
iam	mãe	005.png	0	0
iam	mãe	006.png	0	0
iam	mãe	007.png	0	0
iam	mãe	008.png	0	0
iam	mãe	009.png	0	1
iam	mãe	010.png	0	0
iam	mãe	011.png	0	0
iam	mãe	012.png	0	0
iam	mãe	013.png	0	0
iam	mãe	014.png	0	0
iam	mãe	015.png	0	0
iam	mãe	016.png	0	0
iam	mãe	017.png	0	0
iam	mãe	018.png	0	0
iam	mãe	019.png	1	0
iam	mãe	020.png	0	0
iam	mãe	021.png	0	0
iam	mãe	022.png	0	0
iam	mãe	023.png	0	0
iam	mãe	024.png	0	0
iam	mãe	025.png	0	0
iam	mãe	026.png	0	0
iam	mãe	027.png	0	0
iam	mãe	028.png	0	0
iam	mãe	029.png	0	0
iam	mãe	030.png	0	0
iam	mãe	031.png	0	0
iam	mãe	032.png	0	0
iam	mãe	033.png	0	0
iam	mãe	034.png	1	0
iam	mãe	035.png	0	0
iam	mãe	036.png	0	0
iam	mãe	037.png	0	1
iam	mãe	038.png	0	0
iam	mãe	039.png	0	0
iam	nacao	000.png	0	0
iam	nacao	001.png	0	0
iam	nacao	002.png	0	0
iam	nacao	003.png	0	0
iam	nacao	004.png	0	1
iam	nacao	005.png	0	0
iam	nacao	006.png	0	0
iam	nacao	007.png	0	0
iam	nacao	008.png	0	0
iam	nacao	009.png	0	0
iam	nacao	010.png	0	0
iam	nacao	011.png	0	0
iam	nacao	012.png	0	0
iam	nacao	013.png	0	0
iam	nacao	014.png	0	0
iam	nacao	015.png	0	0
iam	nacao	016.png	0	0
iam	nacao	017.png	0	0
iam	nacao	018.png	0	0
iam	nacao	019.png	0	0
iam	nacao	020.png	0	0
iam	nacao	021.png	0	0
iam	nacao	022.png	0	0
iam	nacao	023.png	0	0
iam	nacao	024.png	0	0
iam	nacao	025.png	0	0
iam	nacao	026.png	0	0
iam	nacao	027.png	0	0
iam	nacao	028.png	0	0
iam	nacao	029.png	0	0
iam	nacao	030.png	0	0
iam	nacao	031.png	0	0
iam	nacao	032.png	0	0
iam	nacao	033.png	0	0
iam	nacao	034.png	0	0
iam	nacao	035.png	0	0
iam	nacao	036.png	0	0
iam	nacao	037.png	0	0
iam	nacao	038.png	0	0
iam	nacao	039.png	0	0
iam	nação	000.png	0	0
iam	nação	001.png	0	0
iam	nação	002.png	0	0
iam	nação	003.png	0	0
iam	nação	004.png	0	0
iam	nação	005.png	0	0
iam	nação	006.png	0	0
iam	nação	007.png	0	0
iam	nação	008.png	0	0
iam	nação	009.png	0	0
iam	nação	010.png	0	0
iam	nação	011.png	0	0
iam	nação	012.png	1	0
iam	nação	013.png	0	0
iam	nação	014.png	0	0
iam	nação	015.png	0	0
iam	nação	016.png	0	0
iam	nação	017.png	0	0
iam	nação	018.png	0	0
iam	nação	019.png	0	0
iam	nação	020.png	0	0
iam	nação	021.png	0	0
iam	nação	022.png	0	0
iam	nação	023.png	0	0
iam	nação	024.png	0	0
iam	nação	025.png	0	0
iam	nação	026.png	0	0
iam	nação	027.png	0	0
iam	nação	028.png	0	0
iam	nação	029.png	0	0
iam	nação	030.png	0	0
iam	nação	031.png	0	0
iam	nação	032.png	0	0
iam	nação	033.png	0	0
iam	nação	034.png	0	0
iam	nação	035.png	0	0
iam	nação	036.png	0	0
iam	nação	037.png	0	0
iam	nação	038.png	0	0
iam	nação	039.png	0	0
iam	pao	000.png	0	0
iam	pao	001.png	0	0
iam	pao	002.png	0	0
iam	pao	003.png	0	0
iam	pao	004.png	0	0
iam	pao	005.png	0	0
iam	pao	006.png	0	0
iam	pao	007.png	0	0
iam	pao	008.png	0	0
iam	pao	009.png	0	0
iam	pao	010.png	0	0
iam	pao	011.png	0	0
iam	pao	012.png	0	0
iam	pao	013.png	0	0
iam	pao	014.png	0	0
iam	pao	015.png	0	0
iam	pao	016.png	0	0
iam	pao	017.png	0	0
iam	pao	018.png	0	0
iam	pao	019.png	0	0
iam	pao	020.png	0	0
iam	pao	021.png	0	0
iam	pao	022.png	0	0
iam	pao	023.png	0	0
iam	pao	024.png	0	0
iam	pao	025.png	0	0
iam	pao	026.png	0	0
iam	pao	027.png	0	0
iam	pao	028.png	0	0
iam	pao	029.png	0	0
iam	pao	030.png	0	0
iam	pao	031.png	0	0
iam	pao	032.png	0	0
iam	pao	033.png	0	0
iam	pao	034.png	0	0
iam	pao	035.png	0	0
iam	pao	036.png	0	0
iam	pao	037.png	0	0
iam	pao	038.png	0	0
iam	pao	039.png	0	0
iam	pão	000.png	0	0
iam	pão	001.png	0	0
iam	pão	002.png	0	0
iam	pão	003.png	0	0
iam	pão	004.png	0	0
iam	pão	005.png	0	0
iam	pão	006.png	0	0
iam	pão	007.png	0	0
iam	pão	008.png	0	0
iam	pão	009.png	0	0
iam	pão	010.png	0	0
iam	pão	011.png	0	0
iam	pão	012.png	0	0
iam	pão	013.png	0	0
iam	pão	014.png	0	0
iam	pão	015.png	0	0
iam	pão	016.png	0	0
iam	pão	017.png	0	0
iam	pão	018.png	0	0
iam	pão	019.png	0	0
iam	pão	020.png	0	0
iam	pão	021.png	0	0
iam	pão	022.png	0	0
iam	pão	023.png	0	0
iam	pão	024.png	0	0
iam	pão	025.png	0	0
iam	pão	026.png	0	0
iam	pão	027.png	0	0
iam	pão	028.png	0	0
iam	pão	029.png	0	0
iam	pão	030.png	0	0
iam	pão	031.png	0	0
iam	pão	032.png	0	0
iam	pão	033.png	0	0
iam	pão	034.png	0	0
iam	pão	035.png	0	0
iam	pão	036.png	0	0
iam	pão	037.png	0	0
iam	pão	038.png	0	0
iam	pão	039.png	0	0
iam	that	000.png	0	0
iam	that	001.png	0	0
iam	that	002.png	0	0
iam	that	003.png	0	0
iam	that	004.png	0	0
iam	that	005.png	0	0
iam	that	006.png	0	0
iam	that	007.png	0	0
iam	that	008.png	0	0
iam	that	009.png	0	0
iam	that	010.png	0	0
iam	that	011.png	0	0
iam	that	012.png	0	0
iam	that	013.png	0	0
iam	that	014.png	1	0
iam	that	015.png	0	0
iam	that	016.png	0	0
iam	that	017.png	0	0
iam	that	018.png	0	0
iam	that	019.png	0	0
iam	that	020.png	0	0
iam	that	021.png	0	0
iam	that	022.png	0	0
iam	that	023.png	0	0
iam	that	024.png	0	0
iam	that	025.png	0	0
iam	that	026.png	0	0
iam	that	027.png	0	0
iam	that	028.png	0	0
iam	that	029.png	0	0
iam	that	030.png	0	0
iam	that	031.png	0	0
iam	that	032.png	0	0
iam	that	033.png	0	0
iam	that	034.png	0	0
iam	that	035.png	0	0
iam	that	036.png	0	0
iam	that	037.png	0	0
iam	that	038.png	0	0
iam	that	039.png	0	0
iam	the	000.png	0	0
iam	the	001.png	0	0
iam	the	002.png	0	0
iam	the	003.png	0	0
iam	the	004.png	0	0
iam	the	005.png	0	0
iam	the	006.png	0	0
iam	the	007.png	0	0
iam	the	008.png	0	0
iam	the	009.png	0	0
iam	the	010.png	0	0
iam	the	011.png	0	0
iam	the	012.png	0	0
iam	the	013.png	0	0
iam	the	014.png	0	0
iam	the	015.png	0	0
iam	the	016.png	0	0
iam	the	017.png	0	0
iam	the	018.png	0	0
iam	the	019.png	0	0
iam	the	020.png	0	0
iam	the	021.png	0	0
iam	the	022.png	0	0
iam	the	023.png	0	0
iam	the	024.png	1	0
iam	the	025.png	1	0
iam	the	026.png	0	0
iam	the	027.png	0	0
iam	the	028.png	0	0
iam	the	029.png	0	0
iam	the	030.png	0	0
iam	the	031.png	0	0
iam	the	032.png	0	0
iam	the	033.png	0	0
iam	the	034.png	0	0
iam	the	035.png	0	0
iam	the	036.png	0	0
iam	the	037.png	0	0
iam	the	038.png	0	0
iam	the	039.png	0	0
iam	voce	000.png	0	0
iam	voce	001.png	0	0
iam	voce	002.png	0	0
iam	voce	003.png	0	0
iam	voce	004.png	1	0
iam	voce	005.png	0	0
iam	voce	006.png	1	0
iam	voce	007.png	0	0
iam	voce	008.png	0	0
iam	voce	009.png	0	0
iam	voce	010.png	0	0
iam	voce	011.png	0	0
iam	voce	012.png	0	0
iam	voce	013.png	0	0
iam	voce	014.png	0	0
iam	voce	015.png	0	0
iam	voce	016.png	0	0
iam	voce	017.png	0	0
iam	voce	018.png	0	0
iam	voce	019.png	0	0
iam	voce	020.png	0	0
iam	voce	021.png	0	0
iam	voce	022.png	0	0
iam	voce	023.png	0	0
iam	voce	024.png	0	0
iam	voce	025.png	0	0
iam	voce	026.png	0	0
iam	voce	027.png	0	0
iam	voce	028.png	0	0
iam	voce	029.png	0	0
iam	voce	030.png	0	0
iam	voce	031.png	0	0
iam	voce	032.png	0	0
iam	voce	033.png	0	0
iam	voce	034.png	0	0
iam	voce	035.png	0	0
iam	voce	036.png	0	0
iam	voce	037.png	0	0
iam	voce	038.png	0	0
iam	voce	039.png	0	0
iam	você	000.png	0	0
iam	você	001.png	0	0
iam	você	002.png	0	0
iam	você	003.png	0	0
iam	você	004.png	0	0
iam	você	005.png	1	0
iam	você	006.png	0	0
iam	você	007.png	0	0
iam	você	008.png	0	0
iam	você	009.png	0	0
iam	você	010.png	0	0
iam	você	011.png	0	0
iam	você	012.png	0	0
iam	você	013.png	0	0
iam	você	014.png	0	0
iam	você	015.png	0	0
iam	você	016.png	0	0
iam	você	017.png	0	1
iam	você	018.png	0	0
iam	você	019.png	0	0
iam	você	020.png	0	0
iam	você	021.png	0	0
iam	você	022.png	1	0
iam	você	023.png	0	0
iam	você	024.png	0	0
iam	você	025.png	0	0
iam	você	026.png	0	0
iam	você	027.png	0	0
iam	você	028.png	0	0
iam	você	029.png	0	0
iam	você	030.png	0	0
iam	você	031.png	0	0
iam	você	032.png	0	0
iam	você	033.png	0	0
iam	você	034.png	0	0
iam	você	035.png	0	0
iam	você	036.png	0	0
iam	você	037.png	0	0
iam	você	038.png	1	0
iam	você	039.png	0	0
iam	and	000.png	0	0
iam	and	001.png	0	0
iam	and	002.png	0	0
iam	and	003.png	0	0
iam	and	004.png	0	0
iam	and	005.png	0	0
iam	and	006.png	0	0
iam	and	007.png	0	0
iam	and	008.png	0	0
iam	and	009.png	0	0
iam	and	010.png	0	0
iam	and	011.png	0	0
iam	and	012.png	0	0
iam	and	013.png	0	0
iam	and	014.png	0	0
iam	and	015.png	0	0
iam	and	016.png	0	0
iam	and	017.png	0	0
iam	and	018.png	0	0
iam	and	019.png	0	0
iam	and	020.png	0	0
iam	and	021.png	0	0
iam	and	022.png	0	0
iam	and	023.png	0	0
iam	and	024.png	0	0
iam	and	025.png	0	0
iam	and	026.png	0	0
iam	and	027.png	0	0
iam	and	028.png	0	0
iam	and	029.png	0	0
iam	and	030.png	0	0
iam	and	031.png	0	0
iam	and	032.png	0	0
iam	and	033.png	0	0
iam	and	034.png	0	0
iam	and	035.png	0	0
iam	and	036.png	0	0
iam	and	037.png	0	0
iam	and	038.png	0	0
iam	and	039.png	0	0
iam	até	000.png	0	0
iam	até	001.png	0	0
iam	até	002.png	0	0
iam	até	003.png	1	0
iam	até	004.png	0	0
iam	até	005.png	0	0
iam	até	006.png	0	0
iam	até	007.png	0	0
iam	até	008.png	0	0
iam	até	009.png	0	0
iam	até	010.png	0	0
iam	até	011.png	0	0
iam	até	012.png	0	0
iam	até	013.png	0	0
iam	até	014.png	0	0
iam	até	015.png	0	0
iam	até	016.png	0	0
iam	até	017.png	0	0
iam	até	018.png	0	0
iam	até	019.png	0	0
iam	até	020.png	0	0
iam	até	021.png	0	0
iam	até	022.png	0	0
iam	até	023.png	0	0
iam	até	024.png	0	0
iam	até	025.png	0	0
iam	até	026.png	0	0
iam	até	027.png	0	0
iam	até	028.png	0	0
iam	até	029.png	0	0
iam	até	030.png	0	0
iam	até	031.png	0	0
iam	até	032.png	0	0
iam	até	033.png	0	0
iam	até	034.png	0	0
iam	até	035.png	0	0
iam	até	036.png	0	0
iam	até	037.png	0	0
iam	até	038.png	0	0
iam	até	039.png	0	0
iam	avo	000.png	0	0
iam	avo	001.png	0	0
iam	avo	002.png	0	0
iam	avo	003.png	0	0
iam	avo	004.png	0	0
iam	avo	005.png	0	0
iam	avo	006.png	0	0
iam	avo	007.png	0	0
iam	avo	008.png	0	0
iam	avo	009.png	0	0
iam	avo	010.png	0	0
iam	avo	011.png	0	0
iam	avo	012.png	0	0
iam	avo	013.png	0	0
iam	avo	014.png	0	0
iam	avo	015.png	0	0
iam	avo	016.png	0	0
iam	avo	017.png	0	0
iam	avo	018.png	0	0
iam	avo	019.png	0	0
iam	avo	020.png	0	0
iam	avo	021.png	0	0
iam	avo	022.png	0	0
iam	avo	023.png	0	0
iam	avo	024.png	0	0
iam	avo	025.png	0	0
iam	avo	026.png	0	0
iam	avo	027.png	0	0
iam	avo	028.png	0	0
iam	avo	029.png	0	0
iam	avo	030.png	0	0
iam	avo	031.png	0	0
iam	avo	032.png	0	0
iam	avo	033.png	0	0
iam	avo	034.png	0	0
iam	avo	035.png	0	0
iam	avo	036.png	0	0
iam	avo	037.png	0	0
iam	avo	038.png	0	0
iam	avo	039.png	0	0
iam	avó	000.png	0	0
iam	avó	001.png	0	0
iam	avó	002.png	0	0
iam	avó	003.png	0	0
iam	avó	004.png	0	0
iam	avó	005.png	0	0
iam	avó	006.png	0	0
iam	avó	007.png	0	0
iam	avó	008.png	0	0
iam	avó	009.png	0	0
iam	avó	010.png	0	0
iam	avó	011.png	0	0
iam	avó	012.png	0	0
iam	avó	013.png	0	0
iam	avó	014.png	0	0
iam	avó	015.png	0	0
iam	avó	016.png	0	0
iam	avó	017.png	0	0
iam	avó	018.png	0	0
iam	avó	019.png	0	0
iam	avó	020.png	0	0
iam	avó	021.png	1	0
iam	avó	022.png	0	0
iam	avó	023.png	0	0
iam	avó	024.png	0	0
iam	avó	025.png	0	0
iam	avó	026.png	0	0
iam	avó	027.png	0	0
iam	avó	028.png	0	0
iam	avó	029.png	0	0
iam	avó	030.png	0	0
iam	avó	031.png	0	0
iam	avó	032.png	0	0
iam	avó	033.png	0	0
iam	avó	034.png	0	0
iam	avó	035.png	0	0
iam	avó	036.png	0	0
iam	avó	037.png	0	0
iam	avó	038.png	0	0
iam	avó	039.png	0	0
iam	café	000.png	0	0
iam	café	001.png	0	0
iam	café	002.png	0	0
iam	café	003.png	0	0
iam	café	004.png	0	0
iam	café	005.png	0	1
iam	café	006.png	0	1
iam	café	007.png	0	0
iam	café	008.png	0	0
iam	café	009.png	0	0
iam	café	010.png	0	0
iam	café	011.png	0	0
iam	café	012.png	0	0
iam	café	013.png	0	0
iam	café	014.png	0	0
iam	café	015.png	0	0
iam	café	016.png	0	0
iam	café	017.png	0	0
iam	café	018.png	0	0
iam	café	019.png	0	0
iam	café	020.png	0	0
iam	café	021.png	0	0
iam	café	022.png	0	0
iam	café	023.png	0	0
iam	café	024.png	0	0
iam	café	025.png	0	0
iam	café	026.png	0	0
iam	café	027.png	0	0
iam	café	028.png	0	0
iam	café	029.png	0	0
iam	café	030.png	0	0
iam	café	031.png	0	0
iam	café	032.png	0	0
iam	café	033.png	0	0
iam	café	034.png	0	0
iam	café	035.png	0	0
iam	café	036.png	0	0
iam	café	037.png	0	0
iam	café	038.png	0	0
iam	café	039.png	0	0
iam	coracao	000.png	0	0
iam	coracao	001.png	0	0
iam	coracao	002.png	1	0
iam	coracao	003.png	0	0
iam	coracao	004.png	0	0
iam	coracao	005.png	0	0
iam	coracao	006.png	0	0
iam	coracao	007.png	0	0
iam	coracao	008.png	0	0
iam	coracao	009.png	0	0
iam	coracao	010.png	0	0
iam	coracao	011.png	0	0
iam	coracao	012.png	0	0
iam	coracao	013.png	1	0
iam	coracao	014.png	0	0
iam	coracao	015.png	0	0
iam	coracao	016.png	0	0
iam	coracao	017.png	0	0
iam	coracao	018.png	0	0
iam	coracao	019.png	0	0
iam	coracao	020.png	0	0
iam	coracao	021.png	0	0
iam	coracao	022.png	0	0
iam	coracao	023.png	0	0
iam	coracao	024.png	0	0
iam	coracao	025.png	0	0
iam	coracao	026.png	0	0
iam	coracao	027.png	0	0
iam	coracao	028.png	0	0
iam	coracao	029.png	0	0
iam	coracao	030.png	0	0
iam	coracao	031.png	0	0
iam	coracao	032.png	0	0
iam	coracao	033.png	0	0
iam	coracao	034.png	0	0
iam	coracao	035.png	0	0
iam	coracao	036.png	0	0
iam	coracao	037.png	0	0
iam	coracao	038.png	0	0
iam	coracao	039.png	0	0
iam	coração	000.png	0	0
iam	coração	001.png	0	0
iam	coração	002.png	0	0
iam	coração	003.png	0	0
iam	coração	004.png	0	0
iam	coração	005.png	0	0
iam	coração	006.png	0	0
iam	coração	007.png	0	0
iam	coração	008.png	0	0
iam	coração	009.png	0	0
iam	coração	010.png	0	0
iam	coração	011.png	0	0
iam	coração	012.png	0	0
iam	coração	013.png	0	0
iam	coração	014.png	0	0
iam	coração	015.png	0	0
iam	coração	016.png	0	0
iam	coração	017.png	0	0
iam	coração	018.png	0	0
iam	coração	019.png	0	0
iam	coração	020.png	0	0
iam	coração	021.png	0	0
iam	coração	022.png	0	0
iam	coração	023.png	0	0
iam	coração	024.png	1	0
iam	coração	025.png	0	0
iam	coração	026.png	0	0
iam	coração	027.png	0	0
iam	coração	028.png	0	0
iam	coração	029.png	0	0
iam	coração	030.png	0	0
iam	coração	031.png	1	0
iam	coração	032.png	0	0
iam	coração	033.png	0	0
iam	coração	034.png	0	1
iam	coração	035.png	0	0
iam	coração	036.png	0	0
iam	coração	037.png	0	0
iam	coração	038.png	0	0
iam	coração	039.png	0	0
iam	have	000.png	0	0
iam	have	001.png	0	0
iam	have	002.png	0	0
iam	have	003.png	0	0
iam	have	004.png	0	0
iam	have	005.png	0	0
iam	have	006.png	0	0
iam	have	007.png	0	0
iam	have	008.png	0	0
iam	have	009.png	0	0
iam	have	010.png	0	0
iam	have	011.png	0	0
iam	have	012.png	0	0
iam	have	013.png	0	0
iam	have	014.png	0	0
iam	have	015.png	0	0
iam	have	016.png	0	0
iam	have	017.png	0	0
iam	have	018.png	0	0
iam	have	019.png	0	0
iam	have	020.png	0	0
iam	have	021.png	0	0
iam	have	022.png	0	0
iam	have	023.png	0	0
iam	have	024.png	0	0
iam	have	025.png	0	0
iam	have	026.png	0	0
iam	have	027.png	0	0
iam	have	028.png	0	0
iam	have	029.png	0	0
iam	have	030.png	0	0
iam	have	031.png	0	0
iam	have	032.png	1	0
iam	have	033.png	0	0
iam	have	034.png	0	0
iam	have	035.png	0	0
iam	have	036.png	0	0
iam	have	037.png	0	0
iam	have	038.png	0	0
iam	have	039.png	0	0
iam	mãe	000.png	0	0
iam	mãe	001.png	0	0
iam	mãe	002.png	0	0
iam	mãe	003.png	0	0
iam	mãe	004.png	0	0
iam	mãe	005.png	0	0
iam	mãe	006.png	0	0
iam	mãe	007.png	0	0
iam	mãe	008.png	0	0
iam	mãe	009.png	0	0
iam	mãe	010.png	0	0
iam	mãe	011.png	0	0
iam	mãe	012.png	0	0
iam	mãe	013.png	0	0
iam	mãe	014.png	0	0
iam	mãe	015.png	0	0
iam	mãe	016.png	0	0
iam	mãe	017.png	0	0
iam	mãe	018.png	0	0
iam	mãe	019.png	0	0
iam	mãe	020.png	0	0
iam	mãe	021.png	0	0
iam	mãe	022.png	0	0
iam	mãe	023.png	0	0
iam	mãe	024.png	0	0
iam	mãe	025.png	0	0
iam	mãe	026.png	0	0
iam	mãe	027.png	0	0
iam	mãe	028.png	0	0
iam	mãe	029.png	0	0
iam	mãe	030.png	0	0
iam	mãe	031.png	0	1
iam	mãe	032.png	0	0
iam	mãe	033.png	0	0
iam	mãe	034.png	0	0
iam	mãe	035.png	0	0
iam	mãe	036.png	0	0
iam	mãe	037.png	0	0
iam	mãe	038.png	0	0
iam	mãe	039.png	0	0
iam	nacao	000.png	0	0
iam	nacao	001.png	0	0
iam	nacao	002.png	0	0
iam	nacao	003.png	0	0
iam	nacao	004.png	0	0
iam	nacao	005.png	0	0
iam	nacao	006.png	0	0
iam	nacao	007.png	0	0
iam	nacao	008.png	0	0
iam	nacao	009.png	0	0
iam	nacao	010.png	0	0
iam	nacao	011.png	0	0
iam	nacao	012.png	0	0
iam	nacao	013.png	1	0
iam	nacao	014.png	0	0
iam	nacao	015.png	0	0
iam	nacao	016.png	0	0
iam	nacao	017.png	0	0
iam	nacao	018.png	0	0
iam	nacao	019.png	0	0
iam	nacao	020.png	0	0
iam	nacao	021.png	0	0
iam	nacao	022.png	0	0
iam	nacao	023.png	0	0
iam	nacao	024.png	1	0
iam	nacao	025.png	0	0
iam	nacao	026.png	0	0
iam	nacao	027.png	0	0
iam	nacao	028.png	0	0
iam	nacao	029.png	0	0
iam	nacao	030.png	0	0
iam	nacao	031.png	0	0
iam	nacao	032.png	0	0
iam	nacao	033.png	0	0
iam	nacao	034.png	0	0
iam	nacao	035.png	0	0
iam	nacao	036.png	0	0
iam	nacao	037.png	0	0
iam	nacao	038.png	0	0
iam	nacao	039.png	0	0
iam	nação	000.png	0	0
iam	nação	001.png	0	0
iam	nação	002.png	0	0
iam	nação	003.png	0	0
iam	nação	004.png	0	0
iam	nação	005.png	0	0
iam	nação	006.png	0	0
iam	nação	007.png	0	0
iam	nação	008.png	0	0
iam	nação	009.png	0	0
iam	nação	010.png	0	0
iam	nação	011.png	0	0
iam	nação	012.png	0	0
iam	nação	013.png	0	0
iam	nação	014.png	0	0
iam	nação	015.png	0	0
iam	nação	016.png	0	0
iam	nação	017.png	0	0
iam	nação	018.png	0	0
iam	nação	019.png	0	0
iam	nação	020.png	0	0
iam	nação	021.png	1	0
iam	nação	022.png	0	0
iam	nação	023.png	0	0
iam	nação	024.png	0	0
iam	nação	025.png	0	0
iam	nação	026.png	0	0
iam	nação	027.png	0	0
iam	nação	028.png	0	0
iam	nação	029.png	0	0
iam	nação	030.png	0	0
iam	nação	031.png	0	0
iam	nação	032.png	0	0
iam	nação	033.png	0	0
iam	nação	034.png	0	0
iam	nação	035.png	0	0
iam	nação	036.png	0	0
iam	nação	037.png	0	0
iam	nação	038.png	0	0
iam	nação	039.png	0	0
iam	pao	000.png	0	0
iam	pao	001.png	0	0
iam	pao	002.png	0	0
iam	pao	003.png	0	0
iam	pao	004.png	0	0
iam	pao	005.png	0	0
iam	pao	006.png	0	0
iam	pao	007.png	0	0
iam	pao	008.png	0	0
iam	pao	009.png	0	0
iam	pao	010.png	0	0
iam	pao	011.png	0	0
iam	pao	012.png	0	0
iam	pao	013.png	0	0
iam	pao	014.png	0	0
iam	pao	015.png	0	0
iam	pao	016.png	0	0
iam	pao	017.png	0	0
iam	pao	018.png	0	0
iam	pao	019.png	0	0
iam	pao	020.png	0	0
iam	pao	021.png	0	0
iam	pao	022.png	0	0
iam	pao	023.png	0	0
iam	pao	024.png	0	0
iam	pao	025.png	0	0
iam	pao	026.png	0	0
iam	pao	027.png	0	0
iam	pao	028.png	0	0
iam	pao	029.png	0	0
iam	pao	030.png	0	0
iam	pao	031.png	0	0
iam	pao	032.png	0	0
iam	pao	033.png	0	0
iam	pao	034.png	0	0
iam	pao	035.png	0	0
iam	pao	036.png	0	0
iam	pao	037.png	0	0
iam	pao	038.png	0	0
iam	pao	039.png	0	0
iam	pão	000.png	0	0
iam	pão	001.png	0	0
iam	pão	002.png	0	0
iam	pão	003.png	0	0
iam	pão	004.png	0	0
iam	pão	005.png	0	0
iam	pão	006.png	0	0
iam	pão	007.png	0	0
iam	pão	008.png	0	0
iam	pão	009.png	0	0
iam	pão	010.png	0	0
iam	pão	011.png	0	0
iam	pão	012.png	0	0
iam	pão	013.png	0	0
iam	pão	014.png	0	0
iam	pão	015.png	0	0
iam	pão	016.png	0	0
iam	pão	017.png	0	0
iam	pão	018.png	0	0
iam	pão	019.png	0	0
iam	pão	020.png	0	0
iam	pão	021.png	0	0
iam	pão	022.png	0	0
iam	pão	023.png	0	0
iam	pão	024.png	0	0
iam	pão	025.png	0	0
iam	pão	026.png	0	0
iam	pão	027.png	0	0
iam	pão	028.png	0	0
iam	pão	029.png	0	0
iam	pão	030.png	0	0
iam	pão	031.png	0	0
iam	pão	032.png	0	0
iam	pão	033.png	0	0
iam	pão	034.png	0	0
iam	pão	035.png	0	0
iam	pão	036.png	0	0
iam	pão	037.png	0	0
iam	pão	038.png	0	0
iam	pão	039.png	0	0
iam	that	000.png	0	0
iam	that	001.png	0	0
iam	that	002.png	0	0
iam	that	003.png	0	0
iam	that	004.png	0	0
iam	that	005.png	0	0
iam	that	006.png	0	0
iam	that	007.png	0	0
iam	that	008.png	0	0
iam	that	009.png	0	0
iam	that	010.png	0	0
iam	that	011.png	0	0
iam	that	012.png	0	0
iam	that	013.png	0	0
iam	that	014.png	1	0
iam	that	015.png	0	0
iam	that	016.png	0	0
iam	that	017.png	0	0
iam	that	018.png	0	0
iam	that	019.png	0	0
iam	that	020.png	0	0
iam	that	021.png	1	0
iam	that	022.png	0	0
iam	that	023.png	0	0
iam	that	024.png	0	0
iam	that	025.png	0	1
iam	that	026.png	0	0
iam	that	027.png	0	0
iam	that	028.png	0	0
iam	that	029.png	0	0
iam	that	030.png	0	0
iam	that	031.png	0	0
iam	that	032.png	0	0
iam	that	033.png	0	0
iam	that	034.png	0	0
iam	that	035.png	0	0
iam	that	036.png	0	0
iam	that	037.png	0	0
iam	that	038.png	0	0
iam	that	039.png	0	0
iam	the	000.png	0	0
iam	the	001.png	0	0
iam	the	002.png	0	0
iam	the	003.png	0	0
iam	the	004.png	0	0
iam	the	005.png	0	0
iam	the	006.png	0	0
iam	the	007.png	0	0
iam	the	008.png	0	0
iam	the	009.png	0	0
iam	the	010.png	0	0
iam	the	011.png	0	0
iam	the	012.png	0	0
iam	the	013.png	0	0
iam	the	014.png	0	0
iam	the	015.png	0	0
iam	the	016.png	0	0
iam	the	017.png	0	0
iam	the	018.png	0	0
iam	the	019.png	0	0
iam	the	020.png	0	0
iam	the	021.png	0	0
iam	the	022.png	0	0
iam	the	023.png	0	0
iam	the	024.png	0	0
iam	the	025.png	0	0
iam	the	026.png	0	0
iam	the	027.png	0	0
iam	the	028.png	0	0
iam	the	029.png	0	0
iam	the	030.png	0	0
iam	the	031.png	0	0
iam	the	032.png	0	0
iam	the	033.png	0	0
iam	the	034.png	0	0
iam	the	035.png	0	0
iam	the	036.png	0	0
iam	the	037.png	0	0
iam	the	038.png	0	0
iam	the	039.png	0	0
iam	voce	000.png	0	0
iam	voce	001.png	0	0
iam	voce	002.png	0	0
iam	voce	003.png	0	0
iam	voce	004.png	0	0
iam	voce	005.png	0	0
iam	voce	006.png	0	0
iam	voce	007.png	0	0
iam	voce	008.png	0	0
iam	voce	009.png	0	0
iam	voce	010.png	0	0
iam	voce	011.png	0	0
iam	voce	012.png	0	0
iam	voce	013.png	0	0
iam	voce	014.png	0	0
iam	voce	015.png	0	0
iam	voce	016.png	0	0
iam	voce	017.png	0	0
iam	voce	018.png	0	0
iam	voce	019.png	0	0
iam	voce	020.png	0	0
iam	voce	021.png	0	0
iam	voce	022.png	0	0
iam	voce	023.png	0	0
iam	voce	024.png	0	0
iam	voce	025.png	0	0
iam	voce	026.png	0	0
iam	voce	027.png	0	0
iam	voce	028.png	0	0
iam	voce	029.png	0	0
iam	voce	030.png	0	0
iam	voce	031.png	0	0
iam	voce	032.png	0	0
iam	voce	033.png	0	0
iam	voce	034.png	0	0
iam	voce	035.png	0	0
iam	voce	036.png	0	0
iam	voce	037.png	0	0
iam	voce	038.png	0	0
iam	voce	039.png	0	0
iam	você	000.png	0	0
iam	você	001.png	0	0
iam	você	002.png	0	0
iam	você	003.png	0	0
iam	você	004.png	0	0
iam	você	005.png	0	0
iam	você	006.png	1	0
iam	você	007.png	0	0
iam	você	008.png	0	0
iam	você	009.png	0	0
iam	você	010.png	0	0
iam	você	011.png	0	0
iam	você	012.png	0	0
iam	você	013.png	0	0
iam	você	014.png	0	0
iam	você	015.png	0	0
iam	você	016.png	0	0
iam	você	017.png	0	0
iam	você	018.png	0	0
iam	você	019.png	1	0
iam	você	020.png	0	0
iam	você	021.png	0	0
iam	você	022.png	0	0
iam	você	023.png	0	0
iam	você	024.png	0	0
iam	você	025.png	0	0
iam	você	026.png	0	0
iam	você	027.png	0	0
iam	você	028.png	0	0
iam	você	029.png	0	0
iam	você	030.png	0	0
iam	você	031.png	0	0
iam	você	032.png	0	0
iam	você	033.png	0	0
iam	você	034.png	0	0
iam	você	035.png	1	0
iam	você	036.png	0	0
iam	você	037.png	0	0
iam	você	038.png	0	0
iam	você	039.png	0	0
sem_teto	and	000.png	0	0
sem_teto	and	001.png	0	0
sem_teto	and	002.png	0	0
sem_teto	and	003.png	0	0
sem_teto	and	004.png	0	0
sem_teto	and	005.png	0	0
sem_teto	and	006.png	3	0
sem_teto	and	007.png	1	0
sem_teto	and	008.png	0	0
sem_teto	and	009.png	0	0
sem_teto	and	010.png	0	0
sem_teto	and	011.png	1	0
sem_teto	and	012.png	0	0
sem_teto	and	013.png	0	0
sem_teto	and	014.png	0	0
sem_teto	and	015.png	0	0
sem_teto	and	016.png	0	0
sem_teto	and	017.png	0	0
sem_teto	and	018.png	0	0
sem_teto	and	019.png	0	0
sem_teto	and	020.png	0	0
sem_teto	and	021.png	0	0
sem_teto	and	022.png	0	0
sem_teto	and	023.png	0	0
sem_teto	and	024.png	1	0
sem_teto	and	025.png	0	0
sem_teto	and	026.png	0	0
sem_teto	and	027.png	2	0
sem_teto	and	028.png	0	0
sem_teto	and	029.png	1	0
sem_teto	and	030.png	0	0
sem_teto	and	031.png	1	0
sem_teto	and	032.png	1	0
sem_teto	and	033.png	0	0
sem_teto	and	034.png	0	0
sem_teto	and	035.png	0	0
sem_teto	and	036.png	0	0
sem_teto	and	037.png	0	0
sem_teto	and	038.png	1	0
sem_teto	and	039.png	0	0
sem_teto	até	000.png	1	0
sem_teto	até	001.png	0	0
sem_teto	até	002.png	1	0
sem_teto	até	003.png	1	0
sem_teto	até	004.png	0	0
sem_teto	até	005.png	2	0
sem_teto	até	006.png	0	0
sem_teto	até	007.png	0	0
sem_teto	até	008.png	0	0
sem_teto	até	009.png	1	0
sem_teto	até	010.png	0	0
sem_teto	até	011.png	0	0
sem_teto	até	012.png	1	0
sem_teto	até	013.png	0	0
sem_teto	até	014.png	0	1
sem_teto	até	015.png	0	0
sem_teto	até	016.png	2	0
sem_teto	até	017.png	0	0
sem_teto	até	018.png	0	0
sem_teto	até	019.png	2	0
sem_teto	até	020.png	0	0
sem_teto	até	021.png	1	0
sem_teto	até	022.png	0	0
sem_teto	até	023.png	1	0
sem_teto	até	024.png	0	0
sem_teto	até	025.png	1	0
sem_teto	até	026.png	1	0
sem_teto	até	027.png	1	0
sem_teto	até	028.png	0	0
sem_teto	até	029.png	0	0
sem_teto	até	030.png	1	0
sem_teto	até	031.png	1	0
sem_teto	até	032.png	0	0
sem_teto	até	033.png	1	0
sem_teto	até	034.png	0	0
sem_teto	até	035.png	0	0
sem_teto	até	036.png	2	0
sem_teto	até	037.png	0	0
sem_teto	até	038.png	0	0
sem_teto	até	039.png	0	0
sem_teto	avo	000.png	0	0
sem_teto	avo	001.png	0	0
sem_teto	avo	002.png	0	0
sem_teto	avo	003.png	1	0
sem_teto	avo	004.png	0	0
sem_teto	avo	005.png	0	0
sem_teto	avo	006.png	0	0
sem_teto	avo	007.png	3	0
sem_teto	avo	008.png	0	0
sem_teto	avo	009.png	0	0
sem_teto	avo	010.png	0	0
sem_teto	avo	011.png	0	0
sem_teto	avo	012.png	0	0
sem_teto	avo	013.png	0	0
sem_teto	avo	014.png	0	0
sem_teto	avo	015.png	0	0
sem_teto	avo	016.png	0	0
sem_teto	avo	017.png	0	0
sem_teto	avo	018.png	0	0
sem_teto	avo	019.png	0	0
sem_teto	avo	020.png	0	0
sem_teto	avo	021.png	0	0
sem_teto	avo	022.png	1	0
sem_teto	avo	023.png	0	0
sem_teto	avo	024.png	0	0
sem_teto	avo	025.png	0	0
sem_teto	avo	026.png	0	0
sem_teto	avo	027.png	2	0
sem_teto	avo	028.png	0	0
sem_teto	avo	029.png	0	0
sem_teto	avo	030.png	0	0
sem_teto	avo	031.png	0	0
sem_teto	avo	032.png	0	0
sem_teto	avo	033.png	0	0
sem_teto	avo	034.png	1	0
sem_teto	avo	035.png	0	0
sem_teto	avo	036.png	0	0
sem_teto	avo	037.png	0	0
sem_teto	avo	038.png	0	0
sem_teto	avo	039.png	0	0
sem_teto	avó	000.png	0	0
sem_teto	avó	001.png	0	0
sem_teto	avó	002.png	0	0
sem_teto	avó	003.png	1	0
sem_teto	avó	004.png	1	0
sem_teto	avó	005.png	1	0
sem_teto	avó	006.png	0	0
sem_teto	avó	007.png	0	0
sem_teto	avó	008.png	0	0
sem_teto	avó	009.png	0	0
sem_teto	avó	010.png	0	0
sem_teto	avó	011.png	0	0
sem_teto	avó	012.png	0	0
sem_teto	avó	013.png	0	0
sem_teto	avó	014.png	0	0
sem_teto	avó	015.png	0	0
sem_teto	avó	016.png	0	0
sem_teto	avó	017.png	0	0
sem_teto	avó	018.png	1	0
sem_teto	avó	019.png	2	0
sem_teto	avó	020.png	0	0
sem_teto	avó	021.png	0	0
sem_teto	avó	022.png	2	0
sem_teto	avó	023.png	1	0
sem_teto	avó	024.png	1	0
sem_teto	avó	025.png	0	0
sem_teto	avó	026.png	0	0
sem_teto	avó	027.png	0	0
sem_teto	avó	028.png	0	0
sem_teto	avó	029.png	0	0
sem_teto	avó	030.png	0	0
sem_teto	avó	031.png	0	0
sem_teto	avó	032.png	2	0
sem_teto	avó	033.png	0	0
sem_teto	avó	034.png	0	0
sem_teto	avó	035.png	0	0
sem_teto	avó	036.png	0	0
sem_teto	avó	037.png	1	0
sem_teto	avó	038.png	3	0
sem_teto	avó	039.png	0	0
sem_teto	café	000.png	2	0
sem_teto	café	001.png	0	0
sem_teto	café	002.png	2	0
sem_teto	café	003.png	1	0
sem_teto	café	004.png	0	0
sem_teto	café	005.png	1	1
sem_teto	café	006.png	1	0
sem_teto	café	007.png	1	0
sem_teto	café	008.png	1	0
sem_teto	café	009.png	1	1
sem_teto	café	010.png	1	1
sem_teto	café	011.png	1	0
sem_teto	café	012.png	1	1
sem_teto	café	013.png	0	0
sem_teto	café	014.png	0	0
sem_teto	café	015.png	2	0
sem_teto	café	016.png	0	0
sem_teto	café	017.png	1	0
sem_teto	café	018.png	1	0
sem_teto	café	019.png	1	0
sem_teto	café	020.png	1	0
sem_teto	café	021.png	0	0
sem_teto	café	022.png	0	0
sem_teto	café	023.png	1	0
sem_teto	café	024.png	1	0
sem_teto	café	025.png	2	0
sem_teto	café	026.png	0	0
sem_teto	café	027.png	1	0
sem_teto	café	028.png	1	0
sem_teto	café	029.png	0	0
sem_teto	café	030.png	0	0
sem_teto	café	031.png	0	0
sem_teto	café	032.png	0	0
sem_teto	café	033.png	0	0
sem_teto	café	034.png	1	0
sem_teto	café	035.png	0	0
sem_teto	café	036.png	1	0
sem_teto	café	037.png	1	0
sem_teto	café	038.png	1	0
sem_teto	café	039.png	1	0
sem_teto	coracao	000.png	0	2
sem_teto	coracao	001.png	0	0
sem_teto	coracao	002.png	0	0
sem_teto	coracao	003.png	1	3
sem_teto	coracao	004.png	0	0
sem_teto	coracao	005.png	1	0
sem_teto	coracao	006.png	2	0
sem_teto	coracao	007.png	2	0
sem_teto	coracao	008.png	3	0
sem_teto	coracao	009.png	0	0
sem_teto	coracao	010.png	0	1
sem_teto	coracao	011.png	0	0
sem_teto	coracao	012.png	0	0
sem_teto	coracao	013.png	0	1
sem_teto	coracao	014.png	0	0
sem_teto	coracao	015.png	0	0
sem_teto	coracao	016.png	0	0
sem_teto	coracao	017.png	2	0
sem_teto	coracao	018.png	1	0
sem_teto	coracao	019.png	1	0
sem_teto	coracao	020.png	0	0
sem_teto	coracao	021.png	0	0
sem_teto	coracao	022.png	1	0
sem_teto	coracao	023.png	0	0
sem_teto	coracao	024.png	0	0
sem_teto	coracao	025.png	0	0
sem_teto	coracao	026.png	0	0
sem_teto	coracao	027.png	0	0
sem_teto	coracao	028.png	0	0
sem_teto	coracao	029.png	2	0
sem_teto	coracao	030.png	1	3
sem_teto	coracao	031.png	0	0
sem_teto	coracao	032.png	2	1
sem_teto	coracao	033.png	1	0
sem_teto	coracao	034.png	1	0
sem_teto	coracao	035.png	3	0
sem_teto	coracao	036.png	1	0
sem_teto	coracao	037.png	0	1
sem_teto	coracao	038.png	1	0
sem_teto	coracao	039.png	0	0
sem_teto	coração	000.png	0	0
sem_teto	coração	001.png	2	0
sem_teto	coração	002.png	2	0
sem_teto	coração	003.png	0	0
sem_teto	coração	004.png	1	0
sem_teto	coração	005.png	2	0
sem_teto	coração	006.png	3	0
sem_teto	coração	007.png	1	0
sem_teto	coração	008.png	2	0
sem_teto	coração	009.png	0	0
sem_teto	coração	010.png	1	0
sem_teto	coração	011.png	3	0
sem_teto	coração	012.png	1	0
sem_teto	coração	013.png	1	0
sem_teto	coração	014.png	1	0
sem_teto	coração	015.png	2	1
sem_teto	coração	016.png	3	0
sem_teto	coração	017.png	2	0
sem_teto	coração	018.png	1	0
sem_teto	coração	019.png	2	0
sem_teto	coração	020.png	2	0
sem_teto	coração	021.png	2	1
sem_teto	coração	022.png	2	3
sem_teto	coração	023.png	1	1
sem_teto	coração	024.png	0	1
sem_teto	coração	025.png	2	0
sem_teto	coração	026.png	1	0
sem_teto	coração	027.png	0	0
sem_teto	coração	028.png	3	0
sem_teto	coração	029.png	1	0
sem_teto	coração	030.png	4	0
sem_teto	coração	031.png	2	0
sem_teto	coração	032.png	2	0
sem_teto	coração	033.png	1	0
sem_teto	coração	034.png	3	0
sem_teto	coração	035.png	0	0
sem_teto	coração	036.png	1	3
sem_teto	coração	037.png	2	1
sem_teto	coração	038.png	2	0
sem_teto	coração	039.png	2	0
sem_teto	have	000.png	2	0
sem_teto	have	001.png	1	0
sem_teto	have	002.png	0	0
sem_teto	have	003.png	1	0
sem_teto	have	004.png	1	0
sem_teto	have	005.png	1	0
sem_teto	have	006.png	0	0
sem_teto	have	007.png	1	0
sem_teto	have	008.png	0	0
sem_teto	have	009.png	1	0
sem_teto	have	010.png	0	0
sem_teto	have	011.png	1	0
sem_teto	have	012.png	0	0
sem_teto	have	013.png	3	0
sem_teto	have	014.png	0	0
sem_teto	have	015.png	1	0
sem_teto	have	016.png	1	0
sem_teto	have	017.png	0	0
sem_teto	have	018.png	0	0
sem_teto	have	019.png	0	0
sem_teto	have	020.png	0	0
sem_teto	have	021.png	0	0
sem_teto	have	022.png	0	0
sem_teto	have	023.png	1	0
sem_teto	have	024.png	0	1
sem_teto	have	025.png	1	0
sem_teto	have	026.png	0	0
sem_teto	have	027.png	0	0
sem_teto	have	028.png	1	0
sem_teto	have	029.png	0	0
sem_teto	have	030.png	1	0
sem_teto	have	031.png	0	0
sem_teto	have	032.png	2	0
sem_teto	have	033.png	1	0
sem_teto	have	034.png	0	0
sem_teto	have	035.png	1	0
sem_teto	have	036.png	0	0
sem_teto	have	037.png	1	0
sem_teto	have	038.png	0	0
sem_teto	have	039.png	0	0
sem_teto	mãe	000.png	1	0
sem_teto	mãe	001.png	1	0
sem_teto	mãe	002.png	1	0
sem_teto	mãe	003.png	0	0
sem_teto	mãe	004.png	0	0
sem_teto	mãe	005.png	1	0
sem_teto	mãe	006.png	2	0
sem_teto	mãe	007.png	1	0
sem_teto	mãe	008.png	1	0
sem_teto	mãe	009.png	1	0
sem_teto	mãe	010.png	0	0
sem_teto	mãe	011.png	0	0
sem_teto	mãe	012.png	1	0
sem_teto	mãe	013.png	1	0
sem_teto	mãe	014.png	0	0
sem_teto	mãe	015.png	1	0
sem_teto	mãe	016.png	1	0
sem_teto	mãe	017.png	0	0
sem_teto	mãe	018.png	2	0
sem_teto	mãe	019.png	4	0
sem_teto	mãe	020.png	1	0
sem_teto	mãe	021.png	1	0
sem_teto	mãe	022.png	3	0
sem_teto	mãe	023.png	1	0
sem_teto	mãe	024.png	1	0
sem_teto	mãe	025.png	0	0
sem_teto	mãe	026.png	1	0
sem_teto	mãe	027.png	1	0
sem_teto	mãe	028.png	0	0
sem_teto	mãe	029.png	0	0
sem_teto	mãe	030.png	1	0
sem_teto	mãe	031.png	0	0
sem_teto	mãe	032.png	0	0
sem_teto	mãe	033.png	2	0
sem_teto	mãe	034.png	1	0
sem_teto	mãe	035.png	0	0
sem_teto	mãe	036.png	2	0
sem_teto	mãe	037.png	1	0
sem_teto	mãe	038.png	1	0
sem_teto	mãe	039.png	1	0
sem_teto	nacao	000.png	1	0
sem_teto	nacao	001.png	0	0
sem_teto	nacao	002.png	0	0
sem_teto	nacao	003.png	1	0
sem_teto	nacao	004.png	0	0
sem_teto	nacao	005.png	0	0
sem_teto	nacao	006.png	1	0
sem_teto	nacao	007.png	1	0
sem_teto	nacao	008.png	0	0
sem_teto	nacao	009.png	0	0
sem_teto	nacao	010.png	0	0
sem_teto	nacao	011.png	0	0
sem_teto	nacao	012.png	2	1
sem_teto	nacao	013.png	0	0
sem_teto	nacao	014.png	1	0
sem_teto	nacao	015.png	0	0
sem_teto	nacao	016.png	2	1
sem_teto	nacao	017.png	0	0
sem_teto	nacao	018.png	0	0
sem_teto	nacao	019.png	0	0
sem_teto	nacao	020.png	2	0
sem_teto	nacao	021.png	0	0
sem_teto	nacao	022.png	1	1
sem_teto	nacao	023.png	1	0
sem_teto	nacao	024.png	2	0
sem_teto	nacao	025.png	0	0
sem_teto	nacao	026.png	0	0
sem_teto	nacao	027.png	0	0
sem_teto	nacao	028.png	1	0
sem_teto	nacao	029.png	0	0
sem_teto	nacao	030.png	1	0
sem_teto	nacao	031.png	3	0
sem_teto	nacao	032.png	0	0
sem_teto	nacao	033.png	0	0
sem_teto	nacao	034.png	0	0
sem_teto	nacao	035.png	1	0
sem_teto	nacao	036.png	1	0
sem_teto	nacao	037.png	0	0
sem_teto	nacao	038.png	0	0
sem_teto	nacao	039.png	3	0
sem_teto	nação	000.png	2	0
sem_teto	nação	001.png	2	0
sem_teto	nação	002.png	1	0
sem_teto	nação	003.png	1	0
sem_teto	nação	004.png	2	0
sem_teto	nação	005.png	3	0
sem_teto	nação	006.png	0	0
sem_teto	nação	007.png	1	0
sem_teto	nação	008.png	1	0
sem_teto	nação	009.png	2	0
sem_teto	nação	010.png	2	0
sem_teto	nação	011.png	2	0
sem_teto	nação	012.png	0	0
sem_teto	nação	013.png	2	0
sem_teto	nação	014.png	2	0
sem_teto	nação	015.png	0	0
sem_teto	nação	016.png	1	0
sem_teto	nação	017.png	1	0
sem_teto	nação	018.png	2	0
sem_teto	nação	019.png	1	0
sem_teto	nação	020.png	1	0
sem_teto	nação	021.png	2	0
sem_teto	nação	022.png	2	0
sem_teto	nação	023.png	2	0
sem_teto	nação	024.png	4	0
sem_teto	nação	025.png	0	0
sem_teto	nação	026.png	0	0
sem_teto	nação	027.png	0	0
sem_teto	nação	028.png	1	0
sem_teto	nação	029.png	3	0
sem_teto	nação	030.png	0	0
sem_teto	nação	031.png	2	0
sem_teto	nação	032.png	1	0
sem_teto	nação	033.png	2	0
sem_teto	nação	034.png	2	0
sem_teto	nação	035.png	1	0
sem_teto	nação	036.png	2	0
sem_teto	nação	037.png	4	0
sem_teto	nação	038.png	0	0
sem_teto	nação	039.png	2	0
sem_teto	pao	000.png	0	0
sem_teto	pao	001.png	0	1
sem_teto	pao	002.png	0	0
sem_teto	pao	003.png	0	0
sem_teto	pao	004.png	0	0
sem_teto	pao	005.png	0	0
sem_teto	pao	006.png	0	0
sem_teto	pao	007.png	0	0
sem_teto	pao	008.png	0	0
sem_teto	pao	009.png	0	0
sem_teto	pao	010.png	0	0
sem_teto	pao	011.png	0	0
sem_teto	pao	012.png	0	0
sem_teto	pao	013.png	0	0
sem_teto	pao	014.png	0	0
sem_teto	pao	015.png	0	0
sem_teto	pao	016.png	1	0
sem_teto	pao	017.png	0	1
sem_teto	pao	018.png	0	0
sem_teto	pao	019.png	0	0
sem_teto	pao	020.png	0	0
sem_teto	pao	021.png	1	0
sem_teto	pao	022.png	0	0
sem_teto	pao	023.png	0	1
sem_teto	pao	024.png	0	0
sem_teto	pao	025.png	0	0
sem_teto	pao	026.png	0	0
sem_teto	pao	027.png	0	0
sem_teto	pao	028.png	0	0
sem_teto	pao	029.png	0	0
sem_teto	pao	030.png	0	0
sem_teto	pao	031.png	0	0
sem_teto	pao	032.png	0	0
sem_teto	pao	033.png	0	0
sem_teto	pao	034.png	0	0
sem_teto	pao	035.png	0	0
sem_teto	pao	036.png	0	0
sem_teto	pao	037.png	0	0
sem_teto	pao	038.png	0	0
sem_teto	pao	039.png	0	0
sem_teto	pão	000.png	0	0
sem_teto	pão	001.png	2	0
sem_teto	pão	002.png	1	0
sem_teto	pão	003.png	0	0
sem_teto	pão	004.png	0	0
sem_teto	pão	005.png	0	0
sem_teto	pão	006.png	1	0
sem_teto	pão	007.png	1	0
sem_teto	pão	008.png	0	0
sem_teto	pão	009.png	0	0
sem_teto	pão	010.png	0	1
sem_teto	pão	011.png	0	0
sem_teto	pão	012.png	0	0
sem_teto	pão	013.png	0	0
sem_teto	pão	014.png	0	0
sem_teto	pão	015.png	1	0
sem_teto	pão	016.png	1	1
sem_teto	pão	017.png	0	0
sem_teto	pão	018.png	0	0
sem_teto	pão	019.png	0	0
sem_teto	pão	020.png	1	0
sem_teto	pão	021.png	1	0
sem_teto	pão	022.png	1	0
sem_teto	pão	023.png	0	0
sem_teto	pão	024.png	1	0
sem_teto	pão	025.png	0	0
sem_teto	pão	026.png	0	0
sem_teto	pão	027.png	1	0
sem_teto	pão	028.png	1	1
sem_teto	pão	029.png	1	0
sem_teto	pão	030.png	0	0
sem_teto	pão	031.png	0	0
sem_teto	pão	032.png	1	0
sem_teto	pão	033.png	1	0
sem_teto	pão	034.png	0	0
sem_teto	pão	035.png	0	0
sem_teto	pão	036.png	0	0
sem_teto	pão	037.png	0	0
sem_teto	pão	038.png	0	0
sem_teto	pão	039.png	3	0
sem_teto	that	000.png	0	0
sem_teto	that	001.png	0	0
sem_teto	that	002.png	0	0
sem_teto	that	003.png	4	0
sem_teto	that	004.png	0	0
sem_teto	that	005.png	0	0
sem_teto	that	006.png	0	0
sem_teto	that	007.png	2	0
sem_teto	that	008.png	0	0
sem_teto	that	009.png	0	0
sem_teto	that	010.png	1	0
sem_teto	that	011.png	0	0
sem_teto	that	012.png	0	0
sem_teto	that	013.png	0	0
sem_teto	that	014.png	1	0
sem_teto	that	015.png	0	0
sem_teto	that	016.png	0	0
sem_teto	that	017.png	0	0
sem_teto	that	018.png	0	0
sem_teto	that	019.png	1	0
sem_teto	that	020.png	0	0
sem_teto	that	021.png	0	0
sem_teto	that	022.png	0	0
sem_teto	that	023.png	0	0
sem_teto	that	024.png	1	0
sem_teto	that	025.png	1	0
sem_teto	that	026.png	1	0
sem_teto	that	027.png	0	0
sem_teto	that	028.png	0	0
sem_teto	that	029.png	0	0
sem_teto	that	030.png	0	0
sem_teto	that	031.png	0	0
sem_teto	that	032.png	0	0
sem_teto	that	033.png	1	0
sem_teto	that	034.png	0	0
sem_teto	that	035.png	0	0
sem_teto	that	036.png	0	0
sem_teto	that	037.png	0	0
sem_teto	that	038.png	0	0
sem_teto	that	039.png	0	0
sem_teto	the	000.png	0	0
sem_teto	the	001.png	0	0
sem_teto	the	002.png	0	0
sem_teto	the	003.png	1	0
sem_teto	the	004.png	0	0
sem_teto	the	005.png	0	0
sem_teto	the	006.png	0	0
sem_teto	the	007.png	0	0
sem_teto	the	008.png	1	0
sem_teto	the	009.png	1	0
sem_teto	the	010.png	0	0
sem_teto	the	011.png	0	0
sem_teto	the	012.png	0	0
sem_teto	the	013.png	0	0
sem_teto	the	014.png	1	0
sem_teto	the	015.png	0	0
sem_teto	the	016.png	0	0
sem_teto	the	017.png	0	0
sem_teto	the	018.png	0	0
sem_teto	the	019.png	1	0
sem_teto	the	020.png	0	0
sem_teto	the	021.png	0	0
sem_teto	the	022.png	1	0
sem_teto	the	023.png	0	0
sem_teto	the	024.png	0	0
sem_teto	the	025.png	1	0
sem_teto	the	026.png	0	0
sem_teto	the	027.png	0	0
sem_teto	the	028.png	0	0
sem_teto	the	029.png	0	0
sem_teto	the	030.png	1	0
sem_teto	the	031.png	0	0
sem_teto	the	032.png	1	0
sem_teto	the	033.png	1	0
sem_teto	the	034.png	1	0
sem_teto	the	035.png	0	0
sem_teto	the	036.png	1	0
sem_teto	the	037.png	0	0
sem_teto	the	038.png	0	0
sem_teto	the	039.png	0	0
sem_teto	voce	000.png	0	0
sem_teto	voce	001.png	1	0
sem_teto	voce	002.png	0	0
sem_teto	voce	003.png	1	0
sem_teto	voce	004.png	0	0
sem_teto	voce	005.png	0	0
sem_teto	voce	006.png	0	1
sem_teto	voce	007.png	0	0
sem_teto	voce	008.png	0	0
sem_teto	voce	009.png	0	0
sem_teto	voce	010.png	0	0
sem_teto	voce	011.png	1	0
sem_teto	voce	012.png	0	0
sem_teto	voce	013.png	1	0
sem_teto	voce	014.png	0	0
sem_teto	voce	015.png	1	0
sem_teto	voce	016.png	0	0
sem_teto	voce	017.png	2	0
sem_teto	voce	018.png	0	1
sem_teto	voce	019.png	0	0
sem_teto	voce	020.png	0	0
sem_teto	voce	021.png	0	0
sem_teto	voce	022.png	0	2
sem_teto	voce	023.png	0	1
sem_teto	voce	024.png	0	0
sem_teto	voce	025.png	1	0
sem_teto	voce	026.png	0	0
sem_teto	voce	027.png	0	0
sem_teto	voce	028.png	0	0
sem_teto	voce	029.png	0	0
sem_teto	voce	030.png	0	0
sem_teto	voce	031.png	0	0
sem_teto	voce	032.png	0	0
sem_teto	voce	033.png	1	0
sem_teto	voce	034.png	0	0
sem_teto	voce	035.png	0	0
sem_teto	voce	036.png	0	0
sem_teto	voce	037.png	0	0
sem_teto	voce	038.png	0	0
sem_teto	voce	039.png	0	0
sem_teto	você	000.png	0	0
sem_teto	você	001.png	1	0
sem_teto	você	002.png	0	0
sem_teto	você	003.png	0	0
sem_teto	você	004.png	1	0
sem_teto	você	005.png	2	1
sem_teto	você	006.png	1	0
sem_teto	você	007.png	0	0
sem_teto	você	008.png	0	0
sem_teto	você	009.png	1	0
sem_teto	você	010.png	0	0
sem_teto	você	011.png	0	0
sem_teto	você	012.png	0	0
sem_teto	você	013.png	1	0
sem_teto	você	014.png	1	0
sem_teto	você	015.png	1	0
sem_teto	você	016.png	1	0
sem_teto	você	017.png	1	0
sem_teto	você	018.png	2	0
sem_teto	você	019.png	0	1
sem_teto	você	020.png	1	0
sem_teto	você	021.png	0	0
sem_teto	você	022.png	3	1
sem_teto	você	023.png	0	0
sem_teto	você	024.png	0	0
sem_teto	você	025.png	2	0
sem_teto	você	026.png	1	0
sem_teto	você	027.png	0	0
sem_teto	você	028.png	0	0
sem_teto	você	029.png	4	0
sem_teto	você	030.png	0	0
sem_teto	você	031.png	0	0
sem_teto	você	032.png	1	0
sem_teto	você	033.png	0	0
sem_teto	você	034.png	0	0
sem_teto	você	035.png	1	0
sem_teto	você	036.png	1	0
sem_teto	você	037.png	1	0
sem_teto	você	038.png	0	0
sem_teto	você	039.png	1	0
sem_teto	and	000.png	0	0
sem_teto	and	001.png	0	0
sem_teto	and	002.png	0	0
sem_teto	and	003.png	0	0
sem_teto	and	004.png	0	0
sem_teto	and	005.png	0	0
sem_teto	and	006.png	2	0
sem_teto	and	007.png	0	0
sem_teto	and	008.png	0	0
sem_teto	and	009.png	2	0
sem_teto	and	010.png	0	0
sem_teto	and	011.png	1	0
sem_teto	and	012.png	0	0
sem_teto	and	013.png	0	0
sem_teto	and	014.png	0	0
sem_teto	and	015.png	1	0
sem_teto	and	016.png	0	0
sem_teto	and	017.png	1	0
sem_teto	and	018.png	1	0
sem_teto	and	019.png	1	0
sem_teto	and	020.png	0	0
sem_teto	and	021.png	0	0
sem_teto	and	022.png	0	0
sem_teto	and	023.png	0	0
sem_teto	and	024.png	0	0
sem_teto	and	025.png	0	0
sem_teto	and	026.png	0	0
sem_teto	and	027.png	2	0
sem_teto	and	028.png	3	2
sem_teto	and	029.png	0	0
sem_teto	and	030.png	0	0
sem_teto	and	031.png	2	0
sem_teto	and	032.png	0	0
sem_teto	and	033.png	0	0
sem_teto	and	034.png	1	0
sem_teto	and	035.png	0	0
sem_teto	and	036.png	1	0
sem_teto	and	037.png	1	0
sem_teto	and	038.png	0	0
sem_teto	and	039.png	0	0
sem_teto	até	000.png	0	0
sem_teto	até	001.png	1	0
sem_teto	até	002.png	1	0
sem_teto	até	003.png	2	0
sem_teto	até	004.png	0	0
sem_teto	até	005.png	1	1
sem_teto	até	006.png	0	0
sem_teto	até	007.png	1	0
sem_teto	até	008.png	0	0
sem_teto	até	009.png	1	0
sem_teto	até	010.png	1	0
sem_teto	até	011.png	1	0
sem_teto	até	012.png	1	0
sem_teto	até	013.png	0	0
sem_teto	até	014.png	0	0
sem_teto	até	015.png	0	0
sem_teto	até	016.png	0	0
sem_teto	até	017.png	0	0
sem_teto	até	018.png	0	0
sem_teto	até	019.png	0	0
sem_teto	até	020.png	0	0
sem_teto	até	021.png	0	0
sem_teto	até	022.png	0	0
sem_teto	até	023.png	1	0
sem_teto	até	024.png	2	1
sem_teto	até	025.png	1	0
sem_teto	até	026.png	1	0
sem_teto	até	027.png	0	0
sem_teto	até	028.png	1	0
sem_teto	até	029.png	2	0
sem_teto	até	030.png	1	0
sem_teto	até	031.png	2	0
sem_teto	até	032.png	2	0
sem_teto	até	033.png	0	0
sem_teto	até	034.png	0	0
sem_teto	até	035.png	0	0
sem_teto	até	036.png	2	0
sem_teto	até	037.png	2	0
sem_teto	até	038.png	1	0
sem_teto	até	039.png	1	0
sem_teto	avo	000.png	0	0
sem_teto	avo	001.png	0	0
sem_teto	avo	002.png	0	0
sem_teto	avo	003.png	0	0
sem_teto	avo	004.png	0	0
sem_teto	avo	005.png	0	0
sem_teto	avo	006.png	1	0
sem_teto	avo	007.png	1	0
sem_teto	avo	008.png	0	0
sem_teto	avo	009.png	1	0
sem_teto	avo	010.png	1	0
sem_teto	avo	011.png	0	0
sem_teto	avo	012.png	0	0
sem_teto	avo	013.png	1	0
sem_teto	avo	014.png	0	0
sem_teto	avo	015.png	0	0
sem_teto	avo	016.png	0	0
sem_teto	avo	017.png	0	0
sem_teto	avo	018.png	0	0
sem_teto	avo	019.png	0	0
sem_teto	avo	020.png	0	0
sem_teto	avo	021.png	0	0
sem_teto	avo	022.png	2	0
sem_teto	avo	023.png	0	0
sem_teto	avo	024.png	0	0
sem_teto	avo	025.png	0	0
sem_teto	avo	026.png	0	0
sem_teto	avo	027.png	1	0
sem_teto	avo	028.png	0	0
sem_teto	avo	029.png	0	0
sem_teto	avo	030.png	0	0
sem_teto	avo	031.png	0	0
sem_teto	avo	032.png	0	0
sem_teto	avo	033.png	0	0
sem_teto	avo	034.png	0	0
sem_teto	avo	035.png	0	0
sem_teto	avo	036.png	0	0
sem_teto	avo	037.png	0	0
sem_teto	avo	038.png	0	0
sem_teto	avo	039.png	0	1
sem_teto	avó	000.png	0	0
sem_teto	avó	001.png	0	0
sem_teto	avó	002.png	0	0
sem_teto	avó	003.png	0	0
sem_teto	avó	004.png	0	0
sem_teto	avó	005.png	0	0
sem_teto	avó	006.png	0	0
sem_teto	avó	007.png	1	0
sem_teto	avó	008.png	0	0
sem_teto	avó	009.png	0	0
sem_teto	avó	010.png	1	0
sem_teto	avó	011.png	0	0
sem_teto	avó	012.png	0	0
sem_teto	avó	013.png	0	0
sem_teto	avó	014.png	0	0
sem_teto	avó	015.png	0	0
sem_teto	avó	016.png	0	0
sem_teto	avó	017.png	0	0
sem_teto	avó	018.png	0	0
sem_teto	avó	019.png	0	0
sem_teto	avó	020.png	0	0
sem_teto	avó	021.png	0	0
sem_teto	avó	022.png	2	0
sem_teto	avó	023.png	0	0
sem_teto	avó	024.png	0	0
sem_teto	avó	025.png	0	0
sem_teto	avó	026.png	0	0
sem_teto	avó	027.png	0	0
sem_teto	avó	028.png	0	0
sem_teto	avó	029.png	0	0
sem_teto	avó	030.png	2	0
sem_teto	avó	031.png	0	0
sem_teto	avó	032.png	0	0
sem_teto	avó	033.png	0	0
sem_teto	avó	034.png	0	0
sem_teto	avó	035.png	0	0
sem_teto	avó	036.png	0	0
sem_teto	avó	037.png	0	0
sem_teto	avó	038.png	0	0
sem_teto	avó	039.png	0	0
sem_teto	café	000.png	1	0
sem_teto	café	001.png	0	0
sem_teto	café	002.png	1	0
sem_teto	café	003.png	1	0
sem_teto	café	004.png	0	0
sem_teto	café	005.png	0	0
sem_teto	café	006.png	1	0
sem_teto	café	007.png	1	0
sem_teto	café	008.png	0	0
sem_teto	café	009.png	1	0
sem_teto	café	010.png	0	0
sem_teto	café	011.png	0	0
sem_teto	café	012.png	3	0
sem_teto	café	013.png	0	1
sem_teto	café	014.png	1	0
sem_teto	café	015.png	1	0
sem_teto	café	016.png	0	0
sem_teto	café	017.png	1	0
sem_teto	café	018.png	1	0
sem_teto	café	019.png	1	0
sem_teto	café	020.png	0	0
sem_teto	café	021.png	0	0
sem_teto	café	022.png	0	1
sem_teto	café	023.png	0	1
sem_teto	café	024.png	1	0
sem_teto	café	025.png	0	0
sem_teto	café	026.png	0	0
sem_teto	café	027.png	0	0
sem_teto	café	028.png	0	0
sem_teto	café	029.png	1	0
sem_teto	café	030.png	1	0
sem_teto	café	031.png	2	1
sem_teto	café	032.png	1	0
sem_teto	café	033.png	0	0
sem_teto	café	034.png	0	0
sem_teto	café	035.png	1	0
sem_teto	café	036.png	1	0
sem_teto	café	037.png	0	1
sem_teto	café	038.png	0	0
sem_teto	café	039.png	1	0
sem_teto	coracao	000.png	0	0
sem_teto	coracao	001.png	0	0
sem_teto	coracao	002.png	0	0
sem_teto	coracao	003.png	3	0
sem_teto	coracao	004.png	0	0
sem_teto	coracao	005.png	1	0
sem_teto	coracao	006.png	2	0
sem_teto	coracao	007.png	2	0
sem_teto	coracao	008.png	0	0
sem_teto	coracao	009.png	0	0
sem_teto	coracao	010.png	1	0
sem_teto	coracao	011.png	0	0
sem_teto	coracao	012.png	0	0
sem_teto	coracao	013.png	1	0
sem_teto	coracao	014.png	0	0
sem_teto	coracao	015.png	0	0
sem_teto	coracao	016.png	0	0
sem_teto	coracao	017.png	0	0
sem_teto	coracao	018.png	1	0
sem_teto	coracao	019.png	0	0
sem_teto	coracao	020.png	0	1
sem_teto	coracao	021.png	0	0
sem_teto	coracao	022.png	1	0
sem_teto	coracao	023.png	0	0
sem_teto	coracao	024.png	2	0
sem_teto	coracao	025.png	0	0
sem_teto	coracao	026.png	0	0
sem_teto	coracao	027.png	0	0
sem_teto	coracao	028.png	0	0
sem_teto	coracao	029.png	2	0
sem_teto	coracao	030.png	0	0
sem_teto	coracao	031.png	0	0
sem_teto	coracao	032.png	0	0
sem_teto	coracao	033.png	0	0
sem_teto	coracao	034.png	0	0
sem_teto	coracao	035.png	0	0
sem_teto	coracao	036.png	0	0
sem_teto	coracao	037.png	1	0
sem_teto	coracao	038.png	2	0
sem_teto	coracao	039.png	0	0
sem_teto	coração	000.png	0	1
sem_teto	coração	001.png	2	1
sem_teto	coração	002.png	1	0
sem_teto	coração	003.png	0	0
sem_teto	coração	004.png	1	0
sem_teto	coração	005.png	4	0
sem_teto	coração	006.png	0	2
sem_teto	coração	007.png	1	0
sem_teto	coração	008.png	2	0
sem_teto	coração	009.png	2	0
sem_teto	coração	010.png	1	0
sem_teto	coração	011.png	2	0
sem_teto	coração	012.png	3	0
sem_teto	coração	013.png	3	0
sem_teto	coração	014.png	1	0
sem_teto	coração	015.png	0	0
sem_teto	coração	016.png	0	0
sem_teto	coração	017.png	2	0
sem_teto	coração	018.png	3	0
sem_teto	coração	019.png	2	0
sem_teto	coração	020.png	1	0
sem_teto	coração	021.png	0	1
sem_teto	coração	022.png	0	0
sem_teto	coração	023.png	2	0
sem_teto	coração	024.png	1	0
sem_teto	coração	025.png	1	0
sem_teto	coração	026.png	2	0
sem_teto	coração	027.png	2	0
sem_teto	coração	028.png	0	1
sem_teto	coração	029.png	2	0
sem_teto	coração	030.png	0	2
sem_teto	coração	031.png	2	0
sem_teto	coração	032.png	2	0
sem_teto	coração	033.png	0	0
sem_teto	coração	034.png	0	0
sem_teto	coração	035.png	2	0
sem_teto	coração	036.png	4	0
sem_teto	coração	037.png	2	1
sem_teto	coração	038.png	2	1
sem_teto	coração	039.png	3	0
sem_teto	have	000.png	0	0
sem_teto	have	001.png	1	0
sem_teto	have	002.png	1	0
sem_teto	have	003.png	0	0
sem_teto	have	004.png	1	0
sem_teto	have	005.png	1	0
sem_teto	have	006.png	0	0
sem_teto	have	007.png	1	0
sem_teto	have	008.png	1	0
sem_teto	have	009.png	0	0
sem_teto	have	010.png	0	0
sem_teto	have	011.png	0	0
sem_teto	have	012.png	0	0
sem_teto	have	013.png	0	0
sem_teto	have	014.png	0	0
sem_teto	have	015.png	0	0
sem_teto	have	016.png	0	0
sem_teto	have	017.png	1	0
sem_teto	have	018.png	0	0
sem_teto	have	019.png	0	0
sem_teto	have	020.png	0	0
sem_teto	have	021.png	1	0
sem_teto	have	022.png	0	0
sem_teto	have	023.png	1	0
sem_teto	have	024.png	1	1
sem_teto	have	025.png	2	0
sem_teto	have	026.png	0	0
sem_teto	have	027.png	1	0
sem_teto	have	028.png	1	0
sem_teto	have	029.png	1	0
sem_teto	have	030.png	0	0
sem_teto	have	031.png	2	0
sem_teto	have	032.png	1	0
sem_teto	have	033.png	0	0
sem_teto	have	034.png	1	0
sem_teto	have	035.png	1	0
sem_teto	have	036.png	0	1
sem_teto	have	037.png	0	0
sem_teto	have	038.png	0	0
sem_teto	have	039.png	0	0
sem_teto	mãe	000.png	2	0
sem_teto	mãe	001.png	0	0
sem_teto	mãe	002.png	1	0
sem_teto	mãe	003.png	3	0
sem_teto	mãe	004.png	0	0
sem_teto	mãe	005.png	1	0
sem_teto	mãe	006.png	2	0
sem_teto	mãe	007.png	1	0
sem_teto	mãe	008.png	2	0
sem_teto	mãe	009.png	1	0
sem_teto	mãe	010.png	1	0
sem_teto	mãe	011.png	0	0
sem_teto	mãe	012.png	2	0
sem_teto	mãe	013.png	3	0
sem_teto	mãe	014.png	1	0
sem_teto	mãe	015.png	1	0
sem_teto	mãe	016.png	1	0
sem_teto	mãe	017.png	1	0
sem_teto	mãe	018.png	2	0
sem_teto	mãe	019.png	1	0
sem_teto	mãe	020.png	0	0
sem_teto	mãe	021.png	1	0
sem_teto	mãe	022.png	2	0
sem_teto	mãe	023.png	2	0
sem_teto	mãe	024.png	2	0
sem_teto	mãe	025.png	1	0
sem_teto	mãe	026.png	2	0
sem_teto	mãe	027.png	0	0
sem_teto	mãe	028.png	1	0
sem_teto	mãe	029.png	1	0
sem_teto	mãe	030.png	0	0
sem_teto	mãe	031.png	1	0
sem_teto	mãe	032.png	0	0
sem_teto	mãe	033.png	0	0
sem_teto	mãe	034.png	1	0
sem_teto	mãe	035.png	0	0
sem_teto	mãe	036.png	0	0
sem_teto	mãe	037.png	1	0
sem_teto	mãe	038.png	0	0
sem_teto	mãe	039.png	1	0
sem_teto	nacao	000.png	1	0
sem_teto	nacao	001.png	1	0
sem_teto	nacao	002.png	0	0
sem_teto	nacao	003.png	1	0
sem_teto	nacao	004.png	0	0
sem_teto	nacao	005.png	1	0
sem_teto	nacao	006.png	1	0
sem_teto	nacao	007.png	0	1
sem_teto	nacao	008.png	2	0
sem_teto	nacao	009.png	2	0
sem_teto	nacao	010.png	1	0
sem_teto	nacao	011.png	0	0
sem_teto	nacao	012.png	0	0
sem_teto	nacao	013.png	0	0
sem_teto	nacao	014.png	0	0
sem_teto	nacao	015.png	0	0
sem_teto	nacao	016.png	1	0
sem_teto	nacao	017.png	1	0
sem_teto	nacao	018.png	2	1
sem_teto	nacao	019.png	0	0
sem_teto	nacao	020.png	0	1
sem_teto	nacao	021.png	0	0
sem_teto	nacao	022.png	0	0
sem_teto	nacao	023.png	1	0
sem_teto	nacao	024.png	0	0
sem_teto	nacao	025.png	1	0
sem_teto	nacao	026.png	1	0
sem_teto	nacao	027.png	1	0
sem_teto	nacao	028.png	2	0
sem_teto	nacao	029.png	3	1
sem_teto	nacao	030.png	1	0
sem_teto	nacao	031.png	1	0
sem_teto	nacao	032.png	1	0
sem_teto	nacao	033.png	0	0
sem_teto	nacao	034.png	1	0
sem_teto	nacao	035.png	0	0
sem_teto	nacao	036.png	0	0
sem_teto	nacao	037.png	0	0
sem_teto	nacao	038.png	1	0
sem_teto	nacao	039.png	2	0
sem_teto	nação	000.png	2	0
sem_teto	nação	001.png	1	0
sem_teto	nação	002.png	3	0
sem_teto	nação	003.png	4	0
sem_teto	nação	004.png	1	0
sem_teto	nação	005.png	3	0
sem_teto	nação	006.png	2	0
sem_teto	nação	007.png	0	0
sem_teto	nação	008.png	0	0
sem_teto	nação	009.png	2	0
sem_teto	nação	010.png	2	0
sem_teto	nação	011.png	1	0
sem_teto	nação	012.png	1	0
sem_teto	nação	013.png	0	0
sem_teto	nação	014.png	1	0
sem_teto	nação	015.png	2	0
sem_teto	nação	016.png	2	0
sem_teto	nação	017.png	2	0
sem_teto	nação	018.png	1	0
sem_teto	nação	019.png	2	0
sem_teto	nação	020.png	3	0
sem_teto	nação	021.png	1	1
sem_teto	nação	022.png	3	0
sem_teto	nação	023.png	2	0
sem_teto	nação	024.png	2	1
sem_teto	nação	025.png	1	0
sem_teto	nação	026.png	1	0
sem_teto	nação	027.png	2	0
sem_teto	nação	028.png	1	0
sem_teto	nação	029.png	2	0
sem_teto	nação	030.png	3	0
sem_teto	nação	031.png	2	0
sem_teto	nação	032.png	2	0
sem_teto	nação	033.png	1	0
sem_teto	nação	034.png	3	0
sem_teto	nação	035.png	2	0
sem_teto	nação	036.png	2	0
sem_teto	nação	037.png	1	0
sem_teto	nação	038.png	3	0
sem_teto	nação	039.png	0	0
sem_teto	pao	000.png	0	0
sem_teto	pao	001.png	0	0
sem_teto	pao	002.png	0	1
sem_teto	pao	003.png	0	0
sem_teto	pao	004.png	0	0
sem_teto	pao	005.png	0	0
sem_teto	pao	006.png	0	0
sem_teto	pao	007.png	0	0
sem_teto	pao	008.png	0	0
sem_teto	pao	009.png	0	0
sem_teto	pao	010.png	0	0
sem_teto	pao	011.png	0	0
sem_teto	pao	012.png	0	0
sem_teto	pao	013.png	0	0
sem_teto	pao	014.png	0	0
sem_teto	pao	015.png	0	0
sem_teto	pao	016.png	0	0
sem_teto	pao	017.png	0	0
sem_teto	pao	018.png	0	1
sem_teto	pao	019.png	0	0
sem_teto	pao	020.png	0	0
sem_teto	pao	021.png	0	0
sem_teto	pao	022.png	0	0
sem_teto	pao	023.png	0	0
sem_teto	pao	024.png	0	0
sem_teto	pao	025.png	0	0
sem_teto	pao	026.png	0	0
sem_teto	pao	027.png	0	0
sem_teto	pao	028.png	0	0
sem_teto	pao	029.png	0	0
sem_teto	pao	030.png	0	0
sem_teto	pao	031.png	0	0
sem_teto	pao	032.png	0	0
sem_teto	pao	033.png	0	0
sem_teto	pao	034.png	0	0
sem_teto	pao	035.png	0	0
sem_teto	pao	036.png	0	0
sem_teto	pao	037.png	0	0
sem_teto	pao	038.png	0	0
sem_teto	pao	039.png	0	0
sem_teto	pão	000.png	1	0
sem_teto	pão	001.png	1	0
sem_teto	pão	002.png	1	0
sem_teto	pão	003.png	1	0
sem_teto	pão	004.png	0	1
sem_teto	pão	005.png	1	0
sem_teto	pão	006.png	0	0
sem_teto	pão	007.png	0	0
sem_teto	pão	008.png	1	0
sem_teto	pão	009.png	0	1
sem_teto	pão	010.png	1	0
sem_teto	pão	011.png	0	0
sem_teto	pão	012.png	1	0
sem_teto	pão	013.png	0	0
sem_teto	pão	014.png	0	0
sem_teto	pão	015.png	0	0
sem_teto	pão	016.png	1	0
sem_teto	pão	017.png	0	1
sem_teto	pão	018.png	2	0
sem_teto	pão	019.png	2	0
sem_teto	pão	020.png	0	0
sem_teto	pão	021.png	1	0
sem_teto	pão	022.png	2	0
sem_teto	pão	023.png	0	0
sem_teto	pão	024.png	1	0
sem_teto	pão	025.png	1	0
sem_teto	pão	026.png	0	1
sem_teto	pão	027.png	2	0
sem_teto	pão	028.png	1	0
sem_teto	pão	029.png	1	0
sem_teto	pão	030.png	0	0
sem_teto	pão	031.png	1	0
sem_teto	pão	032.png	0	0
sem_teto	pão	033.png	1	0
sem_teto	pão	034.png	1	0
sem_teto	pão	035.png	1	0
sem_teto	pão	036.png	0	0
sem_teto	pão	037.png	1	0
sem_teto	pão	038.png	0	0
sem_teto	pão	039.png	1	1
sem_teto	that	000.png	0	0
sem_teto	that	001.png	0	0
sem_teto	that	002.png	0	0
sem_teto	that	003.png	1	0
sem_teto	that	004.png	0	0
sem_teto	that	005.png	0	0
sem_teto	that	006.png	0	0
sem_teto	that	007.png	0	0
sem_teto	that	008.png	0	0
sem_teto	that	009.png	0	0
sem_teto	that	010.png	1	0
sem_teto	that	011.png	0	0
sem_teto	that	012.png	0	0
sem_teto	that	013.png	1	0
sem_teto	that	014.png	0	0
sem_teto	that	015.png	0	0
sem_teto	that	016.png	0	0
sem_teto	that	017.png	0	0
sem_teto	that	018.png	0	0
sem_teto	that	019.png	1	0
sem_teto	that	020.png	0	0
sem_teto	that	021.png	0	0
sem_teto	that	022.png	0	0
sem_teto	that	023.png	2	0
sem_teto	that	024.png	0	0
sem_teto	that	025.png	0	0
sem_teto	that	026.png	0	0
sem_teto	that	027.png	0	0
sem_teto	that	028.png	0	0
sem_teto	that	029.png	0	0
sem_teto	that	030.png	0	0
sem_teto	that	031.png	0	0
sem_teto	that	032.png	1	0
sem_teto	that	033.png	0	0
sem_teto	that	034.png	0	0
sem_teto	that	035.png	0	0
sem_teto	that	036.png	0	0
sem_teto	that	037.png	0	0
sem_teto	that	038.png	0	0
sem_teto	that	039.png	0	0
sem_teto	the	000.png	0	0
sem_teto	the	001.png	0	0
sem_teto	the	002.png	0	0
sem_teto	the	003.png	0	0
sem_teto	the	004.png	0	0
sem_teto	the	005.png	0	0
sem_teto	the	006.png	0	0
sem_teto	the	007.png	0	0
sem_teto	the	008.png	0	0
sem_teto	the	009.png	0	0
sem_teto	the	010.png	1	0
sem_teto	the	011.png	0	0
sem_teto	the	012.png	0	0
sem_teto	the	013.png	0	0
sem_teto	the	014.png	0	0
sem_teto	the	015.png	0	0
sem_teto	the	016.png	0	0
sem_teto	the	017.png	1	0
sem_teto	the	018.png	0	0
sem_teto	the	019.png	1	0
sem_teto	the	020.png	1	0
sem_teto	the	021.png	1	0
sem_teto	the	022.png	0	0
sem_teto	the	023.png	1	0
sem_teto	the	024.png	0	0
sem_teto	the	025.png	1	0
sem_teto	the	026.png	1	0
sem_teto	the	027.png	0	0
sem_teto	the	028.png	1	0
sem_teto	the	029.png	1	0
sem_teto	the	030.png	1	0
sem_teto	the	031.png	2	0
sem_teto	the	032.png	0	0
sem_teto	the	033.png	0	0
sem_teto	the	034.png	0	0
sem_teto	the	035.png	0	0
sem_teto	the	036.png	0	0
sem_teto	the	037.png	0	0
sem_teto	the	038.png	0	0
sem_teto	the	039.png	0	0
sem_teto	voce	000.png	0	0
sem_teto	voce	001.png	0	0
sem_teto	voce	002.png	0	0
sem_teto	voce	003.png	0	0
sem_teto	voce	004.png	1	0
sem_teto	voce	005.png	1	0
sem_teto	voce	006.png	1	0
sem_teto	voce	007.png	3	0
sem_teto	voce	008.png	1	0
sem_teto	voce	009.png	0	0
sem_teto	voce	010.png	0	0
sem_teto	voce	011.png	0	0
sem_teto	voce	012.png	0	0
sem_teto	voce	013.png	0	0
sem_teto	voce	014.png	0	0
sem_teto	voce	015.png	0	0
sem_teto	voce	016.png	0	0
sem_teto	voce	017.png	0	0
sem_teto	voce	018.png	2	0
sem_teto	voce	019.png	0	0
sem_teto	voce	020.png	0	0
sem_teto	voce	021.png	1	0
sem_teto	voce	022.png	2	0
sem_teto	voce	023.png	1	1
sem_teto	voce	024.png	0	0
sem_teto	voce	025.png	1	0
sem_teto	voce	026.png	0	0
sem_teto	voce	027.png	0	0
sem_teto	voce	028.png	1	0
sem_teto	voce	029.png	0	0
sem_teto	voce	030.png	0	0
sem_teto	voce	031.png	0	0
sem_teto	voce	032.png	0	0
sem_teto	voce	033.png	0	0
sem_teto	voce	034.png	1	1
sem_teto	voce	035.png	0	0
sem_teto	voce	036.png	1	0
sem_teto	voce	037.png	0	0
sem_teto	voce	038.png	0	0
sem_teto	voce	039.png	0	0
sem_teto	você	000.png	1	0
sem_teto	você	001.png	2	0
sem_teto	você	002.png	0	0
sem_teto	você	003.png	1	0
sem_teto	você	004.png	1	0
sem_teto	você	005.png	1	0
sem_teto	você	006.png	0	1
sem_teto	você	007.png	0	0
sem_teto	você	008.png	0	0
sem_teto	você	009.png	0	0
sem_teto	você	010.png	2	0
sem_teto	você	011.png	0	0
sem_teto	você	012.png	1	0
sem_teto	você	013.png	0	0
sem_teto	você	014.png	0	0
sem_teto	você	015.png	2	0
sem_teto	você	016.png	0	0
sem_teto	você	017.png	4	0
sem_teto	você	018.png	0	0
sem_teto	você	019.png	2	0
sem_teto	você	020.png	0	0
sem_teto	você	021.png	0	0
sem_teto	você	022.png	0	0
sem_teto	você	023.png	2	0
sem_teto	você	024.png	1	0
sem_teto	você	025.png	1	0
sem_teto	você	026.png	0	0
sem_teto	você	027.png	0	0
sem_teto	você	028.png	2	0
sem_teto	você	029.png	2	0
sem_teto	você	030.png	1	0
sem_teto	você	031.png	0	0
sem_teto	você	032.png	0	0
sem_teto	você	033.png	1	0
sem_teto	você	034.png	1	0
sem_teto	você	035.png	3	0
sem_teto	você	036.png	0	0
sem_teto	você	037.png	0	0
sem_teto	você	038.png	4	0
sem_teto	você	039.png	1	0
teto25	and	000.png	0	0
teto25	and	001.png	0	0
teto25	and	002.png	0	0
teto25	and	003.png	0	0
teto25	and	004.png	0	0
teto25	and	005.png	0	0
teto25	and	006.png	2	0
teto25	and	007.png	1	0
teto25	and	008.png	0	0
teto25	and	009.png	0	0
teto25	and	010.png	0	0
teto25	and	011.png	1	0
teto25	and	012.png	0	0
teto25	and	013.png	1	0
teto25	and	014.png	0	0
teto25	and	015.png	0	0
teto25	and	016.png	0	0
teto25	and	017.png	2	0
teto25	and	018.png	0	0
teto25	and	019.png	0	0
teto25	and	020.png	0	0
teto25	and	021.png	0	0
teto25	and	022.png	0	0
teto25	and	023.png	0	0
teto25	and	024.png	0	0
teto25	and	025.png	0	0
teto25	and	026.png	0	0
teto25	and	027.png	1	0
teto25	and	028.png	0	0
teto25	and	029.png	0	0
teto25	and	030.png	0	0
teto25	and	031.png	1	0
teto25	and	032.png	0	0
teto25	and	033.png	0	0
teto25	and	034.png	0	0
teto25	and	035.png	0	0
teto25	and	036.png	0	0
teto25	and	037.png	1	0
teto25	and	038.png	0	0
teto25	and	039.png	0	0
teto25	até	000.png	0	0
teto25	até	001.png	0	0
teto25	até	002.png	0	0
teto25	até	003.png	0	0
teto25	até	004.png	0	0
teto25	até	005.png	0	0
teto25	até	006.png	0	1
teto25	até	007.png	0	0
teto25	até	008.png	1	0
teto25	até	009.png	0	0
teto25	até	010.png	0	0
teto25	até	011.png	0	0
teto25	até	012.png	2	0
teto25	até	013.png	2	0
teto25	até	014.png	0	0
teto25	até	015.png	0	0
teto25	até	016.png	0	0
teto25	até	017.png	0	0
teto25	até	018.png	1	0
teto25	até	019.png	0	0
teto25	até	020.png	0	0
teto25	até	021.png	1	0
teto25	até	022.png	2	0
teto25	até	023.png	0	0
teto25	até	024.png	0	4
teto25	até	025.png	2	0
teto25	até	026.png	1	0
teto25	até	027.png	0	0
teto25	até	028.png	2	0
teto25	até	029.png	0	0
teto25	até	030.png	0	0
teto25	até	031.png	0	0
teto25	até	032.png	0	0
teto25	até	033.png	1	0
teto25	até	034.png	1	0
teto25	até	035.png	0	0
teto25	até	036.png	0	0
teto25	até	037.png	0	0
teto25	até	038.png	0	0
teto25	até	039.png	2	0
teto25	avo	000.png	0	0
teto25	avo	001.png	0	0
teto25	avo	002.png	0	0
teto25	avo	003.png	2	1
teto25	avo	004.png	0	0
teto25	avo	005.png	1	0
teto25	avo	006.png	0	0
teto25	avo	007.png	0	0
teto25	avo	008.png	0	0
teto25	avo	009.png	0	0
teto25	avo	010.png	0	0
teto25	avo	011.png	0	0
teto25	avo	012.png	0	0
teto25	avo	013.png	0	0
teto25	avo	014.png	0	0
teto25	avo	015.png	0	0
teto25	avo	016.png	0	0
teto25	avo	017.png	0	0
teto25	avo	018.png	0	0
teto25	avo	019.png	0	0
teto25	avo	020.png	1	0
teto25	avo	021.png	1	0
teto25	avo	022.png	0	0
teto25	avo	023.png	0	0
teto25	avo	024.png	0	1
teto25	avo	025.png	0	0
teto25	avo	026.png	1	0
teto25	avo	027.png	1	1
teto25	avo	028.png	0	0
teto25	avo	029.png	1	0
teto25	avo	030.png	0	0
teto25	avo	031.png	0	0
teto25	avo	032.png	0	0
teto25	avo	033.png	0	0
teto25	avo	034.png	0	0
teto25	avo	035.png	0	0
teto25	avo	036.png	0	0
teto25	avo	037.png	0	0
teto25	avo	038.png	0	0
teto25	avo	039.png	0	0
teto25	avó	000.png	0	0
teto25	avó	001.png	0	0
teto25	avó	002.png	0	0
teto25	avó	003.png	3	0
teto25	avó	004.png	0	0
teto25	avó	005.png	0	0
teto25	avó	006.png	0	0
teto25	avó	007.png	0	0
teto25	avó	008.png	0	0
teto25	avó	009.png	0	0
teto25	avó	010.png	0	0
teto25	avó	011.png	0	0
teto25	avó	012.png	0	0
teto25	avó	013.png	0	0
teto25	avó	014.png	0	0
teto25	avó	015.png	0	0
teto25	avó	016.png	0	0
teto25	avó	017.png	0	0
teto25	avó	018.png	0	1
teto25	avó	019.png	1	0
teto25	avó	020.png	1	0
teto25	avó	021.png	0	0
teto25	avó	022.png	3	0
teto25	avó	023.png	0	1
teto25	avó	024.png	0	0
teto25	avó	025.png	0	0
teto25	avó	026.png	0	0
teto25	avó	027.png	0	0
teto25	avó	028.png	0	0
teto25	avó	029.png	0	0
teto25	avó	030.png	0	0
teto25	avó	031.png	0	0
teto25	avó	032.png	0	0
teto25	avó	033.png	0	0
teto25	avó	034.png	0	0
teto25	avó	035.png	0	0
teto25	avó	036.png	0	0
teto25	avó	037.png	0	0
teto25	avó	038.png	2	0
teto25	avó	039.png	0	0
teto25	café	000.png	1	0
teto25	café	001.png	1	0
teto25	café	002.png	0	0
teto25	café	003.png	0	0
teto25	café	004.png	0	0
teto25	café	005.png	1	0
teto25	café	006.png	1	0
teto25	café	007.png	1	0
teto25	café	008.png	1	0
teto25	café	009.png	0	0
teto25	café	010.png	0	0
teto25	café	011.png	1	0
teto25	café	012.png	2	0
teto25	café	013.png	0	0
teto25	café	014.png	0	0
teto25	café	015.png	0	0
teto25	café	016.png	0	0
teto25	café	017.png	0	0
teto25	café	018.png	0	0
teto25	café	019.png	1	1
teto25	café	020.png	1	0
teto25	café	021.png	0	0
teto25	café	022.png	0	0
teto25	café	023.png	1	0
teto25	café	024.png	1	0
teto25	café	025.png	2	0
teto25	café	026.png	0	0
teto25	café	027.png	0	0
teto25	café	028.png	0	0
teto25	café	029.png	1	0
teto25	café	030.png	0	0
teto25	café	031.png	0	0
teto25	café	032.png	0	0
teto25	café	033.png	0	0
teto25	café	034.png	0	0
teto25	café	035.png	0	2
teto25	café	036.png	1	0
teto25	café	037.png	0	0
teto25	café	038.png	1	0
teto25	café	039.png	1	0
teto25	coracao	000.png	1	1
teto25	coracao	001.png	3	1
teto25	coracao	002.png	1	0
teto25	coracao	003.png	1	1
teto25	coracao	004.png	1	0
teto25	coracao	005.png	1	2
teto25	coracao	006.png	2	1
teto25	coracao	007.png	1	1
teto25	coracao	008.png	3	0
teto25	coracao	009.png	2	0
teto25	coracao	010.png	0	0
teto25	coracao	011.png	1	0
teto25	coracao	012.png	0	3
teto25	coracao	013.png	0	2
teto25	coracao	014.png	1	0
teto25	coracao	015.png	0	0
teto25	coracao	016.png	0	0
teto25	coracao	017.png	2	0
teto25	coracao	018.png	1	0
teto25	coracao	019.png	2	2
teto25	coracao	020.png	1	0
teto25	coracao	021.png	0	0
teto25	coracao	022.png	1	0
teto25	coracao	023.png	0	0
teto25	coracao	024.png	0	0
teto25	coracao	025.png	1	0
teto25	coracao	026.png	0	0
teto25	coracao	027.png	0	1
teto25	coracao	028.png	0	0
teto25	coracao	029.png	2	0
teto25	coracao	030.png	1	1
teto25	coracao	031.png	0	0
teto25	coracao	032.png	1	1
teto25	coracao	033.png	1	0
teto25	coracao	034.png	1	0
teto25	coracao	035.png	2	0
teto25	coracao	036.png	1	0
teto25	coracao	037.png	0	1
teto25	coracao	038.png	2	0
teto25	coracao	039.png	0	0
teto25	coração	000.png	0	0
teto25	coração	001.png	1	0
teto25	coração	002.png	3	0
teto25	coração	003.png	0	0
teto25	coração	004.png	1	1
teto25	coração	005.png	3	0
teto25	coração	006.png	4	0
teto25	coração	007.png	1	0
teto25	coração	008.png	1	0
teto25	coração	009.png	3	0
teto25	coração	010.png	0	0
teto25	coração	011.png	3	0
teto25	coração	012.png	0	0
teto25	coração	013.png	3	0
teto25	coração	014.png	2	0
teto25	coração	015.png	1	0
teto25	coração	016.png	5	0
teto25	coração	017.png	1	1
teto25	coração	018.png	2	0
teto25	coração	019.png	2	1
teto25	coração	020.png	0	0
teto25	coração	021.png	2	1
teto25	coração	022.png	2	0
teto25	coração	023.png	0	1
teto25	coração	024.png	0	1
teto25	coração	025.png	1	0
teto25	coração	026.png	2	0
teto25	coração	027.png	4	0
teto25	coração	028.png	2	0
teto25	coração	029.png	1	0
teto25	coração	030.png	1	0
teto25	coração	031.png	0	0
teto25	coração	032.png	2	0
teto25	coração	033.png	2	0
teto25	coração	034.png	5	0
teto25	coração	035.png	0	0
teto25	coração	036.png	3	1
teto25	coração	037.png	2	0
teto25	coração	038.png	2	0
teto25	coração	039.png	1	0
teto25	have	000.png	2	0
teto25	have	001.png	2	0
teto25	have	002.png	0	0
teto25	have	003.png	0	0
teto25	have	004.png	2	0
teto25	have	005.png	0	0
teto25	have	006.png	0	0
teto25	have	007.png	1	0
teto25	have	008.png	1	1
teto25	have	009.png	0	0
teto25	have	010.png	0	0
teto25	have	011.png	1	0
teto25	have	012.png	0	0
teto25	have	013.png	0	0
teto25	have	014.png	0	0
teto25	have	015.png	1	0
teto25	have	016.png	1	0
teto25	have	017.png	0	0
teto25	have	018.png	0	0
teto25	have	019.png	0	0
teto25	have	020.png	0	0
teto25	have	021.png	1	0
teto25	have	022.png	0	0
teto25	have	023.png	1	0
teto25	have	024.png	0	0
teto25	have	025.png	1	0
teto25	have	026.png	0	0
teto25	have	027.png	0	0
teto25	have	028.png	0	0
teto25	have	029.png	1	0
teto25	have	030.png	0	0
teto25	have	031.png	0	0
teto25	have	032.png	3	0
teto25	have	033.png	2	0
teto25	have	034.png	0	0
teto25	have	035.png	1	0
teto25	have	036.png	0	0
teto25	have	037.png	2	0
teto25	have	038.png	0	0
teto25	have	039.png	0	0
teto25	mãe	000.png	0	0
teto25	mãe	001.png	0	0
teto25	mãe	002.png	0	0
teto25	mãe	003.png	0	0
teto25	mãe	004.png	0	0
teto25	mãe	005.png	1	1
teto25	mãe	006.png	0	2
teto25	mãe	007.png	0	0
teto25	mãe	008.png	0	0
teto25	mãe	009.png	0	0
teto25	mãe	010.png	0	0
teto25	mãe	011.png	0	0
teto25	mãe	012.png	1	0
teto25	mãe	013.png	0	0
teto25	mãe	014.png	0	0
teto25	mãe	015.png	1	0
teto25	mãe	016.png	0	0
teto25	mãe	017.png	0	0
teto25	mãe	018.png	0	2
teto25	mãe	019.png	3	1
teto25	mãe	020.png	2	2
teto25	mãe	021.png	1	0
teto25	mãe	022.png	2	0
teto25	mãe	023.png	4	1
teto25	mãe	024.png	1	0
teto25	mãe	025.png	0	1
teto25	mãe	026.png	2	0
teto25	mãe	027.png	2	0
teto25	mãe	028.png	0	0
teto25	mãe	029.png	0	0
teto25	mãe	030.png	0	0
teto25	mãe	031.png	0	0
teto25	mãe	032.png	0	0
teto25	mãe	033.png	1	0
teto25	mãe	034.png	2	0
teto25	mãe	035.png	0	0
teto25	mãe	036.png	0	0
teto25	mãe	037.png	1	1
teto25	mãe	038.png	0	0
teto25	mãe	039.png	0	0
teto25	nacao	000.png	0	0
teto25	nacao	001.png	0	0
teto25	nacao	002.png	0	0
teto25	nacao	003.png	1	0
teto25	nacao	004.png	0	0
teto25	nacao	005.png	1	1
teto25	nacao	006.png	1	0
teto25	nacao	007.png	1	0
teto25	nacao	008.png	0	0
teto25	nacao	009.png	1	0
teto25	nacao	010.png	0	0
teto25	nacao	011.png	0	0
teto25	nacao	012.png	4	1
teto25	nacao	013.png	0	0
teto25	nacao	014.png	2	0
teto25	nacao	015.png	0	0
teto25	nacao	016.png	1	1
teto25	nacao	017.png	0	0
teto25	nacao	018.png	0	2
teto25	nacao	019.png	0	0
teto25	nacao	020.png	2	1
teto25	nacao	021.png	1	1
teto25	nacao	022.png	1	1
teto25	nacao	023.png	1	0
teto25	nacao	024.png	1	0
teto25	nacao	025.png	0	0
teto25	nacao	026.png	0	0
teto25	nacao	027.png	0	0
teto25	nacao	028.png	0	0
teto25	nacao	029.png	0	0
teto25	nacao	030.png	2	0
teto25	nacao	031.png	3	2
teto25	nacao	032.png	0	0
teto25	nacao	033.png	0	0
teto25	nacao	034.png	1	0
teto25	nacao	035.png	2	0
teto25	nacao	036.png	1	2
teto25	nacao	037.png	0	0
teto25	nacao	038.png	0	1
teto25	nacao	039.png	4	0
teto25	nação	000.png	0	0
teto25	nação	001.png	0	2
teto25	nação	002.png	0	0
teto25	nação	003.png	0	1
teto25	nação	004.png	0	0
teto25	nação	005.png	1	1
teto25	nação	006.png	0	0
teto25	nação	007.png	0	0
teto25	nação	008.png	1	0
teto25	nação	009.png	0	0
teto25	nação	010.png	2	0
teto25	nação	011.png	1	1
teto25	nação	012.png	2	0
teto25	nação	013.png	5	0
teto25	nação	014.png	0	0
teto25	nação	015.png	0	0
teto25	nação	016.png	4	0
teto25	nação	017.png	0	0
teto25	nação	018.png	1	0
teto25	nação	019.png	0	0
teto25	nação	020.png	3	1
teto25	nação	021.png	2	0
teto25	nação	022.png	0	0
teto25	nação	023.png	0	0
teto25	nação	024.png	0	0
teto25	nação	025.png	0	0
teto25	nação	026.png	0	2
teto25	nação	027.png	3	0
teto25	nação	028.png	2	0
teto25	nação	029.png	0	0
teto25	nação	030.png	0	0
teto25	nação	031.png	3	0
teto25	nação	032.png	0	0
teto25	nação	033.png	0	0
teto25	nação	034.png	2	0
teto25	nação	035.png	1	0
teto25	nação	036.png	2	0
teto25	nação	037.png	0	0
teto25	nação	038.png	4	0
teto25	nação	039.png	3	0
teto25	pao	000.png	0	0
teto25	pao	001.png	0	0
teto25	pao	002.png	0	0
teto25	pao	003.png	0	0
teto25	pao	004.png	0	0
teto25	pao	005.png	0	0
teto25	pao	006.png	0	0
teto25	pao	007.png	0	1
teto25	pao	008.png	0	0
teto25	pao	009.png	0	0
teto25	pao	010.png	0	0
teto25	pao	011.png	0	0
teto25	pao	012.png	0	0
teto25	pao	013.png	0	0
teto25	pao	014.png	0	0
teto25	pao	015.png	0	0
teto25	pao	016.png	0	0
teto25	pao	017.png	0	0
teto25	pao	018.png	0	0
teto25	pao	019.png	2	0
teto25	pao	020.png	0	0
teto25	pao	021.png	0	0
teto25	pao	022.png	0	1
teto25	pao	023.png	0	0
teto25	pao	024.png	0	0
teto25	pao	025.png	0	0
teto25	pao	026.png	0	0
teto25	pao	027.png	0	0
teto25	pao	028.png	0	0
teto25	pao	029.png	0	0
teto25	pao	030.png	0	0
teto25	pao	031.png	0	0
teto25	pao	032.png	0	0
teto25	pao	033.png	0	1
teto25	pao	034.png	0	0
teto25	pao	035.png	0	0
teto25	pao	036.png	0	0
teto25	pao	037.png	0	0
teto25	pao	038.png	0	0
teto25	pao	039.png	0	0
teto25	pão	000.png	0	0
teto25	pão	001.png	0	0
teto25	pão	002.png	0	0
teto25	pão	003.png	0	0
teto25	pão	004.png	0	0
teto25	pão	005.png	0	0
teto25	pão	006.png	0	0
teto25	pão	007.png	0	1
teto25	pão	008.png	0	0
teto25	pão	009.png	0	0
teto25	pão	010.png	0	0
teto25	pão	011.png	1	0
teto25	pão	012.png	0	0
teto25	pão	013.png	0	0
teto25	pão	014.png	0	0
teto25	pão	015.png	0	0
teto25	pão	016.png	0	1
teto25	pão	017.png	0	0
teto25	pão	018.png	0	0
teto25	pão	019.png	1	0
teto25	pão	020.png	0	0
teto25	pão	021.png	0	0
teto25	pão	022.png	2	0
teto25	pão	023.png	1	0
teto25	pão	024.png	0	0
teto25	pão	025.png	0	0
teto25	pão	026.png	0	0
teto25	pão	027.png	0	0
teto25	pão	028.png	0	0
teto25	pão	029.png	2	0
teto25	pão	030.png	0	0
teto25	pão	031.png	0	0
teto25	pão	032.png	0	0
teto25	pão	033.png	0	0
teto25	pão	034.png	0	0
teto25	pão	035.png	0	0
teto25	pão	036.png	0	0
teto25	pão	037.png	1	0
teto25	pão	038.png	1	0
teto25	pão	039.png	0	2
teto25	that	000.png	0	0
teto25	that	001.png	1	0
teto25	that	002.png	0	0
teto25	that	003.png	4	0
teto25	that	004.png	0	0
teto25	that	005.png	0	0
teto25	that	006.png	0	1
teto25	that	007.png	2	0
teto25	that	008.png	0	0
teto25	that	009.png	0	0
teto25	that	010.png	1	0
teto25	that	011.png	1	0
teto25	that	012.png	0	0
teto25	that	013.png	0	0
teto25	that	014.png	0	0
teto25	that	015.png	0	0
teto25	that	016.png	0	0
teto25	that	017.png	0	0
teto25	that	018.png	0	0
teto25	that	019.png	1	0
teto25	that	020.png	0	0
teto25	that	021.png	0	0
teto25	that	022.png	0	0
teto25	that	023.png	0	0
teto25	that	024.png	1	0
teto25	that	025.png	0	0
teto25	that	026.png	1	0
teto25	that	027.png	0	0
teto25	that	028.png	0	0
teto25	that	029.png	1	0
teto25	that	030.png	0	0
teto25	that	031.png	0	0
teto25	that	032.png	1	0
teto25	that	033.png	0	0
teto25	that	034.png	0	0
teto25	that	035.png	0	0
teto25	that	036.png	0	0
teto25	that	037.png	0	0
teto25	that	038.png	0	0
teto25	that	039.png	0	0
teto25	the	000.png	0	0
teto25	the	001.png	0	0
teto25	the	002.png	1	0
teto25	the	003.png	1	0
teto25	the	004.png	0	0
teto25	the	005.png	0	0
teto25	the	006.png	0	0
teto25	the	007.png	0	0
teto25	the	008.png	0	0
teto25	the	009.png	0	0
teto25	the	010.png	0	0
teto25	the	011.png	0	0
teto25	the	012.png	0	0
teto25	the	013.png	0	0
teto25	the	014.png	0	0
teto25	the	015.png	0	0
teto25	the	016.png	0	0
teto25	the	017.png	0	0
teto25	the	018.png	0	0
teto25	the	019.png	1	0
teto25	the	020.png	0	0
teto25	the	021.png	0	0
teto25	the	022.png	1	0
teto25	the	023.png	0	0
teto25	the	024.png	2	0
teto25	the	025.png	1	0
teto25	the	026.png	0	0
teto25	the	027.png	0	0
teto25	the	028.png	0	0
teto25	the	029.png	0	0
teto25	the	030.png	1	0
teto25	the	031.png	1	0
teto25	the	032.png	0	0
teto25	the	033.png	2	0
teto25	the	034.png	0	0
teto25	the	035.png	0	0
teto25	the	036.png	0	0
teto25	the	037.png	0	0
teto25	the	038.png	0	0
teto25	the	039.png	0	0
teto25	voce	000.png	0	0
teto25	voce	001.png	0	0
teto25	voce	002.png	0	0
teto25	voce	003.png	0	0
teto25	voce	004.png	0	1
teto25	voce	005.png	2	0
teto25	voce	006.png	0	3
teto25	voce	007.png	0	0
teto25	voce	008.png	0	0
teto25	voce	009.png	0	0
teto25	voce	010.png	0	0
teto25	voce	011.png	0	0
teto25	voce	012.png	0	0
teto25	voce	013.png	1	0
teto25	voce	014.png	0	0
teto25	voce	015.png	0	1
teto25	voce	016.png	0	0
teto25	voce	017.png	2	0
teto25	voce	018.png	0	0
teto25	voce	019.png	0	0
teto25	voce	020.png	3	0
teto25	voce	021.png	0	1
teto25	voce	022.png	5	0
teto25	voce	023.png	1	1
teto25	voce	024.png	0	0
teto25	voce	025.png	2	0
teto25	voce	026.png	0	0
teto25	voce	027.png	0	1
teto25	voce	028.png	1	0
teto25	voce	029.png	1	0
teto25	voce	030.png	0	0
teto25	voce	031.png	0	0
teto25	voce	032.png	0	0
teto25	voce	033.png	0	0
teto25	voce	034.png	1	0
teto25	voce	035.png	0	0
teto25	voce	036.png	0	0
teto25	voce	037.png	0	0
teto25	voce	038.png	0	0
teto25	voce	039.png	0	0
teto25	você	000.png	0	0
teto25	você	001.png	0	0
teto25	você	002.png	0	0
teto25	você	003.png	0	0
teto25	você	004.png	0	0
teto25	você	005.png	3	1
teto25	você	006.png	4	0
teto25	você	007.png	1	0
teto25	você	008.png	0	0
teto25	você	009.png	0	0
teto25	você	010.png	0	0
teto25	você	011.png	0	0
teto25	você	012.png	0	0
teto25	você	013.png	1	0
teto25	você	014.png	0	0
teto25	você	015.png	2	0
teto25	você	016.png	0	1
teto25	você	017.png	0	0
teto25	você	018.png	0	1
teto25	você	019.png	0	0
teto25	você	020.png	0	1
teto25	você	021.png	1	0
teto25	você	022.png	1	2
teto25	você	023.png	0	0
teto25	você	024.png	3	0
teto25	você	025.png	0	1
teto25	você	026.png	0	0
teto25	você	027.png	0	0
teto25	você	028.png	0	0
teto25	você	029.png	4	0
teto25	você	030.png	0	0
teto25	você	031.png	0	0
teto25	você	032.png	0	0
teto25	você	033.png	0	1
teto25	você	034.png	1	2
teto25	você	035.png	2	0
teto25	você	036.png	0	0
teto25	você	037.png	1	0
teto25	você	038.png	1	0
teto25	você	039.png	1	0
teto25	and	000.png	0	0
teto25	and	001.png	0	0
teto25	and	002.png	0	0
teto25	and	003.png	0	0
teto25	and	004.png	0	0
teto25	and	005.png	0	0
teto25	and	006.png	1	0
teto25	and	007.png	0	0
teto25	and	008.png	1	0
teto25	and	009.png	1	0
teto25	and	010.png	0	0
teto25	and	011.png	1	0
teto25	and	012.png	0	0
teto25	and	013.png	0	0
teto25	and	014.png	0	0
teto25	and	015.png	1	0
teto25	and	016.png	0	0
teto25	and	017.png	0	0
teto25	and	018.png	0	0
teto25	and	019.png	1	0
teto25	and	020.png	0	0
teto25	and	021.png	0	0
teto25	and	022.png	0	0
teto25	and	023.png	0	0
teto25	and	024.png	0	0
teto25	and	025.png	0	0
teto25	and	026.png	0	0
teto25	and	027.png	2	0
teto25	and	028.png	3	0
teto25	and	029.png	0	0
teto25	and	030.png	0	0
teto25	and	031.png	0	0
teto25	and	032.png	0	0
teto25	and	033.png	0	0
teto25	and	034.png	1	0
teto25	and	035.png	0	0
teto25	and	036.png	0	0
teto25	and	037.png	1	0
teto25	and	038.png	0	0
teto25	and	039.png	1	0
teto25	até	000.png	0	0
teto25	até	001.png	0	0
teto25	até	002.png	2	0
teto25	até	003.png	1	0
teto25	até	004.png	2	0
teto25	até	005.png	0	0
teto25	até	006.png	0	0
teto25	até	007.png	0	0
teto25	até	008.png	1	0
teto25	até	009.png	0	0
teto25	até	010.png	0	0
teto25	até	011.png	0	0
teto25	até	012.png	1	0
teto25	até	013.png	0	0
teto25	até	014.png	1	0
teto25	até	015.png	0	0
teto25	até	016.png	0	0
teto25	até	017.png	0	0
teto25	até	018.png	0	0
teto25	até	019.png	0	0
teto25	até	020.png	0	0
teto25	até	021.png	0	0
teto25	até	022.png	0	0
teto25	até	023.png	1	0
teto25	até	024.png	1	3
teto25	até	025.png	1	0
teto25	até	026.png	2	0
teto25	até	027.png	0	0
teto25	até	028.png	0	0
teto25	até	029.png	1	0
teto25	até	030.png	1	0
teto25	até	031.png	1	0
teto25	até	032.png	1	0
teto25	até	033.png	0	0
teto25	até	034.png	0	0
teto25	até	035.png	0	0
teto25	até	036.png	1	0
teto25	até	037.png	1	0
teto25	até	038.png	1	0
teto25	até	039.png	1	0
teto25	avo	000.png	0	0
teto25	avo	001.png	0	0
teto25	avo	002.png	0	0
teto25	avo	003.png	0	0
teto25	avo	004.png	0	0
teto25	avo	005.png	0	0
teto25	avo	006.png	2	1
teto25	avo	007.png	2	0
teto25	avo	008.png	0	0
teto25	avo	009.png	0	0
teto25	avo	010.png	0	0
teto25	avo	011.png	0	0
teto25	avo	012.png	0	0
teto25	avo	013.png	0	0
teto25	avo	014.png	0	0
teto25	avo	015.png	0	0
teto25	avo	016.png	0	0
teto25	avo	017.png	0	0
teto25	avo	018.png	0	0
teto25	avo	019.png	0	0
teto25	avo	020.png	0	1
teto25	avo	021.png	0	0
teto25	avo	022.png	1	0
teto25	avo	023.png	0	0
teto25	avo	024.png	1	0
teto25	avo	025.png	0	0
teto25	avo	026.png	0	0
teto25	avo	027.png	1	0
teto25	avo	028.png	0	0
teto25	avo	029.png	0	0
teto25	avo	030.png	0	0
teto25	avo	031.png	0	0
teto25	avo	032.png	0	0
teto25	avo	033.png	0	0
teto25	avo	034.png	0	0
teto25	avo	035.png	0	0
teto25	avo	036.png	0	0
teto25	avo	037.png	0	0
teto25	avo	038.png	0	0
teto25	avo	039.png	1	0
teto25	avó	000.png	0	0
teto25	avó	001.png	0	0
teto25	avó	002.png	0	0
teto25	avó	003.png	1	0
teto25	avó	004.png	0	0
teto25	avó	005.png	0	0
teto25	avó	006.png	1	0
teto25	avó	007.png	1	0
teto25	avó	008.png	0	0
teto25	avó	009.png	0	0
teto25	avó	010.png	1	0
teto25	avó	011.png	0	1
teto25	avó	012.png	0	0
teto25	avó	013.png	0	0
teto25	avó	014.png	0	0
teto25	avó	015.png	0	0
teto25	avó	016.png	0	0
teto25	avó	017.png	0	0
teto25	avó	018.png	0	0
teto25	avó	019.png	0	0
teto25	avó	020.png	0	1
teto25	avó	021.png	0	0
teto25	avó	022.png	4	1
teto25	avó	023.png	0	0
teto25	avó	024.png	0	0
teto25	avó	025.png	0	0
teto25	avó	026.png	0	0
teto25	avó	027.png	0	0
teto25	avó	028.png	0	0
teto25	avó	029.png	0	0
teto25	avó	030.png	1	1
teto25	avó	031.png	0	0
teto25	avó	032.png	0	0
teto25	avó	033.png	0	0
teto25	avó	034.png	0	0
teto25	avó	035.png	0	0
teto25	avó	036.png	0	0
teto25	avó	037.png	0	0
teto25	avó	038.png	1	0
teto25	avó	039.png	0	0
teto25	café	000.png	0	0
teto25	café	001.png	0	1
teto25	café	002.png	0	0
teto25	café	003.png	0	0
teto25	café	004.png	0	0
teto25	café	005.png	0	0
teto25	café	006.png	0	0
teto25	café	007.png	2	0
teto25	café	008.png	0	0
teto25	café	009.png	0	0
teto25	café	010.png	0	0
teto25	café	011.png	0	0
teto25	café	012.png	1	0
teto25	café	013.png	0	0
teto25	café	014.png	1	0
teto25	café	015.png	0	0
teto25	café	016.png	2	0
teto25	café	017.png	0	0
teto25	café	018.png	1	0
teto25	café	019.png	1	0
teto25	café	020.png	0	1
teto25	café	021.png	0	0
teto25	café	022.png	0	1
teto25	café	023.png	2	0
teto25	café	024.png	1	0
teto25	café	025.png	0	0
teto25	café	026.png	0	0
teto25	café	027.png	0	0
teto25	café	028.png	0	0
teto25	café	029.png	0	0
teto25	café	030.png	0	0
teto25	café	031.png	3	1
teto25	café	032.png	2	0
teto25	café	033.png	0	0
teto25	café	034.png	0	0
teto25	café	035.png	4	0
teto25	café	036.png	1	0
teto25	café	037.png	0	0
teto25	café	038.png	0	0
teto25	café	039.png	0	0
teto25	coracao	000.png	0	0
teto25	coracao	001.png	0	0
teto25	coracao	002.png	0	0
teto25	coracao	003.png	3	0
teto25	coracao	004.png	0	0
teto25	coracao	005.png	3	0
teto25	coracao	006.png	4	0
teto25	coracao	007.png	2	0
teto25	coracao	008.png	1	0
teto25	coracao	009.png	0	0
teto25	coracao	010.png	1	0
teto25	coracao	011.png	0	0
teto25	coracao	012.png	0	0
teto25	coracao	013.png	5	1
teto25	coracao	014.png	0	0
teto25	coracao	015.png	0	0
teto25	coracao	016.png	0	0
teto25	coracao	017.png	0	0
teto25	coracao	018.png	1	0
teto25	coracao	019.png	0	1
teto25	coracao	020.png	0	1
teto25	coracao	021.png	0	0
teto25	coracao	022.png	1	1
teto25	coracao	023.png	0	0
teto25	coracao	024.png	2	0
teto25	coracao	025.png	1	0
teto25	coracao	026.png	0	0
teto25	coracao	027.png	1	0
teto25	coracao	028.png	0	0
teto25	coracao	029.png	2	0
teto25	coracao	030.png	0	0
teto25	coracao	031.png	2	0
teto25	coracao	032.png	1	0
teto25	coracao	033.png	0	0
teto25	coracao	034.png	0	0
teto25	coracao	035.png	1	0
teto25	coracao	036.png	1	0
teto25	coracao	037.png	1	0
teto25	coracao	038.png	3	0
teto25	coracao	039.png	2	0
teto25	coração	000.png	0	0
teto25	coração	001.png	5	0
teto25	coração	002.png	2	0
teto25	coração	003.png	0	0
teto25	coração	004.png	2	1
teto25	coração	005.png	3	0
teto25	coração	006.png	2	1
teto25	coração	007.png	2	2
teto25	coração	008.png	0	0
teto25	coração	009.png	6	1
teto25	coração	010.png	0	0
teto25	coração	011.png	1	0
teto25	coração	012.png	4	0
teto25	coração	013.png	4	0
teto25	coração	014.png	1	0
teto25	coração	015.png	0	0
teto25	coração	016.png	1	0
teto25	coração	017.png	2	0
teto25	coração	018.png	3	0
teto25	coração	019.png	1	0
teto25	coração	020.png	1	1
teto25	coração	021.png	0	0
teto25	coração	022.png	1	1
teto25	coração	023.png	1	0
teto25	coração	024.png	0	0
teto25	coração	025.png	5	0
teto25	coração	026.png	3	1
teto25	coração	027.png	2	0
teto25	coração	028.png	0	0
teto25	coração	029.png	1	0
teto25	coração	030.png	0	1
teto25	coração	031.png	2	0
teto25	coração	032.png	3	0
teto25	coração	033.png	1	0
teto25	coração	034.png	1	1
teto25	coração	035.png	2	0
teto25	coração	036.png	3	0
teto25	coração	037.png	1	0
teto25	coração	038.png	2	3
teto25	coração	039.png	2	0
teto25	have	000.png	0	0
teto25	have	001.png	1	0
teto25	have	002.png	2	0
teto25	have	003.png	0	0
teto25	have	004.png	2	0
teto25	have	005.png	1	0
teto25	have	006.png	0	0
teto25	have	007.png	0	0
teto25	have	008.png	0	0
teto25	have	009.png	0	0
teto25	have	010.png	0	0
teto25	have	011.png	0	0
teto25	have	012.png	1	0
teto25	have	013.png	0	0
teto25	have	014.png	0	0
teto25	have	015.png	0	0
teto25	have	016.png	0	0
teto25	have	017.png	0	0
teto25	have	018.png	1	0
teto25	have	019.png	0	0
teto25	have	020.png	0	0
teto25	have	021.png	0	0
teto25	have	022.png	0	0
teto25	have	023.png	3	0
teto25	have	024.png	1	2
teto25	have	025.png	0	0
teto25	have	026.png	1	0
teto25	have	027.png	0	0
teto25	have	028.png	1	0
teto25	have	029.png	0	0
teto25	have	030.png	0	0
teto25	have	031.png	2	0
teto25	have	032.png	1	0
teto25	have	033.png	0	0
teto25	have	034.png	0	0
teto25	have	035.png	3	0
teto25	have	036.png	0	0
teto25	have	037.png	0	0
teto25	have	038.png	0	0
teto25	have	039.png	0	0
teto25	mãe	000.png	1	2
teto25	mãe	001.png	0	0
teto25	mãe	002.png	0	0
teto25	mãe	003.png	1	1
teto25	mãe	004.png	0	0
teto25	mãe	005.png	2	0
teto25	mãe	006.png	2	1
teto25	mãe	007.png	1	0
teto25	mãe	008.png	1	0
teto25	mãe	009.png	0	0
teto25	mãe	010.png	0	0
teto25	mãe	011.png	0	0
teto25	mãe	012.png	0	0
teto25	mãe	013.png	0	0
teto25	mãe	014.png	0	0
teto25	mãe	015.png	1	1
teto25	mãe	016.png	0	0
teto25	mãe	017.png	0	0
teto25	mãe	018.png	1	0
teto25	mãe	019.png	2	0
teto25	mãe	020.png	0	0
teto25	mãe	021.png	2	1
teto25	mãe	022.png	0	0
teto25	mãe	023.png	1	0
teto25	mãe	024.png	0	0
teto25	mãe	025.png	0	0
teto25	mãe	026.png	2	0
teto25	mãe	027.png	0	0
teto25	mãe	028.png	0	0
teto25	mãe	029.png	0	0
teto25	mãe	030.png	0	0
teto25	mãe	031.png	1	0
teto25	mãe	032.png	0	0
teto25	mãe	033.png	0	0
teto25	mãe	034.png	0	0
teto25	mãe	035.png	0	0
teto25	mãe	036.png	0	0
teto25	mãe	037.png	0	0
teto25	mãe	038.png	0	1
teto25	mãe	039.png	1	0
teto25	nacao	000.png	1	0
teto25	nacao	001.png	0	0
teto25	nacao	002.png	0	0
teto25	nacao	003.png	0	0
teto25	nacao	004.png	0	0
teto25	nacao	005.png	0	0
teto25	nacao	006.png	1	0
teto25	nacao	007.png	0	0
teto25	nacao	008.png	1	0
teto25	nacao	009.png	1	1
teto25	nacao	010.png	1	0
teto25	nacao	011.png	0	0
teto25	nacao	012.png	0	0
teto25	nacao	013.png	2	0
teto25	nacao	014.png	0	0
teto25	nacao	015.png	0	0
teto25	nacao	016.png	2	0
teto25	nacao	017.png	0	0
teto25	nacao	018.png	1	1
teto25	nacao	019.png	0	0
teto25	nacao	020.png	0	1
teto25	nacao	021.png	0	0
teto25	nacao	022.png	0	0
teto25	nacao	023.png	0	0
teto25	nacao	024.png	1	0
teto25	nacao	025.png	0	0
teto25	nacao	026.png	2	0
teto25	nacao	027.png	1	0
teto25	nacao	028.png	0	0
teto25	nacao	029.png	3	0
teto25	nacao	030.png	0	0
teto25	nacao	031.png	0	0
teto25	nacao	032.png	1	0
teto25	nacao	033.png	0	0
teto25	nacao	034.png	2	2
teto25	nacao	035.png	0	0
teto25	nacao	036.png	0	0
teto25	nacao	037.png	0	1
teto25	nacao	038.png	2	0
teto25	nacao	039.png	2	0
teto25	nação	000.png	2	0
teto25	nação	001.png	0	0
teto25	nação	002.png	0	0
teto25	nação	003.png	2	1
teto25	nação	004.png	0	0
teto25	nação	005.png	5	0
teto25	nação	006.png	2	0
teto25	nação	007.png	3	0
teto25	nação	008.png	1	0
teto25	nação	009.png	0	0
teto25	nação	010.png	1	0
teto25	nação	011.png	1	1
teto25	nação	012.png	2	0
teto25	nação	013.png	2	0
teto25	nação	014.png	1	0
teto25	nação	015.png	3	0
teto25	nação	016.png	4	0
teto25	nação	017.png	1	0
teto25	nação	018.png	0	0
teto25	nação	019.png	1	0
teto25	nação	020.png	0	0
teto25	nação	021.png	0	0
teto25	nação	022.png	6	0
teto25	nação	023.png	1	0
teto25	nação	024.png	0	1
teto25	nação	025.png	0	0
teto25	nação	026.png	3	0
teto25	nação	027.png	4	0
teto25	nação	028.png	2	0
teto25	nação	029.png	2	0
teto25	nação	030.png	3	0
teto25	nação	031.png	1	1
teto25	nação	032.png	2	0
teto25	nação	033.png	0	0
teto25	nação	034.png	1	0
teto25	nação	035.png	3	0
teto25	nação	036.png	0	0
teto25	nação	037.png	1	0
teto25	nação	038.png	3	0
teto25	nação	039.png	1	0
teto25	pao	000.png	0	0
teto25	pao	001.png	0	0
teto25	pao	002.png	0	0
teto25	pao	003.png	1	0
teto25	pao	004.png	0	0
teto25	pao	005.png	0	0
teto25	pao	006.png	0	0
teto25	pao	007.png	0	0
teto25	pao	008.png	0	0
teto25	pao	009.png	0	0
teto25	pao	010.png	0	0
teto25	pao	011.png	0	0
teto25	pao	012.png	0	0
teto25	pao	013.png	0	0
teto25	pao	014.png	0	0
teto25	pao	015.png	0	0
teto25	pao	016.png	0	0
teto25	pao	017.png	0	0
teto25	pao	018.png	0	1
teto25	pao	019.png	0	0
teto25	pao	020.png	0	0
teto25	pao	021.png	0	0
teto25	pao	022.png	1	0
teto25	pao	023.png	0	0
teto25	pao	024.png	0	0
teto25	pao	025.png	0	0
teto25	pao	026.png	0	0
teto25	pao	027.png	0	0
teto25	pao	028.png	0	0
teto25	pao	029.png	0	0
teto25	pao	030.png	0	0
teto25	pao	031.png	0	0
teto25	pao	032.png	0	0
teto25	pao	033.png	0	0
teto25	pao	034.png	0	0
teto25	pao	035.png	1	0
teto25	pao	036.png	0	0
teto25	pao	037.png	0	0
teto25	pao	038.png	0	0
teto25	pao	039.png	0	0
teto25	pão	000.png	0	1
teto25	pão	001.png	0	0
teto25	pão	002.png	1	0
teto25	pão	003.png	0	1
teto25	pão	004.png	0	0
teto25	pão	005.png	0	0
teto25	pão	006.png	0	0
teto25	pão	007.png	1	0
teto25	pão	008.png	0	0
teto25	pão	009.png	1	0
teto25	pão	010.png	0	0
teto25	pão	011.png	0	0
teto25	pão	012.png	3	0
teto25	pão	013.png	0	0
teto25	pão	014.png	0	0
teto25	pão	015.png	0	0
teto25	pão	016.png	0	0
teto25	pão	017.png	0	1
teto25	pão	018.png	0	1
teto25	pão	019.png	2	0
teto25	pão	020.png	0	0
teto25	pão	021.png	1	0
teto25	pão	022.png	2	0
teto25	pão	023.png	0	0
teto25	pão	024.png	1	2
teto25	pão	025.png	1	0
teto25	pão	026.png	0	0
teto25	pão	027.png	1	0
teto25	pão	028.png	1	0
teto25	pão	029.png	0	0
teto25	pão	030.png	1	1
teto25	pão	031.png	2	0
teto25	pão	032.png	0	0
teto25	pão	033.png	0	0
teto25	pão	034.png	0	0
teto25	pão	035.png	0	0
teto25	pão	036.png	0	0
teto25	pão	037.png	1	1
teto25	pão	038.png	0	0
teto25	pão	039.png	0	0
teto25	that	000.png	0	0
teto25	that	001.png	0	0
teto25	that	002.png	0	0
teto25	that	003.png	1	0
teto25	that	004.png	0	0
teto25	that	005.png	0	0
teto25	that	006.png	0	0
teto25	that	007.png	0	0
teto25	that	008.png	0	0
teto25	that	009.png	0	0
teto25	that	010.png	0	0
teto25	that	011.png	0	0
teto25	that	012.png	0	0
teto25	that	013.png	1	0
teto25	that	014.png	0	0
teto25	that	015.png	0	0
teto25	that	016.png	0	1
teto25	that	017.png	0	0
teto25	that	018.png	0	0
teto25	that	019.png	0	0
teto25	that	020.png	2	0
teto25	that	021.png	1	0
teto25	that	022.png	0	0
teto25	that	023.png	1	0
teto25	that	024.png	0	0
teto25	that	025.png	0	0
teto25	that	026.png	0	0
teto25	that	027.png	0	0
teto25	that	028.png	0	0
teto25	that	029.png	0	0
teto25	that	030.png	0	0
teto25	that	031.png	1	0
teto25	that	032.png	2	0
teto25	that	033.png	0	0
teto25	that	034.png	0	0
teto25	that	035.png	2	0
teto25	that	036.png	0	0
teto25	that	037.png	0	0
teto25	that	038.png	0	0
teto25	that	039.png	0	0
teto25	the	000.png	0	0
teto25	the	001.png	0	0
teto25	the	002.png	0	0
teto25	the	003.png	0	0
teto25	the	004.png	0	0
teto25	the	005.png	0	0
teto25	the	006.png	0	0
teto25	the	007.png	0	0
teto25	the	008.png	0	0
teto25	the	009.png	0	0
teto25	the	010.png	0	0
teto25	the	011.png	0	0
teto25	the	012.png	0	0
teto25	the	013.png	0	0
teto25	the	014.png	0	0
teto25	the	015.png	0	0
teto25	the	016.png	0	0
teto25	the	017.png	0	0
teto25	the	018.png	0	0
teto25	the	019.png	1	0
teto25	the	020.png	0	0
teto25	the	021.png	1	0
teto25	the	022.png	0	0
teto25	the	023.png	0	0
teto25	the	024.png	2	0
teto25	the	025.png	0	0
teto25	the	026.png	0	0
teto25	the	027.png	0	0
teto25	the	028.png	1	0
teto25	the	029.png	0	0
teto25	the	030.png	0	0
teto25	the	031.png	2	0
teto25	the	032.png	0	0
teto25	the	033.png	0	0
teto25	the	034.png	1	0
teto25	the	035.png	0	0
teto25	the	036.png	0	0
teto25	the	037.png	0	0
teto25	the	038.png	0	0
teto25	the	039.png	0	0
teto25	voce	000.png	0	0
teto25	voce	001.png	0	0
teto25	voce	002.png	0	0
teto25	voce	003.png	0	0
teto25	voce	004.png	2	0
teto25	voce	005.png	2	0
teto25	voce	006.png	2	0
teto25	voce	007.png	0	0
teto25	voce	008.png	1	0
teto25	voce	009.png	0	0
teto25	voce	010.png	0	0
teto25	voce	011.png	0	0
teto25	voce	012.png	0	0
teto25	voce	013.png	0	0
teto25	voce	014.png	0	0
teto25	voce	015.png	0	0
teto25	voce	016.png	0	0
teto25	voce	017.png	0	0
teto25	voce	018.png	1	3
teto25	voce	019.png	0	0
teto25	voce	020.png	1	0
teto25	voce	021.png	5	0
teto25	voce	022.png	1	0
teto25	voce	023.png	4	0
teto25	voce	024.png	0	0
teto25	voce	025.png	1	1
teto25	voce	026.png	0	0
teto25	voce	027.png	0	0
teto25	voce	028.png	1	0
teto25	voce	029.png	0	0
teto25	voce	030.png	0	0
teto25	voce	031.png	2	0
teto25	voce	032.png	0	0
teto25	voce	033.png	1	0
teto25	voce	034.png	1	0
teto25	voce	035.png	0	0
teto25	voce	036.png	1	0
teto25	voce	037.png	0	0
teto25	voce	038.png	0	0
teto25	voce	039.png	1	0
teto25	você	000.png	0	0
teto25	você	001.png	0	0
teto25	você	002.png	0	0
teto25	você	003.png	0	0
teto25	você	004.png	2	0
teto25	você	005.png	3	0
teto25	você	006.png	0	2
teto25	você	007.png	0	0
teto25	você	008.png	0	0
teto25	você	009.png	0	0
teto25	você	010.png	0	0
teto25	você	011.png	0	0
teto25	você	012.png	0	0
teto25	você	013.png	0	0
teto25	você	014.png	0	0
teto25	você	015.png	0	1
teto25	você	016.png	0	0
teto25	você	017.png	1	0
teto25	você	018.png	3	0
teto25	você	019.png	0	0
teto25	você	020.png	2	0
teto25	você	021.png	0	0
teto25	você	022.png	0	2
teto25	você	023.png	0	0
teto25	você	024.png	1	0
teto25	você	025.png	1	1
teto25	você	026.png	0	0
teto25	você	027.png	1	0
teto25	você	028.png	0	0
teto25	você	029.png	0	0
teto25	você	030.png	0	0
teto25	você	031.png	0	0
teto25	você	032.png	0	0
teto25	você	033.png	1	0
teto25	você	034.png	1	0
teto25	você	035.png	0	0
teto25	você	036.png	1	1
teto25	você	037.png	0	0
teto25	você	038.png	4	0
teto25	você	039.png	1	0
