palavra	versao	escritor	semente	marca_acima	x_marcas
haverá	1 com acento	187	42	1	[np.float64(0.29)]
haverá	1 com acento	188	42	0	[]
haverá	1 com acento	169	42	0	[]
haverá	1 com acento	180	42	1	[np.float64(0.9)]
haverá	1 com acento	187	43	0	[]
haverá	1 com acento	188	43	1	[np.float64(0.9)]
haverá	1 com acento	169	43	0	[]
haverá	1 com acento	180	43	0	[]
haverá	2 sem acento	187	42	1	[np.float64(0.29)]
haverá	2 sem acento	188	42	0	[]
haverá	2 sem acento	169	42	0	[]
haverá	2 sem acento	180	42	0	[]
haverá	2 sem acento	187	43	0	[]
haverá	2 sem acento	188	43	0	[]
haverá	2 sem acento	169	43	0	[]
haverá	2 sem acento	180	43	0	[]
haverá	3 letras A + vazias E	187	42	1	[np.float64(0.29)]
haverá	3 letras A + vazias E	188	42	0	[]
haverá	3 letras A + vazias E	169	42	0	[]
haverá	3 letras A + vazias E	180	42	1	[np.float64(0.9)]
haverá	3 letras A + vazias E	187	43	0	[]
haverá	3 letras A + vazias E	188	43	1	[np.float64(0.9)]
haverá	3 letras A + vazias E	169	43	0	[]
haverá	3 letras A + vazias E	180	43	0	[]
haverá	4 letras E + vazias A	187	42	1	[np.float64(0.29)]
haverá	4 letras E + vazias A	188	42	0	[]
haverá	4 letras E + vazias A	169	42	0	[]
haverá	4 letras E + vazias A	180	42	0	[]
haverá	4 letras E + vazias A	187	43	0	[]
haverá	4 letras E + vazias A	188	43	0	[]
haverá	4 letras E + vazias A	169	43	0	[]
haverá	4 letras E + vazias A	180	43	0	[]
haverá	5 E + casa do acento	187	42	1	[np.float64(0.29)]
haverá	5 E + casa do acento	188	42	0	[]
haverá	5 E + casa do acento	169	42	0	[]
haverá	5 E + casa do acento	180	42	0	[]
haverá	5 E + casa do acento	187	43	0	[]
haverá	5 E + casa do acento	188	43	0	[]
haverá	5 E + casa do acento	169	43	0	[]
haverá	5 E + casa do acento	180	43	0	[]
haverá	6 A - casa do acento	187	42	1	[np.float64(0.29)]
haverá	6 A - casa do acento	188	42	0	[]
haverá	6 A - casa do acento	169	42	0	[]
haverá	6 A - casa do acento	180	42	1	[np.float64(0.9)]
haverá	6 A - casa do acento	187	43	0	[]
haverá	6 A - casa do acento	188	43	1	[np.float64(0.9)]
haverá	6 A - casa do acento	169	43	0	[]
haverá	6 A - casa do acento	180	43	0	[]
provável	1 com acento	187	42	1	[np.float64(0.3)]
provável	1 com acento	188	42	1	[np.float64(0.27), np.float64(0.49), np.float64(0.57)]
provável	1 com acento	169	42	1	[np.float64(0.62)]
provável	1 com acento	180	42	1	[np.float64(0.88)]
provável	1 com acento	187	43	1	[np.float64(0.6)]
provável	1 com acento	188	43	1	[np.float64(0.28)]
provável	1 com acento	169	43	1	[np.float64(0.6), np.float64(0.55)]
provável	1 com acento	180	43	1	[np.float64(0.58)]
provável	2 sem acento	187	42	1	[np.float64(0.3)]
provável	2 sem acento	188	42	0	[]
provável	2 sem acento	169	42	1	[np.float64(0.62)]
provável	2 sem acento	180	42	1	[np.float64(0.89)]
provável	2 sem acento	187	43	1	[np.float64(0.61)]
provável	2 sem acento	188	43	1	[np.float64(0.29)]
provável	2 sem acento	169	43	0	[]
provável	2 sem acento	180	43	0	[]
provável	3 letras A + vazias E	187	42	1	[np.float64(0.3)]
provável	3 letras A + vazias E	188	42	1	[np.float64(0.56)]
provável	3 letras A + vazias E	169	42	1	[np.float64(0.62)]
provável	3 letras A + vazias E	180	42	1	[np.float64(0.89)]
provável	3 letras A + vazias E	187	43	1	[np.float64(0.6)]
provável	3 letras A + vazias E	188	43	1	[np.float64(0.29)]
provável	3 letras A + vazias E	169	43	1	[np.float64(0.55)]
provável	3 letras A + vazias E	180	43	1	[np.float64(0.57)]
provável	4 letras E + vazias A	187	42	1	[np.float64(0.3)]
provável	4 letras E + vazias A	188	42	1	[np.float64(0.56)]
provável	4 letras E + vazias A	169	42	1	[np.float64(0.62)]
provável	4 letras E + vazias A	180	42	1	[np.float64(0.89)]
provável	4 letras E + vazias A	187	43	1	[np.float64(0.6)]
provável	4 letras E + vazias A	188	43	1	[np.float64(0.28)]
provável	4 letras E + vazias A	169	43	1	[np.float64(0.55)]
provável	4 letras E + vazias A	180	43	1	[np.float64(0.58)]
provável	5 E + casa do acento	187	42	1	[np.float64(0.3)]
provável	5 E + casa do acento	188	42	1	[np.float64(0.56)]
provável	5 E + casa do acento	169	42	1	[np.float64(0.62)]
provável	5 E + casa do acento	180	42	1	[np.float64(0.89)]
provável	5 E + casa do acento	187	43	1	[np.float64(0.61)]
provável	5 E + casa do acento	188	43	1	[np.float64(0.29)]
provável	5 E + casa do acento	169	43	1	[np.float64(0.6), np.float64(0.55)]
provável	5 E + casa do acento	180	43	1	[np.float64(0.57)]
provável	6 A - casa do acento	187	42	0	[]
provável	6 A - casa do acento	188	42	1	[np.float64(0.56)]
provável	6 A - casa do acento	169	42	1	[np.float64(0.62)]
provável	6 A - casa do acento	180	42	1	[np.float64(0.89)]
provável	6 A - casa do acento	187	43	1	[np.float64(0.6)]
provável	6 A - casa do acento	188	43	1	[np.float64(0.28)]
provável	6 A - casa do acento	169	43	1	[np.float64(0.55)]
provável	6 A - casa do acento	180	43	1	[np.float64(0.58)]
módulo	1 com acento	187	42	1	[np.float64(0.33)]
módulo	1 com acento	188	42	1	[np.float64(0.02)]
módulo	1 com acento	169	42	1	[np.float64(0.3)]
módulo	1 com acento	180	42	1	[np.float64(0.93)]
módulo	1 com acento	187	43	1	[np.float64(0.93)]
módulo	1 com acento	188	43	1	[np.float64(0.9)]
módulo	1 com acento	169	43	0	[]
módulo	1 com acento	180	43	1	[np.float64(0.32)]
módulo	2 sem acento	187	42	0	[]
módulo	2 sem acento	188	42	0	[]
módulo	2 sem acento	169	42	0	[]
módulo	2 sem acento	180	42	1	[np.float64(0.92)]
módulo	2 sem acento	187	43	0	[]
módulo	2 sem acento	188	43	1	[np.float64(0.29), np.float64(0.9)]
módulo	2 sem acento	169	43	1	[np.float64(0.89)]
módulo	2 sem acento	180	43	1	[np.float64(0.31)]
módulo	3 letras A + vazias E	187	42	0	[]
módulo	3 letras A + vazias E	188	42	0	[]
módulo	3 letras A + vazias E	169	42	0	[]
módulo	3 letras A + vazias E	180	42	1	[np.float64(0.92)]
módulo	3 letras A + vazias E	187	43	0	[]
módulo	3 letras A + vazias E	188	43	1	[np.float64(0.9)]
módulo	3 letras A + vazias E	169	43	1	[np.float64(0.89)]
módulo	3 letras A + vazias E	180	43	1	[np.float64(0.31)]
módulo	4 letras E + vazias A	187	42	0	[]
módulo	4 letras E + vazias A	188	42	1	[np.float64(0.02)]
módulo	4 letras E + vazias A	169	42	1	[np.float64(0.3)]
módulo	4 letras E + vazias A	180	42	1	[np.float64(0.93)]
módulo	4 letras E + vazias A	187	43	0	[]
módulo	4 letras E + vazias A	188	43	1	[np.float64(0.29), np.float64(0.9)]
módulo	4 letras E + vazias A	169	43	0	[]
módulo	4 letras E + vazias A	180	43	1	[np.float64(0.32)]
módulo	5 E + casa do acento	187	42	0	[]
módulo	5 E + casa do acento	188	42	0	[]
módulo	5 E + casa do acento	169	42	0	[]
módulo	5 E + casa do acento	180	42	1	[np.float64(0.92)]
módulo	5 E + casa do acento	187	43	0	[]
módulo	5 E + casa do acento	188	43	1	[np.float64(0.9)]
módulo	5 E + casa do acento	169	43	1	[np.float64(0.89)]
módulo	5 E + casa do acento	180	43	1	[np.float64(0.31)]
módulo	6 A - casa do acento	187	42	1	[np.float64(0.34)]
módulo	6 A - casa do acento	188	42	1	[np.float64(0.02)]
módulo	6 A - casa do acento	169	42	1	[np.float64(0.3)]
módulo	6 A - casa do acento	180	42	1	[np.float64(0.93)]
módulo	6 A - casa do acento	187	43	1	[np.float64(0.93)]
módulo	6 A - casa do acento	188	43	1	[np.float64(0.29), np.float64(0.9)]
módulo	6 A - casa do acento	169	43	0	[]
módulo	6 A - casa do acento	180	43	1	[np.float64(0.32)]
câmera	1 com acento	187	42	1	[np.float64(0.65)]
câmera	1 com acento	188	42	1	[np.float64(0.18)]
câmera	1 com acento	169	42	0	[]
câmera	1 com acento	180	42	0	[]
câmera	1 com acento	187	43	0	[]
câmera	1 com acento	188	43	1	[np.float64(0.9)]
câmera	1 com acento	169	43	1	[np.float64(0.88)]
câmera	1 com acento	180	43	0	[]
câmera	2 sem acento	187	42	0	[]
câmera	2 sem acento	188	42	0	[]
câmera	2 sem acento	169	42	0	[]
câmera	2 sem acento	180	42	0	[]
câmera	2 sem acento	187	43	0	[]
câmera	2 sem acento	188	43	1	[np.float64(0.88)]
câmera	2 sem acento	169	43	1	[np.float64(0.89)]
câmera	2 sem acento	180	43	0	[]
câmera	3 letras A + vazias E	187	42	1	[np.float64(0.66)]
câmera	3 letras A + vazias E	188	42	0	[]
câmera	3 letras A + vazias E	169	42	0	[]
câmera	3 letras A + vazias E	180	42	0	[]
câmera	3 letras A + vazias E	187	43	0	[]
câmera	3 letras A + vazias E	188	43	1	[np.float64(0.89)]
câmera	3 letras A + vazias E	169	43	1	[np.float64(0.89)]
câmera	3 letras A + vazias E	180	43	0	[]
câmera	4 letras E + vazias A	187	42	1	[np.float64(0.65)]
câmera	4 letras E + vazias A	188	42	1	[np.float64(0.18)]
câmera	4 letras E + vazias A	169	42	0	[]
câmera	4 letras E + vazias A	180	42	0	[]
câmera	4 letras E + vazias A	187	43	0	[]
câmera	4 letras E + vazias A	188	43	1	[np.float64(0.9)]
câmera	4 letras E + vazias A	169	43	1	[np.float64(0.88)]
câmera	4 letras E + vazias A	180	43	0	[]
câmera	5 E + casa do acento	187	42	0	[]
câmera	5 E + casa do acento	188	42	0	[]
câmera	5 E + casa do acento	169	42	0	[]
câmera	5 E + casa do acento	180	42	0	[]
câmera	5 E + casa do acento	187	43	0	[]
câmera	5 E + casa do acento	188	43	1	[np.float64(0.88)]
câmera	5 E + casa do acento	169	43	1	[np.float64(0.89)]
câmera	5 E + casa do acento	180	43	0	[]
câmera	6 A - casa do acento	187	42	1	[np.float64(0.65)]
câmera	6 A - casa do acento	188	42	1	[np.float64(0.18)]
câmera	6 A - casa do acento	169	42	0	[]
câmera	6 A - casa do acento	180	42	0	[]
câmera	6 A - casa do acento	187	43	0	[]
câmera	6 A - casa do acento	188	43	1	[np.float64(0.9)]
câmera	6 A - casa do acento	169	43	1	[np.float64(0.88), np.float64(0.41)]
câmera	6 A - casa do acento	180	43	0	[]
pântano	1 com acento	187	42	1	[np.float64(0.69)]
pântano	1 com acento	188	42	0	[]
pântano	1 com acento	169	42	1	[np.float64(0.67)]
pântano	1 com acento	180	42	1	[np.float64(0.83)]
pântano	1 com acento	187	43	1	[np.float64(0.54), np.float64(0.64)]
pântano	1 com acento	188	43	0	[]
pântano	1 com acento	169	43	0	[]
pântano	1 com acento	180	43	1	[np.float64(0.61)]
pântano	2 sem acento	187	42	1	[np.float64(0.67)]
pântano	2 sem acento	188	42	1	[np.float64(0.79), np.float64(0.61)]
pântano	2 sem acento	169	42	1	[np.float64(0.62), np.float64(0.67)]
pântano	2 sem acento	180	42	1	[np.float64(0.82)]
pântano	2 sem acento	187	43	1	[np.float64(0.54), np.float64(0.63)]
pântano	2 sem acento	188	43	0	[]
pântano	2 sem acento	169	43	1	[np.float64(0.7)]
pântano	2 sem acento	180	43	1	[np.float64(0.62), np.float64(0.83)]
pântano	3 letras A + vazias E	187	42	1	[np.float64(0.67)]
pântano	3 letras A + vazias E	188	42	1	[np.float64(0.79)]
pântano	3 letras A + vazias E	169	42	0	[]
pântano	3 letras A + vazias E	180	42	1	[np.float64(0.82)]
pântano	3 letras A + vazias E	187	43	1	[np.float64(0.54), np.float64(0.63)]
pântano	3 letras A + vazias E	188	43	0	[]
pântano	3 letras A + vazias E	169	43	1	[np.float64(0.61)]
pântano	3 letras A + vazias E	180	43	1	[np.float64(0.61), np.float64(0.83)]
pântano	4 letras E + vazias A	187	42	1	[np.float64(0.69)]
pântano	4 letras E + vazias A	188	42	1	[np.float64(0.79)]
pântano	4 letras E + vazias A	169	42	0	[]
pântano	4 letras E + vazias A	180	42	1	[np.float64(0.83)]
pântano	4 letras E + vazias A	187	43	0	[]
pântano	4 letras E + vazias A	188	43	0	[]
pântano	4 letras E + vazias A	169	43	0	[]
pântano	4 letras E + vazias A	180	43	1	[np.float64(0.61), np.float64(0.84)]
pântano	5 E + casa do acento	187	42	1	[np.float64(0.67)]
pântano	5 E + casa do acento	188	42	1	[np.float64(0.79)]
pântano	5 E + casa do acento	169	42	0	[]
pântano	5 E + casa do acento	180	42	1	[np.float64(0.82)]
pântano	5 E + casa do acento	187	43	1	[np.float64(0.26)]
pântano	5 E + casa do acento	188	43	0	[]
pântano	5 E + casa do acento	169	43	1	[np.float64(0.7)]
pântano	5 E + casa do acento	180	43	1	[np.float64(0.62), np.float64(0.83)]
pântano	6 A - casa do acento	187	42	1	[np.float64(0.69)]
pântano	6 A - casa do acento	188	42	0	[]
pântano	6 A - casa do acento	169	42	0	[]
pântano	6 A - casa do acento	180	42	1	[np.float64(0.83)]
pântano	6 A - casa do acento	187	43	1	[np.float64(0.54), np.float64(0.64)]
pântano	6 A - casa do acento	188	43	0	[]
pântano	6 A - casa do acento	169	43	0	[]
pântano	6 A - casa do acento	180	43	1	[np.float64(0.61)]
você	1 com acento	187	42	0	[]
você	1 com acento	188	42	1	[np.float64(0.92), np.float64(0.62)]
você	1 com acento	169	42	1	[np.float64(0.69)]
você	1 com acento	180	42	0	[]
você	1 com acento	187	43	0	[]
você	1 com acento	188	43	1	[np.float64(0.29), np.float64(0.19)]
você	1 com acento	169	43	1	[np.float64(0.01)]
você	1 com acento	180	43	0	[]
você	2 sem acento	187	42	0	[]
você	2 sem acento	188	42	1	[np.float64(0.12), np.float64(0.58)]
você	2 sem acento	169	42	0	[]
você	2 sem acento	180	42	0	[]
você	2 sem acento	187	43	0	[]
você	2 sem acento	188	43	1	[np.float64(0.18)]
você	2 sem acento	169	43	0	[]
você	2 sem acento	180	43	0	[]
você	3 letras A + vazias E	187	42	0	[]
você	3 letras A + vazias E	188	42	1	[np.float64(0.62)]
você	3 letras A + vazias E	169	42	1	[np.float64(0.7)]
você	3 letras A + vazias E	180	42	0	[]
você	3 letras A + vazias E	187	43	0	[]
você	3 letras A + vazias E	188	43	1	[np.float64(0.29), np.float64(0.19)]
você	3 letras A + vazias E	169	43	1	[np.float64(0.01)]
você	3 letras A + vazias E	180	43	0	[]
você	4 letras E + vazias A	187	42	0	[]
você	4 letras E + vazias A	188	42	1	[np.float64(0.11), np.float64(0.21)]
você	4 letras E + vazias A	169	42	0	[]
você	4 letras E + vazias A	180	42	0	[]
você	4 letras E + vazias A	187	43	0	[]
você	4 letras E + vazias A	188	43	1	[np.float64(0.18)]
você	4 letras E + vazias A	169	43	0	[]
você	4 letras E + vazias A	180	43	0	[]
você	5 E + casa do acento	187	42	0	[]
você	5 E + casa do acento	188	42	1	[np.float64(0.12), np.float64(0.58)]
você	5 E + casa do acento	169	42	1	[np.float64(0.69)]
você	5 E + casa do acento	180	42	0	[]
você	5 E + casa do acento	187	43	0	[]
você	5 E + casa do acento	188	43	1	[np.float64(0.18)]
você	5 E + casa do acento	169	43	0	[]
você	5 E + casa do acento	180	43	0	[]
você	6 A - casa do acento	187	42	0	[]
você	6 A - casa do acento	188	42	1	[np.float64(0.59), np.float64(0.82)]
você	6 A - casa do acento	169	42	1	[np.float64(0.69)]
você	6 A - casa do acento	180	42	0	[]
você	6 A - casa do acento	187	43	0	[]
você	6 A - casa do acento	188	43	1	[np.float64(0.29), np.float64(0.19)]
você	6 A - casa do acento	169	43	0	[]
você	6 A - casa do acento	180	43	0	[]
fogão	1 com acento	187	42	1	[np.float64(0.78)]
fogão	1 com acento	188	42	1	[np.float64(0.72)]
fogão	1 com acento	169	42	1	[np.float64(0.73)]
fogão	1 com acento	180	42	1	[np.float64(0.44)]
fogão	1 com acento	187	43	1	[np.float64(0.6), np.float64(0.3)]
fogão	1 com acento	188	43	1	[np.float64(0.76), np.float64(0.57)]
fogão	1 com acento	169	43	1	[np.float64(0.7), np.float64(0.18)]
fogão	1 com acento	180	43	1	[np.float64(0.67)]
fogão	2 sem acento	187	42	0	[]
fogão	2 sem acento	188	42	0	[]
fogão	2 sem acento	169	42	1	[np.float64(0.18)]
fogão	2 sem acento	180	42	0	[]
fogão	2 sem acento	187	43	0	[]
fogão	2 sem acento	188	43	0	[]
fogão	2 sem acento	169	43	0	[]
fogão	2 sem acento	180	43	1	[np.float64(0.65)]
fogão	3 letras A + vazias E	187	42	0	[]
fogão	3 letras A + vazias E	188	42	1	[np.float64(0.72)]
fogão	3 letras A + vazias E	169	42	1	[np.float64(0.74)]
fogão	3 letras A + vazias E	180	42	1	[np.float64(0.48), np.float64(0.75)]
fogão	3 letras A + vazias E	187	43	1	[np.float64(0.6), np.float64(0.3)]
fogão	3 letras A + vazias E	188	43	1	[np.float64(0.56)]
fogão	3 letras A + vazias E	169	43	1	[np.float64(0.7)]
fogão	3 letras A + vazias E	180	43	1	[np.float64(0.66)]
fogão	4 letras E + vazias A	187	42	0	[]
fogão	4 letras E + vazias A	188	42	0	[]
fogão	4 letras E + vazias A	169	42	1	[np.float64(0.24), np.float64(0.18)]
fogão	4 letras E + vazias A	180	42	0	[]
fogão	4 letras E + vazias A	187	43	1	[np.float64(0.7)]
fogão	4 letras E + vazias A	188	43	0	[]
fogão	4 letras E + vazias A	169	43	0	[]
fogão	4 letras E + vazias A	180	43	1	[np.float64(0.65)]
fogão	5 E + casa do acento	187	42	0	[]
fogão	5 E + casa do acento	188	42	1	[np.float64(0.7)]
fogão	5 E + casa do acento	169	42	1	[np.float64(0.74)]
fogão	5 E + casa do acento	180	42	1	[np.float64(0.48), np.float64(0.74)]
fogão	5 E + casa do acento	187	43	1	[np.float64(0.59), np.float64(0.31)]
fogão	5 E + casa do acento	188	43	1	[np.float64(0.57)]
fogão	5 E + casa do acento	169	43	1	[np.float64(0.67)]
fogão	5 E + casa do acento	180	43	1	[np.float64(0.66)]
fogão	6 A - casa do acento	187	42	1	[np.float64(0.8)]
fogão	6 A - casa do acento	188	42	1	[np.float64(0.71)]
fogão	6 A - casa do acento	169	42	1	[np.float64(0.74)]
fogão	6 A - casa do acento	180	42	1	[np.float64(0.42), np.float64(0.74)]
fogão	6 A - casa do acento	187	43	1	[np.float64(0.59), np.float64(0.3)]
fogão	6 A - casa do acento	188	43	0	[]
fogão	6 A - casa do acento	169	43	1	[np.float64(0.69)]
fogão	6 A - casa do acento	180	43	1	[np.float64(0.67)]
