palavra	versao	tipo	parametro	escritor	semente	marca_acima	x_marcas
haverá	1	fixo	A	187	42	1	[np.float64(0.29)]
haverá	1	fixo	A	188	42	0	[]
haverá	1	fixo	A	169	42	0	[]
haverá	1	fixo	A	180	42	1	[np.float64(0.9)]
haverá	1	fixo	A	187	43	0	[]
haverá	1	fixo	A	188	43	1	[np.float64(0.9)]
haverá	1	fixo	A	169	43	0	[]
haverá	1	fixo	A	180	43	0	[]
haverá	2	fixo	E	187	42	1	[np.float64(0.29)]
haverá	2	fixo	E	188	42	0	[]
haverá	2	fixo	E	169	42	0	[]
haverá	2	fixo	E	180	42	0	[]
haverá	2	fixo	E	187	43	0	[]
haverá	2	fixo	E	188	43	0	[]
haverá	2	fixo	E	169	43	0	[]
haverá	2	fixo	E	180	43	0	[]
haverá	3	troca	('A', 'E', 10)	187	42	1	[np.float64(0.29)]
haverá	3	troca	('A', 'E', 10)	188	42	0	[]
haverá	3	troca	('A', 'E', 10)	169	42	0	[]
haverá	3	troca	('A', 'E', 10)	180	42	0	[]
haverá	3	troca	('A', 'E', 10)	187	43	0	[]
haverá	3	troca	('A', 'E', 10)	188	43	0	[]
haverá	3	troca	('A', 'E', 10)	169	43	0	[]
haverá	3	troca	('A', 'E', 10)	180	43	0	[]
haverá	4	troca	('E', 'A', 10)	187	42	1	[np.float64(0.29)]
haverá	4	troca	('E', 'A', 10)	188	42	0	[]
haverá	4	troca	('E', 'A', 10)	169	42	0	[]
haverá	4	troca	('E', 'A', 10)	180	42	1	[np.float64(0.9)]
haverá	4	troca	('E', 'A', 10)	187	43	0	[]
haverá	4	troca	('E', 'A', 10)	188	43	1	[np.float64(0.9)]
haverá	4	troca	('E', 'A', 10)	169	43	0	[]
haverá	4	troca	('E', 'A', 10)	180	43	0	[]
haverá	5	troca	('A', 'E', 25)	187	42	1	[np.float64(0.29)]
haverá	5	troca	('A', 'E', 25)	188	42	0	[]
haverá	5	troca	('A', 'E', 25)	169	42	0	[]
haverá	5	troca	('A', 'E', 25)	180	42	1	[np.float64(0.9)]
haverá	5	troca	('A', 'E', 25)	187	43	0	[]
haverá	5	troca	('A', 'E', 25)	188	43	0	[]
haverá	5	troca	('A', 'E', 25)	169	43	0	[]
haverá	5	troca	('A', 'E', 25)	180	43	0	[]
haverá	6	troca	('E', 'A', 25)	187	42	1	[np.float64(0.29)]
haverá	6	troca	('E', 'A', 25)	188	42	0	[]
haverá	6	troca	('E', 'A', 25)	169	42	0	[]
haverá	6	troca	('E', 'A', 25)	180	42	1	[np.float64(0.9)]
haverá	6	troca	('E', 'A', 25)	187	43	0	[]
haverá	6	troca	('E', 'A', 25)	188	43	1	[np.float64(0.9)]
haverá	6	troca	('E', 'A', 25)	169	43	0	[]
haverá	6	troca	('E', 'A', 25)	180	43	0	[]
haverá	7	reforco	('A', 3.0)	187	42	1	[np.float64(0.29)]
haverá	7	reforco	('A', 3.0)	188	42	0	[]
haverá	7	reforco	('A', 3.0)	169	42	0	[]
haverá	7	reforco	('A', 3.0)	180	42	1	[np.float64(0.91)]
haverá	7	reforco	('A', 3.0)	187	43	0	[]
haverá	7	reforco	('A', 3.0)	188	43	1	[np.float64(0.9)]
haverá	7	reforco	('A', 3.0)	169	43	1	[np.float64(0.91)]
haverá	7	reforco	('A', 3.0)	180	43	0	[]
haverá	8	reforco	('A', 6.0)	187	42	1	[np.float64(0.31)]
haverá	8	reforco	('A', 6.0)	188	42	0	[]
haverá	8	reforco	('A', 6.0)	169	42	0	[]
haverá	8	reforco	('A', 6.0)	180	42	1	[np.float64(0.91)]
haverá	8	reforco	('A', 6.0)	187	43	0	[]
haverá	8	reforco	('A', 6.0)	188	43	1	[np.float64(0.91)]
haverá	8	reforco	('A', 6.0)	169	43	1	[np.float64(0.91)]
haverá	8	reforco	('A', 6.0)	180	43	1	[np.float64(0.76)]
haverá	9	reforco	('E', 3.0)	187	42	0	[]
haverá	9	reforco	('E', 3.0)	188	42	0	[]
haverá	9	reforco	('E', 3.0)	169	42	0	[]
haverá	9	reforco	('E', 3.0)	180	42	0	[]
haverá	9	reforco	('E', 3.0)	187	43	0	[]
haverá	9	reforco	('E', 3.0)	188	43	0	[]
haverá	9	reforco	('E', 3.0)	169	43	0	[]
haverá	9	reforco	('E', 3.0)	180	43	1	[np.float64(0.76)]
haverá	10	reforco	('E', 6.0)	187	42	0	[]
haverá	10	reforco	('E', 6.0)	188	42	0	[]
haverá	10	reforco	('E', 6.0)	169	42	0	[]
haverá	10	reforco	('E', 6.0)	180	42	0	[]
haverá	10	reforco	('E', 6.0)	187	43	0	[]
haverá	10	reforco	('E', 6.0)	188	43	0	[]
haverá	10	reforco	('E', 6.0)	169	43	0	[]
haverá	10	reforco	('E', 6.0)	180	43	1	[np.float64(0.79)]
módulo	1	fixo	A	187	42	1	[np.float64(0.33)]
módulo	1	fixo	A	188	42	1	[np.float64(0.02)]
módulo	1	fixo	A	169	42	1	[np.float64(0.3)]
módulo	1	fixo	A	180	42	1	[np.float64(0.93)]
módulo	1	fixo	A	187	43	1	[np.float64(0.93)]
módulo	1	fixo	A	188	43	1	[np.float64(0.9)]
módulo	1	fixo	A	169	43	0	[]
módulo	1	fixo	A	180	43	1	[np.float64(0.32)]
módulo	2	fixo	E	187	42	0	[]
módulo	2	fixo	E	188	42	0	[]
módulo	2	fixo	E	169	42	0	[]
módulo	2	fixo	E	180	42	1	[np.float64(0.92)]
módulo	2	fixo	E	187	43	0	[]
módulo	2	fixo	E	188	43	1	[np.float64(0.29), np.float64(0.9)]
módulo	2	fixo	E	169	43	1	[np.float64(0.89)]
módulo	2	fixo	E	180	43	1	[np.float64(0.31)]
módulo	3	troca	('A', 'E', 10)	187	42	0	[]
módulo	3	troca	('A', 'E', 10)	188	42	0	[]
módulo	3	troca	('A', 'E', 10)	169	42	0	[]
módulo	3	troca	('A', 'E', 10)	180	42	1	[np.float64(0.92)]
módulo	3	troca	('A', 'E', 10)	187	43	0	[]
módulo	3	troca	('A', 'E', 10)	188	43	1	[np.float64(0.29), np.float64(0.9)]
módulo	3	troca	('A', 'E', 10)	169	43	1	[np.float64(0.89)]
módulo	3	troca	('A', 'E', 10)	180	43	1	[np.float64(0.31)]
módulo	4	troca	('E', 'A', 10)	187	42	1	[np.float64(0.33)]
módulo	4	troca	('E', 'A', 10)	188	42	1	[np.float64(0.02)]
módulo	4	troca	('E', 'A', 10)	169	42	1	[np.float64(0.3)]
módulo	4	troca	('E', 'A', 10)	180	42	1	[np.float64(0.93)]
módulo	4	troca	('E', 'A', 10)	187	43	1	[np.float64(0.93)]
módulo	4	troca	('E', 'A', 10)	188	43	1	[np.float64(0.29), np.float64(0.9)]
módulo	4	troca	('E', 'A', 10)	169	43	0	[]
módulo	4	troca	('E', 'A', 10)	180	43	1	[np.float64(0.32)]
módulo	5	troca	('A', 'E', 25)	187	42	0	[]
módulo	5	troca	('A', 'E', 25)	188	42	0	[]
módulo	5	troca	('A', 'E', 25)	169	42	1	[np.float64(0.3)]
módulo	5	troca	('A', 'E', 25)	180	42	1	[np.float64(0.92)]
módulo	5	troca	('A', 'E', 25)	187	43	0	[]
módulo	5	troca	('A', 'E', 25)	188	43	1	[np.float64(0.9)]
módulo	5	troca	('A', 'E', 25)	169	43	0	[]
módulo	5	troca	('A', 'E', 25)	180	43	1	[np.float64(0.31)]
módulo	6	troca	('E', 'A', 25)	187	42	1	[np.float64(0.33)]
módulo	6	troca	('E', 'A', 25)	188	42	0	[]
módulo	6	troca	('E', 'A', 25)	169	42	1	[np.float64(0.3)]
módulo	6	troca	('E', 'A', 25)	180	42	1	[np.float64(0.93)]
módulo	6	troca	('E', 'A', 25)	187	43	0	[]
módulo	6	troca	('E', 'A', 25)	188	43	1	[np.float64(0.29), np.float64(0.9)]
módulo	6	troca	('E', 'A', 25)	169	43	1	[np.float64(0.89)]
módulo	6	troca	('E', 'A', 25)	180	43	1	[np.float64(0.32)]
módulo	7	reforco	('A', 3.0)	187	42	1	[np.float64(0.34)]
módulo	7	reforco	('A', 3.0)	188	42	1	[np.float64(0.02), np.float64(0.66)]
módulo	7	reforco	('A', 3.0)	169	42	1	[np.float64(0.3)]
módulo	7	reforco	('A', 3.0)	180	42	0	[]
módulo	7	reforco	('A', 3.0)	187	43	1	[np.float64(0.94), np.float64(0.31)]
módulo	7	reforco	('A', 3.0)	188	43	1	[np.float64(0.29), np.float64(0.91)]
módulo	7	reforco	('A', 3.0)	169	43	1	[np.float64(0.93)]
módulo	7	reforco	('A', 3.0)	180	43	1	[np.float64(0.33), np.float64(0.01)]
módulo	8	reforco	('A', 6.0)	187	42	1	[np.float64(0.33)]
módulo	8	reforco	('A', 6.0)	188	42	1	[np.float64(0.67), np.float64(0.85), np.float64(0.33)]
módulo	8	reforco	('A', 6.0)	169	42	1	[np.float64(0.3), np.float64(0.62)]
módulo	8	reforco	('A', 6.0)	180	42	1	[np.float64(0.75), np.float64(0.63)]
módulo	8	reforco	('A', 6.0)	187	43	1	[np.float64(0.94), np.float64(0.32)]
módulo	8	reforco	('A', 6.0)	188	43	1	[np.float64(0.92)]
módulo	8	reforco	('A', 6.0)	169	43	1	[np.float64(0.92), np.float64(0.32)]
módulo	8	reforco	('A', 6.0)	180	43	1	[np.float64(0.33), np.float64(0.01)]
módulo	9	reforco	('E', 3.0)	187	42	0	[]
módulo	9	reforco	('E', 3.0)	188	42	0	[]
módulo	9	reforco	('E', 3.0)	169	42	0	[]
módulo	9	reforco	('E', 3.0)	180	42	1	[np.float64(0.92)]
módulo	9	reforco	('E', 3.0)	187	43	0	[]
módulo	9	reforco	('E', 3.0)	188	43	1	[np.float64(0.9)]
módulo	9	reforco	('E', 3.0)	169	43	1	[np.float64(0.92)]
módulo	9	reforco	('E', 3.0)	180	43	1	[np.float64(0.31)]
módulo	10	reforco	('E', 6.0)	187	42	0	[]
módulo	10	reforco	('E', 6.0)	188	42	0	[]
módulo	10	reforco	('E', 6.0)	169	42	0	[]
módulo	10	reforco	('E', 6.0)	180	42	1	[np.float64(0.93)]
módulo	10	reforco	('E', 6.0)	187	43	1	[np.float64(0.13)]
módulo	10	reforco	('E', 6.0)	188	43	1	[np.float64(0.9)]
módulo	10	reforco	('E', 6.0)	169	43	1	[np.float64(0.93)]
módulo	10	reforco	('E', 6.0)	180	43	1	[np.float64(0.31), np.float64(0.5)]
provável	1	fixo	A	187	42	1	[np.float64(0.3)]
provável	1	fixo	A	188	42	1	[np.float64(0.27), np.float64(0.49), np.float64(0.57)]
provável	1	fixo	A	169	42	1	[np.float64(0.62)]
provável	1	fixo	A	180	42	1	[np.float64(0.88)]
provável	1	fixo	A	187	43	1	[np.float64(0.6)]
provável	1	fixo	A	188	43	1	[np.float64(0.28)]
provável	1	fixo	A	169	43	1	[np.float64(0.6), np.float64(0.55)]
provável	1	fixo	A	180	43	1	[np.float64(0.58)]
provável	2	fixo	E	187	42	1	[np.float64(0.3)]
provável	2	fixo	E	188	42	0	[]
provável	2	fixo	E	169	42	1	[np.float64(0.62)]
provável	2	fixo	E	180	42	1	[np.float64(0.89)]
provável	2	fixo	E	187	43	1	[np.float64(0.61)]
provável	2	fixo	E	188	43	1	[np.float64(0.29)]
provável	2	fixo	E	169	43	0	[]
provável	2	fixo	E	180	43	0	[]
provável	3	troca	('A', 'E', 10)	187	42	1	[np.float64(0.3)]
provável	3	troca	('A', 'E', 10)	188	42	0	[]
provável	3	troca	('A', 'E', 10)	169	42	1	[np.float64(0.62)]
provável	3	troca	('A', 'E', 10)	180	42	1	[np.float64(0.89)]
provável	3	troca	('A', 'E', 10)	187	43	1	[np.float64(0.61)]
provável	3	troca	('A', 'E', 10)	188	43	1	[np.float64(0.29)]
provável	3	troca	('A', 'E', 10)	169	43	1	[np.float64(0.55)]
provável	3	troca	('A', 'E', 10)	180	43	0	[]
provável	4	troca	('E', 'A', 10)	187	42	1	[np.float64(0.3)]
provável	4	troca	('E', 'A', 10)	188	42	1	[np.float64(0.27), np.float64(0.56)]
provável	4	troca	('E', 'A', 10)	169	42	1	[np.float64(0.62)]
provável	4	troca	('E', 'A', 10)	180	42	1	[np.float64(0.88)]
provável	4	troca	('E', 'A', 10)	187	43	1	[np.float64(0.6)]
provável	4	troca	('E', 'A', 10)	188	43	1	[np.float64(0.29)]
provável	4	troca	('E', 'A', 10)	169	43	1	[np.float64(0.6), np.float64(0.55)]
provável	4	troca	('E', 'A', 10)	180	43	1	[np.float64(0.57)]
provável	5	troca	('A', 'E', 25)	187	42	0	[]
provável	5	troca	('A', 'E', 25)	188	42	1	[np.float64(0.56)]
provável	5	troca	('A', 'E', 25)	169	42	1	[np.float64(0.62)]
provável	5	troca	('A', 'E', 25)	180	42	1	[np.float64(0.89)]
provável	5	troca	('A', 'E', 25)	187	43	1	[np.float64(0.61)]
provável	5	troca	('A', 'E', 25)	188	43	1	[np.float64(0.29)]
provável	5	troca	('A', 'E', 25)	169	43	1	[np.float64(0.55)]
provável	5	troca	('A', 'E', 25)	180	43	1	[np.float64(0.58)]
provável	6	troca	('E', 'A', 25)	187	42	1	[np.float64(0.3)]
provável	6	troca	('E', 'A', 25)	188	42	1	[np.float64(0.56)]
provável	6	troca	('E', 'A', 25)	169	42	1	[np.float64(0.62)]
provável	6	troca	('E', 'A', 25)	180	42	1	[np.float64(0.89)]
provável	6	troca	('E', 'A', 25)	187	43	1	[np.float64(0.6)]
provável	6	troca	('E', 'A', 25)	188	43	1	[np.float64(0.29)]
provável	6	troca	('E', 'A', 25)	169	43	1	[np.float64(0.55)]
provável	6	troca	('E', 'A', 25)	180	43	1	[np.float64(0.56)]
provável	7	reforco	('A', 3.0)	187	42	1	[np.float64(0.61), np.float64(0.34)]
provável	7	reforco	('A', 3.0)	188	42	1	[np.float64(0.26), np.float64(0.54)]
provável	7	reforco	('A', 3.0)	169	42	1	[np.float64(0.62), np.float64(0.55)]
provável	7	reforco	('A', 3.0)	180	42	1	[np.float64(0.88), np.float64(0.6)]
provável	7	reforco	('A', 3.0)	187	43	0	[]
provável	7	reforco	('A', 3.0)	188	43	1	[np.float64(0.9), np.float64(0.28), np.float64(0.55)]
provável	7	reforco	('A', 3.0)	169	43	1	[np.float64(0.56)]
provável	7	reforco	('A', 3.0)	180	43	1	[np.float64(0.58), np.float64(0.29)]
provável	8	reforco	('A', 6.0)	187	42	1	[np.float64(0.6)]
provável	8	reforco	('A', 6.0)	188	42	1	[np.float64(0.54)]
provável	8	reforco	('A', 6.0)	169	42	1	[np.float64(0.63), np.float64(0.56)]
provável	8	reforco	('A', 6.0)	180	42	1	[np.float64(0.6), np.float64(0.87)]
provável	8	reforco	('A', 6.0)	187	43	1	[np.float64(0.6), np.float64(0.54)]
provável	8	reforco	('A', 6.0)	188	43	1	[np.float64(0.92), np.float64(0.28), np.float64(0.55)]
provável	8	reforco	('A', 6.0)	169	43	1	[np.float64(0.57)]
provável	8	reforco	('A', 6.0)	180	43	1	[np.float64(0.58), np.float64(0.28)]
provável	9	reforco	('E', 3.0)	187	42	0	[]
provável	9	reforco	('E', 3.0)	188	42	0	[]
provável	9	reforco	('E', 3.0)	169	42	0	[]
provável	9	reforco	('E', 3.0)	180	42	1	[np.float64(0.89)]
provável	9	reforco	('E', 3.0)	187	43	0	[]
provável	9	reforco	('E', 3.0)	188	43	0	[]
provável	9	reforco	('E', 3.0)	169	43	0	[]
provável	9	reforco	('E', 3.0)	180	43	0	[]
provável	10	reforco	('E', 6.0)	187	42	0	[]
provável	10	reforco	('E', 6.0)	188	42	0	[]
provável	10	reforco	('E', 6.0)	169	42	0	[]
provável	10	reforco	('E', 6.0)	180	42	0	[]
provável	10	reforco	('E', 6.0)	187	43	0	[]
provável	10	reforco	('E', 6.0)	188	43	0	[]
provável	10	reforco	('E', 6.0)	169	43	0	[]
provável	10	reforco	('E', 6.0)	180	43	0	[]
câmera	1	fixo	A	187	42	1	[np.float64(0.65)]
câmera	1	fixo	A	188	42	1	[np.float64(0.18)]
câmera	1	fixo	A	169	42	0	[]
câmera	1	fixo	A	180	42	0	[]
câmera	1	fixo	A	187	43	0	[]
câmera	1	fixo	A	188	43	1	[np.float64(0.9)]
câmera	1	fixo	A	169	43	1	[np.float64(0.88)]
câmera	1	fixo	A	180	43	0	[]
câmera	2	fixo	E	187	42	0	[]
câmera	2	fixo	E	188	42	0	[]
câmera	2	fixo	E	169	42	0	[]
câmera	2	fixo	E	180	42	0	[]
câmera	2	fixo	E	187	43	0	[]
câmera	2	fixo	E	188	43	1	[np.float64(0.88)]
câmera	2	fixo	E	169	43	1	[np.float64(0.89)]
câmera	2	fixo	E	180	43	0	[]
câmera	3	troca	('A', 'E', 10)	187	42	0	[]
câmera	3	troca	('A', 'E', 10)	188	42	0	[]
câmera	3	troca	('A', 'E', 10)	169	42	0	[]
câmera	3	troca	('A', 'E', 10)	180	42	0	[]
câmera	3	troca	('A', 'E', 10)	187	43	0	[]
câmera	3	troca	('A', 'E', 10)	188	43	1	[np.float64(0.89)]
câmera	3	troca	('A', 'E', 10)	169	43	1	[np.float64(0.89)]
câmera	3	troca	('A', 'E', 10)	180	43	0	[]
câmera	4	troca	('E', 'A', 10)	187	42	1	[np.float64(0.65)]
câmera	4	troca	('E', 'A', 10)	188	42	1	[np.float64(0.18)]
câmera	4	troca	('E', 'A', 10)	169	42	0	[]
câmera	4	troca	('E', 'A', 10)	180	42	0	[]
câmera	4	troca	('E', 'A', 10)	187	43	0	[]
câmera	4	troca	('E', 'A', 10)	188	43	1	[np.float64(0.9)]
câmera	4	troca	('E', 'A', 10)	169	43	1	[np.float64(0.89)]
câmera	4	troca	('E', 'A', 10)	180	43	0	[]
câmera	5	troca	('A', 'E', 25)	187	42	1	[np.float64(0.65)]
câmera	5	troca	('A', 'E', 25)	188	42	1	[np.float64(0.18)]
câmera	5	troca	('A', 'E', 25)	169	42	0	[]
câmera	5	troca	('A', 'E', 25)	180	42	0	[]
câmera	5	troca	('A', 'E', 25)	187	43	0	[]
câmera	5	troca	('A', 'E', 25)	188	43	1	[np.float64(0.9)]
câmera	5	troca	('A', 'E', 25)	169	43	1	[np.float64(0.88), np.float64(0.41)]
câmera	5	troca	('A', 'E', 25)	180	43	0	[]
câmera	6	troca	('E', 'A', 25)	187	42	1	[np.float64(0.65)]
câmera	6	troca	('E', 'A', 25)	188	42	1	[np.float64(0.18)]
câmera	6	troca	('E', 'A', 25)	169	42	0	[]
câmera	6	troca	('E', 'A', 25)	180	42	0	[]
câmera	6	troca	('E', 'A', 25)	187	43	0	[]
câmera	6	troca	('E', 'A', 25)	188	43	1	[np.float64(0.9)]
câmera	6	troca	('E', 'A', 25)	169	43	1	[np.float64(0.88), np.float64(0.26)]
câmera	6	troca	('E', 'A', 25)	180	43	0	[]
câmera	7	reforco	('A', 3.0)	187	42	1	[np.float64(0.65), np.float64(0.34)]
câmera	7	reforco	('A', 3.0)	188	42	1	[np.float64(0.15)]
câmera	7	reforco	('A', 3.0)	169	42	1	[np.float64(0.93)]
câmera	7	reforco	('A', 3.0)	180	42	0	[]
câmera	7	reforco	('A', 3.0)	187	43	1	[np.float64(0.89)]
câmera	7	reforco	('A', 3.0)	188	43	1	[np.float64(0.91), np.float64(0.53)]
câmera	7	reforco	('A', 3.0)	169	43	1	[np.float64(0.88)]
câmera	7	reforco	('A', 3.0)	180	43	0	[]
câmera	8	reforco	('A', 6.0)	187	42	1	[np.float64(0.65), np.float64(0.34)]
câmera	8	reforco	('A', 6.0)	188	42	1	[np.float64(0.13), np.float64(0.02), np.float64(0.63)]
câmera	8	reforco	('A', 6.0)	169	42	1	[np.float64(0.92)]
câmera	8	reforco	('A', 6.0)	180	42	0	[]
câmera	8	reforco	('A', 6.0)	187	43	0	[]
câmera	8	reforco	('A', 6.0)	188	43	1	[np.float64(0.94), np.float64(0.53)]
câmera	8	reforco	('A', 6.0)	169	43	0	[]
câmera	8	reforco	('A', 6.0)	180	43	0	[]
câmera	9	reforco	('E', 3.0)	187	42	0	[]
câmera	9	reforco	('E', 3.0)	188	42	0	[]
câmera	9	reforco	('E', 3.0)	169	42	0	[]
câmera	9	reforco	('E', 3.0)	180	42	0	[]
câmera	9	reforco	('E', 3.0)	187	43	0	[]
câmera	9	reforco	('E', 3.0)	188	43	0	[]
câmera	9	reforco	('E', 3.0)	169	43	0	[]
câmera	9	reforco	('E', 3.0)	180	43	0	[]
câmera	10	reforco	('E', 6.0)	187	42	0	[]
câmera	10	reforco	('E', 6.0)	188	42	1	[np.float64(0.84)]
câmera	10	reforco	('E', 6.0)	169	42	0	[]
câmera	10	reforco	('E', 6.0)	180	42	0	[]
câmera	10	reforco	('E', 6.0)	187	43	0	[]
câmera	10	reforco	('E', 6.0)	188	43	0	[]
câmera	10	reforco	('E', 6.0)	169	43	0	[]
câmera	10	reforco	('E', 6.0)	180	43	0	[]
fogão	1	fixo	A	187	42	1	[np.float64(0.78)]
fogão	1	fixo	A	188	42	1	[np.float64(0.72)]
fogão	1	fixo	A	169	42	1	[np.float64(0.73)]
fogão	1	fixo	A	180	42	1	[np.float64(0.44)]
fogão	1	fixo	A	187	43	1	[np.float64(0.6), np.float64(0.3)]
fogão	1	fixo	A	188	43	1	[np.float64(0.76), np.float64(0.57)]
fogão	1	fixo	A	169	43	1	[np.float64(0.7), np.float64(0.18)]
fogão	1	fixo	A	180	43	1	[np.float64(0.67)]
fogão	2	fixo	E	187	42	0	[]
fogão	2	fixo	E	188	42	0	[]
fogão	2	fixo	E	169	42	1	[np.float64(0.18)]
fogão	2	fixo	E	180	42	0	[]
fogão	2	fixo	E	187	43	0	[]
fogão	2	fixo	E	188	43	0	[]
fogão	2	fixo	E	169	43	0	[]
fogão	2	fixo	E	180	43	1	[np.float64(0.65)]
fogão	3	troca	('A', 'E', 10)	187	42	0	[]
fogão	3	troca	('A', 'E', 10)	188	42	0	[]
fogão	3	troca	('A', 'E', 10)	169	42	1	[np.float64(0.18)]
fogão	3	troca	('A', 'E', 10)	180	42	0	[]
fogão	3	troca	('A', 'E', 10)	187	43	0	[]
fogão	3	troca	('A', 'E', 10)	188	43	0	[]
fogão	3	troca	('A', 'E', 10)	169	43	0	[]
fogão	3	troca	('A', 'E', 10)	180	43	1	[np.float64(0.65)]
fogão	4	troca	('E', 'A', 10)	187	42	1	[np.float64(0.79)]
fogão	4	troca	('E', 'A', 10)	188	42	1	[np.float64(0.72)]
fogão	4	troca	('E', 'A', 10)	169	42	1	[np.float64(0.75)]
fogão	4	troca	('E', 'A', 10)	180	42	1	[np.float64(0.44)]
fogão	4	troca	('E', 'A', 10)	187	43	1	[np.float64(0.59), np.float64(0.3)]
fogão	4	troca	('E', 'A', 10)	188	43	1	[np.float64(0.57)]
fogão	4	troca	('E', 'A', 10)	169	43	1	[np.float64(0.7)]
fogão	4	troca	('E', 'A', 10)	180	43	1	[np.float64(0.67)]
fogão	5	troca	('A', 'E', 25)	187	42	0	[]
fogão	5	troca	('A', 'E', 25)	188	42	1	[np.float64(0.7)]
fogão	5	troca	('A', 'E', 25)	169	42	1	[np.float64(0.74)]
fogão	5	troca	('A', 'E', 25)	180	42	1	[np.float64(0.75)]
fogão	5	troca	('A', 'E', 25)	187	43	1	[np.float64(0.31), np.float64(0.65)]
fogão	5	troca	('A', 'E', 25)	188	43	0	[]
fogão	5	troca	('A', 'E', 25)	169	43	1	[np.float64(0.71)]
fogão	5	troca	('A', 'E', 25)	180	43	1	[np.float64(0.66)]
fogão	6	troca	('E', 'A', 25)	187	42	1	[np.float64(0.8)]
fogão	6	troca	('E', 'A', 25)	188	42	1	[np.float64(0.7)]
fogão	6	troca	('E', 'A', 25)	169	42	1	[np.float64(0.75)]
fogão	6	troca	('E', 'A', 25)	180	42	1	[np.float64(0.43), np.float64(0.74)]
fogão	6	troca	('E', 'A', 25)	187	43	1	[np.float64(0.32), np.float64(0.74), np.float64(0.48)]
fogão	6	troca	('E', 'A', 25)	188	43	0	[]
fogão	6	troca	('E', 'A', 25)	169	43	1	[np.float64(0.58)]
fogão	6	troca	('E', 'A', 25)	180	43	1	[np.float64(0.67)]
fogão	7	reforco	('A', 3.0)	187	42	1	[np.float64(0.69)]
fogão	7	reforco	('A', 3.0)	188	42	1	[np.float64(0.67)]
fogão	7	reforco	('A', 3.0)	169	42	1	[np.float64(0.71)]
fogão	7	reforco	('A', 3.0)	180	42	1	[np.float64(0.56), np.float64(0.79), np.float64(0.92)]
fogão	7	reforco	('A', 3.0)	187	43	1	[np.float64(0.02), np.float64(0.35), np.float64(0.72), np.float64(0.42)]
fogão	7	reforco	('A', 3.0)	188	43	1	[np.float64(0.68)]
fogão	7	reforco	('A', 3.0)	169	43	1	[np.float64(0.69)]
fogão	7	reforco	('A', 3.0)	180	43	1	[np.float64(0.67), np.float64(0.86)]
fogão	8	reforco	('A', 6.0)	187	42	1	[np.float64(0.69), np.float64(0.33)]
fogão	8	reforco	('A', 6.0)	188	42	0	[]
fogão	8	reforco	('A', 6.0)	169	42	1	[np.float64(0.74), np.float64(0.32)]
fogão	8	reforco	('A', 6.0)	180	42	1	[np.float64(0.92)]
fogão	8	reforco	('A', 6.0)	187	43	1	[np.float64(0.21), np.float64(0.62)]
fogão	8	reforco	('A', 6.0)	188	43	1	[np.float64(0.42)]
fogão	8	reforco	('A', 6.0)	169	43	1	[np.float64(0.73)]
fogão	8	reforco	('A', 6.0)	180	43	1	[np.float64(0.9), np.float64(0.66)]
fogão	9	reforco	('E', 3.0)	187	42	0	[]
fogão	9	reforco	('E', 3.0)	188	42	0	[]
fogão	9	reforco	('E', 3.0)	169	42	0	[]
fogão	9	reforco	('E', 3.0)	180	42	0	[]
fogão	9	reforco	('E', 3.0)	187	43	0	[]
fogão	9	reforco	('E', 3.0)	188	43	0	[]
fogão	9	reforco	('E', 3.0)	169	43	0	[]
fogão	9	reforco	('E', 3.0)	180	43	0	[]
fogão	10	reforco	('E', 6.0)	187	42	0	[]
fogão	10	reforco	('E', 6.0)	188	42	0	[]
fogão	10	reforco	('E', 6.0)	169	42	0	[]
fogão	10	reforco	('E', 6.0)	180	42	1	[np.float64(0.95)]
fogão	10	reforco	('E', 6.0)	187	43	0	[]
fogão	10	reforco	('E', 6.0)	188	43	0	[]
fogão	10	reforco	('E', 6.0)	169	43	0	[]
fogão	10	reforco	('E', 6.0)	180	43	0	[]
