id,letras,tem_acento,em_qual_letra,legivel,observacao
1,pecam,0,,1,
2,atrever,1,4,1,
3,desdem,0,,1,
4,travas,1,3,1,
5,segurancas,1,8,1,
6,polones,0,,1,
7,camera,0,,1,
8,esgotadas,0,,1,
9,coesao,1,3,0,
10,polones,1,4,1,Acento (til) parece cobrir as letras 3 até 5
11,louvavel,0,,1,
12,propoe,0,,1,
13,vosmece,0,,1,
14,propoe,0,,1,
15,florenca,1,5,1,
16,apanho,0,,0,
17,acento,1,3,1,
18,abalada,0,,1,
19,modulos,0,,1,
20,pensoes,0,,0,
21,toleravel,1,8,1,
22,lancados,0,,1,
23,reforcando,0,,1,
24,comodo,1,2,1,
25,reporte,1,7,1,
26,propos,0,,1,
27,nos,0,,1,
28,leguas,1,2,1,
29,marques,0,,1,
30,comodos,0,,1,
31,armazem,1,6,0,
32,eletrons,0,,1,
33,contactos,0,,1,
34,leo,0,,1,
35,polones,0,,1,
36,lancaremos,0,,1,
37,propos,0,,1,
38,segurancas,0,,1,
39,dao,0,,1,
40,por,0,,1,
41,coesao,0,,1,
42,persona,0,,0,
43,marques,0,,1,
44,louvavel,1,7,1,
45,rylan,0,,1,
46,camera,0,,1,
47,por,0,,1,
48,contactos,0,,1,
49,atrever,0,,0,
50,segurancas,0,,1,
51,telao,1,4,1,
52,vacuo,1,3,1,"Parece ter acento agudo nas letras 2, 3 e 4"
53,vosmece,0,,1,
54,tostao,0,,1,
55,eletrons,1,6,1,
56,sledge,0,,0,
57,torca,0,,1,
58,rylan,0,,1,
59,lancaremos,1,5,0,Parcialmente legível
60,sultan,0,,1,
61,propoe,0,,1,
62,pensoes,0,,0,
63,polones,1,4,1,
64,layout,0,,1,
65,leo,0,,1,
66,louvavel,0,,1,
67,fas,0,,1,
68,florenca,1,3,1,Tem acento na letra 3 e cedilha na 7
69,desdem,1,3,1,
70,pensoes,0,,0,
71,modulos,0,,1,
72,tragada,0,,0,
73,leguas,1,2,1,
74,vacuo,1,2,1,
75,reforcando,0,,1,
76,marques,0,,1,
77,tostao,1,2,1,
78,persona,0,,1,
79,tercos,1,2,1,
80,leo,0,,1,
81,huo,0,,1,
82,tostao,1,5,1,Acento circunflexo
83,reporte,0,,1,
84,pensoes,0,,0,
85,nos,0,,1,
86,pecam,0,,1,
87,confusao,1,7,1,Pequeno acento agudo
88,coesao,1,4,1,Acento (til) parece cobrir as letras 3 até 5
89,morros,1,5,1,
90,fletcher,1,3,0,
91,fas,0,,1,
92,casarao,1,6,1,
93,propos,0,,1,
94,reforcando,0,,0,
95,torca,1,4,1,
96,engracada,0,,1,
97,pobres,0,,1,
98,telao,0,,1,
99,apanho,1,6,1,
100,dao,0,,1,
101,voos,0,,1,
102,propoe,0,,1,
103,comodo,0,,1,
104,morros,1,2,1,
105,comodos,1,6,1,
106,armazem,1,4,0,
107,tercos,1,2,1,Acento agudo na 2 e 4
108,camera,1,3,1,
109,voos,0,,1,
110,toleravel,1,8,1,
111,toleravel,0,,1,
112,confusao,1,7,1,
113,leguas,1,5,1,
114,travas,1,2,0,
115,olharao,0,,1,
116,louvavel,0,,1,
117,marques,0,,1,
118,vosmece,0,,1,
119,pobres,0,,1,
120,avancamos,0,,0,
121,tragada,0,,1,
122,modulos,0,,1,
123,esgotadas,1,3,0,
124,tostao,1,2,1,"Agudo na 2, til na 5"
125,dao,1,2,1,
126,acento,1,4,1,
127,olharao,1,6,1,
128,engracada,1,6,1,Agudo e cedilha na 6
129,fletcher,0,,1,Parece mais Aletcher do que fletcher
130,casarao,1,3,1,Til na 3 e 6
131,huo,0,,1,
132,tercos,0,,1,
133,modulos,0,,1,
134,casarao,1,6,1,
135,secreta,1,5,1,
136,nos,0,,1,
137,avancamos,1,5,1,cedilha na 5 e agudo no 8
138,abalada,1,3,1,
139,nos,0,,0,
140,desdem,0,,0,
141,florenca,0,,1,
142,comodos,0,,1,
143,lancaremos,1,9,1,
144,eletrons,1,6,1,
145,confusao,1,7,1,
146,coesao,1,2,1,"Agudo na 2, 5 e 6"
147,segurancas,1,8,1,
148,dao,0,,1,
149,armazem,0,,0,
150,nos,0,,0,
151,confusao,1,3,1,
152,voos,0,,1,
153,avancamos,0,,1,
154,vacuo,1,2,1,
155,por,0,,1,
156,desdem,1,3,1,
157,vacuo,1,3,1,
158,lancados,1,4,0,
159,leo,0,,1,
160,operadora,0,,1,
161,reforcando,1,6,0,
162,comodos,1,6,1,"Agundo na 2 e 3, mas mais forte na 6"
163,secreta,0,,1,
164,lancados,1,4,1,"Agudo e cedilha na 4, agudo no 7"
165,fas,0,,1,
166,sultan,0,,1,
167,engracada,1,6,0,
168,nos,0,,1,
169,propos,0,,1,
170,comodo,0,,1,
171,layout,0,,1,
172,lancados,0,,1,
173,torca,1,2,1,Agudo no 2 e 4
174,voos,0,,1,
175,armazem,0,,0,
176,nos,0,,1,
177,olharao,0,,1,
178,eletrons,0,,1,
179,florenca,0,,1,
180,lancaremos,1,4,0,
181,telao,1,2,1,"Agudo na 2, til na 4"
182,engracada,0,,1,
183,nos,0,,1,
184,sledge,0,,1,
185,casarao,1,5,1,Pequeno agudo na 2 e til na 5
186,leguas,0,,1,
187,pecam,0,,1,
188,fas,0,,1,
189,tercos,1,4,1,"Agudo no 2, til que cobre 3 e 4"
190,comodo,0,,1,
191,torca,0,,1,
192,olharao,1,6,0,
193,por,0,,1,
194,avancamos,1,6,1,
195,pecam,0,,0,
196,telao,0,,1,
197,toleravel,0,,1,
198,vosmece,0,,1,
199,operadora,1,6,1,Cedilha no 6
200,camera,1,3,1,
