id,arquivo,texto,tipo,alvo,escritor
1,032_esqueleto_177.png,pecam,esqueleto,peçam,177
2,050_sem_acento_180.png,atrever,sem_acento,atrever,180
3,005_esqueleto_196.png,desdem,esqueleto,desdém,196
4,046_sem_acento_170.png,travas,sem_acento,travas,170
5,036_acentuada_185.png,seguranças,acentuada,seguranças,185
6,023_acentuada_183.png,polonês,acentuada,polonês,183
7,024_acentuada_187.png,câmera,acentuada,câmera,187
8,053_sem_acento_177.png,esgotadas,sem_acento,esgotadas,177
9,014_esqueleto_172.png,coesao,esqueleto,coesão,172
10,023_acentuada_170.png,polonês,acentuada,polonês,170
11,001_esqueleto_173.png,louvavel,esqueleto,louvável,173
12,017_esqueleto_191.png,propoe,esqueleto,propõe,191
13,026_esqueleto_201.png,vosmece,esqueleto,vosmecê,201
14,017_acentuada_191.png,propõe,acentuada,propõe,191
15,038_acentuada_188.png,florença,acentuada,florença,188
16,044_sem_acento_188.png,apanho,sem_acento,apanho,188
17,049_sem_acento_186.png,acento,sem_acento,acento,186
18,059_sem_acento_170.png,abalada,sem_acento,abalada,170
19,007_acentuada_173.png,módulos,acentuada,módulos,173
20,011_esqueleto_189.png,pensoes,esqueleto,pensões,189
21,002_acentuada_170.png,tolerável,acentuada,tolerável,170
22,035_esqueleto_194.png,lancados,esqueleto,lançados,194
23,033_esqueleto_195.png,reforcando,esqueleto,reforçando,195
24,022_acentuada_173.png,cômodo,acentuada,cômodo,173
25,056_sem_acento_168.png,reporte,sem_acento,reporte,168
26,027_esqueleto_198.png,propos,esqueleto,propôs,198
27,006_esqueleto_195.png,nos,esqueleto,nós,195
28,008_acentuada_179.png,léguas,acentuada,léguas,179
29,029_acentuada_170.png,marquês,acentuada,marquês,170
30,028_acentuada_172.png,cômodos,acentuada,cômodos,172
31,004_acentuada_183.png,armazém,acentuada,armazém,183
32,009_esqueleto_196.png,eletrons,esqueleto,elétrons,196
33,043_sem_acento_169.png,contactos,sem_acento,contactos,169
34,003_acentuada_195.png,léo,acentuada,léo,195
35,023_esqueleto_183.png,polones,esqueleto,polonês,183
36,034_esqueleto_191.png,lancaremos,esqueleto,lançaremos,191
37,027_acentuada_190.png,propôs,acentuada,propôs,190
38,036_esqueleto_169.png,segurancas,esqueleto,seguranças,169
39,012_esqueleto_180.png,dao,esqueleto,dão,180
40,025_acentuada_168.png,pôr,acentuada,pôr,168
41,014_esqueleto_196.png,coesao,esqueleto,coesão,196
42,054_sem_acento_173.png,persona,sem_acento,persona,173
43,029_acentuada_194.png,marquês,acentuada,marquês,194
44,001_acentuada_195.png,louvável,acentuada,louvável,195
45,045_sem_acento_180.png,rylan,sem_acento,rylan,180
46,024_esqueleto_187.png,camera,esqueleto,câmera,187
47,025_acentuada_187.png,pôr,acentuada,pôr,187
48,043_sem_acento_183.png,contactos,sem_acento,contactos,183
49,050_sem_acento_190.png,atrever,sem_acento,atrever,190
50,036_esqueleto_185.png,segurancas,esqueleto,seguranças,185
51,016_acentuada_190.png,telão,acentuada,telão,190
52,000_acentuada_188.png,vácuo,acentuada,vácuo,188
53,026_acentuada_201.png,vosmecê,acentuada,vosmecê,201
54,010_esqueleto_169.png,tostao,esqueleto,tostão,169
55,009_esqueleto_189.png,eletrons,esqueleto,elétrons,189
56,052_sem_acento_180.png,sledge,sem_acento,sledge,180
57,030_esqueleto_183.png,torca,esqueleto,torça,183
58,045_sem_acento_188.png,rylan,sem_acento,rylan,188
59,034_acentuada_186.png,lançaremos,acentuada,lançaremos,186
60,041_sem_acento_187.png,sultan,sem_acento,sultan,187
61,017_esqueleto_188.png,propoe,esqueleto,propõe,188
62,011_acentuada_189.png,pensões,acentuada,pensões,189
63,023_esqueleto_170.png,polones,esqueleto,polonês,170
64,047_sem_acento_186.png,layout,sem_acento,layout,186
65,003_acentuada_179.png,léo,acentuada,léo,179
66,001_esqueleto_195.png,louvavel,esqueleto,louvável,195
67,013_esqueleto_180.png,fas,esqueleto,fãs,180
68,038_acentuada_198.png,florença,acentuada,florença,198
69,005_acentuada_180.png,desdém,acentuada,desdém,180
70,011_esqueleto_194.png,pensoes,esqueleto,pensões,194
71,007_acentuada_185.png,módulos,acentuada,módulos,185
72,048_sem_acento_194.png,tragada,sem_acento,tragada,194
73,008_esqueleto_179.png,leguas,esqueleto,léguas,179
74,000_esqueleto_187.png,vacuo,esqueleto,vácuo,187
75,033_acentuada_195.png,reforçando,acentuada,reforçando,195
76,029_esqueleto_194.png,marques,esqueleto,marquês,194
77,010_esqueleto_195.png,tostao,esqueleto,tostão,195
78,054_sem_acento_189.png,persona,sem_acento,persona,189
79,037_esqueleto_199.png,tercos,esqueleto,terços,199
80,003_esqueleto_179.png,leo,esqueleto,léo,179
81,042_sem_acento_172.png,huo,sem_acento,huo,172
82,010_acentuada_169.png,tostão,acentuada,tostão,169
83,056_sem_acento_194.png,reporte,sem_acento,reporte,194
84,011_acentuada_194.png,pensões,acentuada,pensões,194
85,020_esqueleto_201.png,nos,esqueleto,nôs,201
86,032_acentuada_170.png,peçam,acentuada,peçam,170
87,015_esqueleto_168.png,confusao,esqueleto,confusão,168
88,014_acentuada_196.png,coesão,acentuada,coesão,196
89,058_sem_acento_177.png,morros,sem_acento,morros,177
90,040_sem_acento_189.png,fletcher,sem_acento,fletcher,189
91,013_acentuada_183.png,fãs,acentuada,fãs,183
92,018_esqueleto_172.png,casarao,esqueleto,casarão,172
93,027_acentuada_198.png,propôs,acentuada,propôs,198
94,033_esqueleto_175.png,reforcando,esqueleto,reforçando,175
95,030_acentuada_183.png,torça,acentuada,torça,183
96,039_esqueleto_180.png,engracada,esqueleto,engraçada,180
97,051_sem_acento_191.png,pobres,sem_acento,pobres,191
98,016_esqueleto_190.png,telao,esqueleto,telão,190
99,044_sem_acento_191.png,apanho,sem_acento,apanho,191
100,012_esqueleto_190.png,dao,esqueleto,dão,190
101,021_esqueleto_188.png,voos,esqueleto,vôos,188
102,017_acentuada_188.png,propõe,acentuada,propõe,188
103,022_acentuada_179.png,cômodo,acentuada,cômodo,179
104,058_sem_acento_195.png,morros,sem_acento,morros,195
105,028_esqueleto_201.png,comodos,esqueleto,cômodos,201
106,004_esqueleto_183.png,armazem,esqueleto,armazém,183
107,037_acentuada_199.png,terços,acentuada,terços,199
108,024_acentuada_200.png,câmera,acentuada,câmera,200
109,021_esqueleto_175.png,voos,esqueleto,vôos,175
110,002_esqueleto_170.png,toleravel,esqueleto,tolerável,170
111,002_acentuada_169.png,tolerável,acentuada,tolerável,169
112,015_acentuada_177.png,confusão,acentuada,confusão,177
113,008_acentuada_186.png,léguas,acentuada,léguas,186
114,046_sem_acento_187.png,travas,sem_acento,travas,187
115,019_esqueleto_199.png,olharao,esqueleto,olharão,199
116,001_acentuada_173.png,louvável,acentuada,louvável,173
117,029_esqueleto_170.png,marques,esqueleto,marquês,170
118,026_acentuada_177.png,vosmecê,acentuada,vosmecê,177
119,051_sem_acento_179.png,pobres,sem_acento,pobres,179
120,031_esqueleto_190.png,avancamos,esqueleto,avançamos,190
121,048_sem_acento_185.png,tragada,sem_acento,tragada,185
122,007_esqueleto_185.png,modulos,esqueleto,módulos,185
123,053_sem_acento_196.png,esgotadas,sem_acento,esgotadas,196
124,010_acentuada_195.png,tostão,acentuada,tostão,195
125,012_acentuada_180.png,dão,acentuada,dão,180
126,049_sem_acento_170.png,acento,sem_acento,acento,170
127,019_acentuada_199.png,olharão,acentuada,olharão,199
128,039_acentuada_180.png,engraçada,acentuada,engraçada,180
129,040_sem_acento_195.png,fletcher,sem_acento,fletcher,195
130,018_acentuada_172.png,casarão,acentuada,casarão,172
131,042_sem_acento_198.png,huo,sem_acento,huo,198
132,037_esqueleto_196.png,tercos,esqueleto,terços,196
133,007_esqueleto_173.png,modulos,esqueleto,módulos,173
134,018_esqueleto_175.png,casarao,esqueleto,casarão,175
135,055_sem_acento_177.png,secreta,sem_acento,secreta,177
136,006_esqueleto_170.png,nos,esqueleto,nós,170
137,031_acentuada_190.png,avançamos,acentuada,avançamos,190
138,059_sem_acento_179.png,abalada,sem_acento,abalada,179
139,020_acentuada_199.png,nôs,acentuada,nôs,199
140,005_acentuada_196.png,desdém,acentuada,desdém,196
141,038_esqueleto_188.png,florenca,esqueleto,florença,188
142,028_esqueleto_172.png,comodos,esqueleto,cômodos,172
143,034_esqueleto_186.png,lancaremos,esqueleto,lançaremos,186
144,009_acentuada_189.png,elétrons,acentuada,elétrons,189
145,015_acentuada_168.png,confusão,acentuada,confusão,168
146,014_acentuada_172.png,coesão,acentuada,coesão,172
147,036_acentuada_169.png,seguranças,acentuada,seguranças,169
148,012_acentuada_190.png,dão,acentuada,dão,190
149,004_acentuada_179.png,armazém,acentuada,armazém,179
150,020_esqueleto_199.png,nos,esqueleto,nôs,199
151,015_esqueleto_177.png,confusao,esqueleto,confusão,177
152,021_acentuada_188.png,vôos,acentuada,vôos,188
153,031_esqueleto_168.png,avancamos,esqueleto,avançamos,168
154,000_acentuada_187.png,vácuo,acentuada,vácuo,187
155,025_esqueleto_187.png,por,esqueleto,pôr,187
156,005_esqueleto_180.png,desdem,esqueleto,desdém,180
157,000_esqueleto_188.png,vacuo,esqueleto,vácuo,188
158,035_acentuada_194.png,lançados,acentuada,lançados,194
159,003_esqueleto_195.png,leo,esqueleto,léo,195
160,057_sem_acento_186.png,operadora,sem_acento,operadora,186
161,033_acentuada_175.png,reforçando,acentuada,reforçando,175
162,028_acentuada_201.png,cômodos,acentuada,cômodos,201
163,055_sem_acento_170.png,secreta,sem_acento,secreta,170
164,035_acentuada_185.png,lançados,acentuada,lançados,185
165,013_acentuada_180.png,fãs,acentuada,fãs,180
166,041_sem_acento_185.png,sultan,sem_acento,sultan,185
167,039_acentuada_177.png,engraçada,acentuada,engraçada,177
168,020_acentuada_201.png,nôs,acentuada,nôs,201
169,027_esqueleto_190.png,propos,esqueleto,propôs,190
170,022_esqueleto_173.png,comodo,esqueleto,cômodo,173
171,047_sem_acento_170.png,layout,sem_acento,layout,170
172,035_esqueleto_185.png,lancados,esqueleto,lançados,185
173,030_acentuada_194.png,torça,acentuada,torça,194
174,021_acentuada_175.png,vôos,acentuada,vôos,175
175,004_esqueleto_179.png,armazem,esqueleto,armazém,179
176,006_acentuada_170.png,nós,acentuada,nós,170
177,019_esqueleto_169.png,olharao,esqueleto,olharão,169
178,009_acentuada_196.png,elétrons,acentuada,elétrons,196
179,038_esqueleto_198.png,florenca,esqueleto,florença,198
180,034_acentuada_191.png,lançaremos,acentuada,lançaremos,191
181,016_acentuada_186.png,telão,acentuada,telão,186
182,039_esqueleto_177.png,engracada,esqueleto,engraçada,177
183,006_acentuada_195.png,nós,acentuada,nós,195
184,052_sem_acento_169.png,sledge,sem_acento,sledge,169
185,018_acentuada_175.png,casarão,acentuada,casarão,175
186,008_esqueleto_186.png,leguas,esqueleto,léguas,186
187,032_acentuada_177.png,peçam,acentuada,peçam,177
188,013_esqueleto_183.png,fas,esqueleto,fãs,183
189,037_acentuada_196.png,terços,acentuada,terços,196
190,022_esqueleto_179.png,comodo,esqueleto,cômodo,179
191,030_esqueleto_194.png,torca,esqueleto,torça,194
192,019_acentuada_169.png,olharão,acentuada,olharão,169
193,025_esqueleto_168.png,por,esqueleto,pôr,168
194,031_acentuada_168.png,avançamos,acentuada,avançamos,168
195,032_esqueleto_170.png,pecam,esqueleto,peçam,170
196,016_esqueleto_186.png,telao,esqueleto,telão,186
197,002_esqueleto_169.png,toleravel,esqueleto,tolerável,169
198,026_esqueleto_177.png,vosmece,esqueleto,vosmecê,177
199,057_sem_acento_169.png,operadora,sem_acento,operadora,169
200,024_esqueleto_200.png,camera,esqueleto,câmera,200
