arquivo,alvo,lido,acentuada,cer_ascii,cer_cru,exato,marcas_alvo,marcas_lidas
real_acc_0000.png,já,a,True,0.5,1.0,0,agudo,
real_acc_0001.png,emoções,emeger.,True,0.5714,0.7143,0,cedilha|til,
real_acc_0002.png,existência,existincia,True,0.1,0.1,0,circunflexo,
real_acc_0003.png,às,es,True,0.5,0.5,0,grave,
real_acc_0004.png,há,,True,1.0,1.0,0,agudo,
real_acc_0005.png,evolução,D,True,1.0,1.0,0,cedilha|til,
real_acc_0006.png,ausência,ausimas,True,0.625,0.625,0,circunflexo,
real_acc_0007.png,às,a,True,0.5,1.0,0,grave,
real_acc_0008.png,já,x,True,1.0,1.0,0,agudo,
real_acc_0009.png,segreção,SEprecpo,True,0.25,0.375,0,cedilha|til,
real_acc_0010.png,circunstância,criinatonia,True,0.4615,0.4615,0,circunflexo,
real_acc_0011.png,às,às,True,0.0,0.0,1,grave,grave
real_acc_0012.png,sociólogos,,True,1.0,1.0,0,agudo,
real_acc_0013.png,manifestações,mamjlagos,True,0.6154,0.6923,0,cedilha|til,
real_acc_0014.png,têm,M,True,0.6667,0.6667,0,circunflexo,
real_acc_0015.png,às,N,True,1.0,1.0,0,grave,
real_acc_0016.png,cinematográficas,cinematogáficas,True,0.0625,0.0625,0,agudo,agudo
real_acc_0017.png,ação,ACAS,True,0.25,0.75,0,cedilha|til,
real_acc_0018.png,contemporâneas,codimopnameas,True,0.5,0.5714,0,circunflexo,
real_acc_0019.png,às,as,True,0.0,0.5,0,grave,
real_acc_0020.png,explícita,explicte,True,0.2222,0.3333,0,agudo,
real_acc_0021.png,sensação,EAgo,True,0.625,0.625,0,cedilha|til,
real_acc_0022.png,contemporâneidade,contimporiovidade,True,0.2353,0.2353,0,circunflexo,
real_acc_0023.png,às,as,True,0.0,0.5,0,grave,
real_acc_0024.png,indivíduos,individue,True,0.2,0.3,0,agudo,
real_acc_0025.png,população,repulaco,True,0.3333,0.4444,0,cedilha|til,
real_acc_0026.png,ignorância,igmerância,True,0.2,0.2,0,circunflexo,circunflexo
real_acc_0027.png,às,as,True,0.0,0.5,0,grave,
real_acc_0028.png,psicológica,pasicológca,True,0.1818,0.1818,0,agudo,agudo
real_acc_0029.png,relação,ELOO,True,0.5714,0.5714,0,cedilha|til,
real_acc_0030.png,têm,sim,True,0.6667,0.6667,0,circunflexo,
real_acc_0031.png,às,ar,True,0.5,1.0,0,grave,
real_acc_0032.png,visão,visas,True,0.2,0.4,0,til,
real_acc_0033.png,será,s,True,0.75,0.75,0,agudo,
real_acc_0034.png,afirmação,afirimaçãe,True,0.2222,0.2222,0,cedilha|til,cedilha|til
real_acc_0035.png,prevê,",",True,1.0,1.0,0,circunflexo,
real_acc_0036.png,às,as,True,0.0,0.5,0,grave,
real_acc_0037.png,não,mu,True,1.0,1.0,0,til,
real_acc_0038.png,história,ISTENI,True,0.5,0.5,0,agudo,
real_acc_0039.png,Educação,Edmeoco,True,0.5,0.625,0,cedilha|til,
real_acc_0040.png,têm,E,True,0.6667,1.0,0,circunflexo,
real_acc_0041.png,às,à,True,0.5,0.5,0,grave,grave
real_acc_0042.png,atípico,at'pice,True,0.2857,0.2857,0,agudo,
real_acc_0043.png,conscientização,conscientizagão,True,0.0667,0.0667,0,cedilha|til,til
real_acc_0044.png,têm,th,True,0.6667,0.6667,0,circunflexo,
real_acc_0045.png,às,α,True,1.0,1.0,0,grave,
real_acc_0046.png,físicas,JISISOS,True,0.4286,0.5714,0,agudo,
real_acc_0047.png,concentração,concntracab,True,0.1667,0.3333,0,cedilha|til,
real_acc_0048.png,importância,impertância,True,0.0909,0.0909,0,circunflexo,circunflexo
real_acc_0049.png,às,s,True,0.5,0.5,0,grave,
real_acc_0050.png,profissões,sxopisoer,True,0.5,0.6,0,til,
real_acc_0051.png,tópico,,True,1.0,1.0,0,agudo,
real_acc_0052.png,situação,stua.,True,0.5,0.5,0,cedilha|til,
real_acc_0053.png,importância,importência,True,0.0909,0.0909,0,circunflexo,circunflexo
real_acc_0054.png,às,as,True,0.0,0.5,0,grave,
real_acc_0055.png,Hospício,Hoi,True,0.625,0.625,0,agudo,
real_acc_0056.png,descrença,deserened.,True,0.3333,0.4444,0,cedilha,
real_acc_0057.png,importância,impartancia,True,0.0909,0.1818,0,circunflexo,
real_acc_0058.png,às,a,True,0.5,1.0,0,grave,
real_acc_0059.png,mídia,"micio,",True,0.4,0.8,0,agudo,
real_acc_0060.png,globalização,dobalinaco,True,0.3333,0.4167,0,cedilha|til,
real_acc_0061.png,contemporânea,contemporanea,True,0.0,0.0769,0,circunflexo,
real_acc_0062.png,às,as,True,0.0,0.5,0,grave,
real_acc_0063.png,são,,True,1.0,1.0,0,til,
real_acc_0064.png,cibernético,"ucibermetico,",True,0.1818,0.3636,0,agudo,
real_acc_0065.png,espaços,,True,1.0,1.0,0,cedilha,
real_acc_0066.png,isonômica,iscinámica,True,0.3333,0.3333,0,circunflexo,agudo
real_acc_0067.png,às,-,True,1.0,1.0,0,grave,
real_acc_0068.png,não,mi,True,1.0,1.0,0,til,
real_acc_0069.png,utópico,"utopico,",True,0.0,0.2857,0,agudo,
real_acc_0070.png,democratização,democratracao,True,0.1429,0.2857,0,cedilha|til,
real_acc_0071.png,negligência,DEGLGN,True,0.5455,0.5455,0,circunflexo,
real_acc_0072.png,às,as,True,0.0,0.5,0,grave,
real_acc_0073.png,filósofa,FILOSOLA,True,0.125,0.25,0,agudo,
real_acc_0074.png,participação,perticipoçãs,True,0.25,0.25,0,cedilha|til,cedilha|til
real_acc_0075.png,influência,impluencia,True,0.2,0.3,0,circunflexo,
real_acc_0076.png,às,is,True,0.5,0.5,0,grave,
real_acc_0077.png,possível,possivel,True,0.0,0.125,0,agudo,
real_acc_0078.png,mercantilização,mexcantilizpçãs,True,0.2,0.2,0,cedilha|til,cedilha|til
real_acc_0079.png,gêneros,ginres,True,0.4286,0.4286,0,circunflexo,
real_acc_0080.png,às,à,True,0.5,0.5,0,grave,grave
real_acc_0081.png,são,s,True,0.6667,0.6667,0,til,
real_acc_0082.png,prática,profiee,True,0.5714,0.5714,0,agudo,
real_acc_0083.png,ções,as,True,0.75,0.75,0,cedilha|til,
real_acc_0084.png,antagônica,moaina,True,0.7,0.7,0,circunflexo,
real_acc_0085.png,às,as,True,0.0,0.5,0,grave,
real_acc_0086.png,ineficácia,imf,True,0.8,0.8,0,agudo,
real_acc_0087.png,promoção,M,True,0.875,0.875,0,cedilha|til,
real_acc_0088.png,negligência,megfigincia,True,0.2727,0.2727,0,circunflexo,
real_acc_0089.png,às,A,True,0.5,1.0,0,grave,
real_acc_0090.png,não,naO,True,0.0,0.3333,0,til,
real_acc_0091.png,há,La,True,0.5,1.0,0,agudo,
real_acc_0092.png,doenças,darcan,True,0.5714,0.7143,0,cedilha,
real_acc_0093.png,importância,impertância,True,0.0909,0.0909,0,circunflexo,circunflexo
real_acc_0094.png,às,as,True,0.0,0.5,0,grave,
real_acc_0095.png,então,ENTAE,True,0.2,0.4,0,til,
real_acc_0096.png,disponíveis,"disponiveis,",True,0.0,0.1818,0,agudo,
real_acc_0097.png,ficção,ICCOO,True,0.3333,0.5,0,cedilha|til,
real_acc_0098.png,negligência,neglioência,True,0.0909,0.0909,0,circunflexo,circunflexo
real_acc_0099.png,àqueles,oqles,True,0.4286,0.4286,0,grave,
real_acc_0100.png,indispensável,inda pen sável,True,0.1538,0.2308,0,agudo,agudo
real_acc_0101.png,regulamentação,EGLOM,True,0.7143,0.7143,0,cedilha|til,
real_acc_0102.png,esquizofrênicos,etquisfanices.,True,0.4,0.4667,0,circunflexo,
real_acc_0103.png,às,e,True,1.0,1.0,0,grave,
real_acc_0104.png,saúde,saude,True,0.0,0.2,0,agudo,
real_acc_0105.png,doenças,doengas,True,0.1429,0.1429,0,cedilha,
real_acc_0106.png,socioeconômica,secisiaomomica,True,0.3571,0.4286,0,circunflexo,
real_acc_0107.png,às,A,True,0.5,1.0,0,grave,
real_acc_0108.png,ineficácia,MFICASIA,True,0.4,0.5,0,agudo,
real_acc_0109.png,ampliação,AMPLIA,True,0.3333,0.3333,0,cedilha|til,
real_acc_0110.png,ineficiência,inficincia,True,0.1667,0.1667,0,circunflexo,
real_acc_0111.png,às,às,True,0.0,0.0,1,grave,grave
real_acc_0112.png,problemática,"yublematica,",True,0.25,0.4167,0,agudo,
real_acc_0113.png,população,poalação,True,0.2222,0.2222,0,cedilha|til,cedilha|til
real_acc_0114.png,consequências,comvequincion,True,0.3846,0.3846,0,circunflexo,
real_acc_0115.png,às,as,True,0.0,0.5,0,grave,
real_acc_0116.png,mídia,MUDIA,True,0.2,0.2,0,agudo,
real_acc_0117.png,reforçam,roocm,True,0.5,0.625,0,cedilha,
real_acc_0118.png,influência,influincia,True,0.1,0.1,0,circunflexo,
real_acc_0119.png,às,G,True,1.0,1.0,0,grave,
real_acc_0120.png,são,Soo,True,0.3333,0.3333,0,til,
real_acc_0121.png,psicológica,psicolgica,True,0.0909,0.0909,0,agudo,
real_acc_0122.png,ginalização,gimalizagãs,True,0.2727,0.2727,0,cedilha|til,til
real_acc_0123.png,importância,imporfoncia,True,0.1818,0.1818,0,circunflexo,
real_acc_0124.png,às,,True,1.0,1.0,0,grave,
real_acc_0125.png,Ministério,Meustine,True,0.7,0.7,0,agudo,
real_acc_0126.png,democratização,demoriclizo,True,0.5,0.5,0,cedilha|til,
real_acc_0127.png,persistência,persistenera,True,0.1667,0.25,0,circunflexo,
real_acc_0128.png,às,a,True,0.5,1.0,0,grave,
real_acc_0129.png,tão,tãe,True,0.3333,0.3333,0,til,til
real_acc_0130.png,país,pAIS,True,0.0,0.25,0,agudo,
real_acc_0131.png,população,Ropulneio,True,0.4444,0.4444,0,cedilha|til,
real_acc_0132.png,importância,impodince,True,0.4545,0.4545,0,circunflexo,
real_acc_0133.png,às,ès,True,0.5,0.5,0,grave,grave
real_acc_0134.png,dá,DA,True,0.0,0.5,0,agudo,
real_acc_0135.png,Educação,,True,1.0,1.0,0,cedilha|til,
real_acc_0136.png,insuficiência,umouficiria,True,0.4615,0.4615,0,circunflexo,
real_acc_0137.png,àqueles,aqueler,True,0.1429,0.2857,0,grave,
real_acc_0138.png,questão,QUESTE,True,0.2857,0.2857,0,til,
real_acc_0139.png,época,sp,True,0.8,0.8,0,agudo,
real_acc_0140.png,repercurção,"repercerpio,",True,0.2727,0.3636,0,cedilha|til,
real_acc_0141.png,importância,importancian,True,0.0909,0.1818,0,circunflexo,
real_acc_0142.png,às,às,True,0.0,0.0,1,grave,grave
real_acc_0143.png,princípios,principios.,True,0.0,0.2,0,agudo,
real_acc_0144.png,ção,,True,1.0,1.0,0,cedilha|til,
real_acc_0145.png,circunstância,crumatacia,True,0.3846,0.4615,0,circunflexo,
real_acc_0146.png,às,an,True,0.5,1.0,0,grave,
real_acc_0147.png,problemática,preldmntica,True,0.3333,0.3333,0,agudo,
real_acc_0148.png,prostituição,prostitvigão,True,0.1667,0.1667,0,cedilha|til,til
real_acc_0149.png,anêmica,OMMICO,True,0.5714,0.5714,0,circunflexo,
real_acc_0150.png,às,as,True,0.0,0.5,0,grave,
real_acc_0151.png,lúdicas,lidicos,True,0.2857,0.2857,0,agudo,
real_acc_0152.png,população,pepalajãe,True,0.4444,0.4444,0,cedilha|til,til
real_acc_0153.png,consequências,"comrequiènior,",True,0.4615,0.6154,0,circunflexo,grave
real_acc_0154.png,às,as,True,0.0,0.5,0,grave,
real_acc_0155.png,são,on,True,1.0,1.0,0,til,
real_acc_0156.png,construído,constrido,True,0.1,0.2,0,agudo,
real_acc_0157.png,estigmatização,eotigmat;zag,True,0.3571,0.3571,0,cedilha|til,
real_acc_0158.png,francês,francis,True,0.1429,0.1429,0,circunflexo,
real_acc_0159.png,às,V,True,1.0,1.0,0,grave,
real_acc_0160.png,cinematográfica,unematografca.,True,0.2,0.3333,0,agudo,
real_acc_0161.png,população,repulesio,True,0.5556,0.5556,0,cedilha|til,
real_acc_0162.png,incipiência,sncipinca,True,0.2727,0.2727,0,circunflexo,
real_acc_0163.png,às,es,True,0.5,0.5,0,grave,
real_acc_0164.png,além,alin,True,0.5,0.5,0,agudo,
real_acc_0165.png,Geração,GERACAO,True,0.0,0.2857,0,cedilha|til,
real_acc_0166.png,influência,influencia,True,0.0,0.1,0,circunflexo,
real_acc_0167.png,às,as,True,0.0,0.5,0,grave,
real_acc_0168.png,princípio,principIo,True,0.0,0.1111,0,agudo,
real_acc_0169.png,concentração,conentage,True,0.4167,0.4167,0,cedilha|til,
real_acc_0170.png,violência,vidênis,True,0.4444,0.4444,0,circunflexo,circunflexo
real_acc_0171.png,às,i,True,1.0,1.0,0,grave,
real_acc_0172.png,depressão,dypussan,True,0.4444,0.5556,0,til,
real_acc_0173.png,histórica,hISTOVICE,True,0.2222,0.3333,0,agudo,
real_acc_0174.png,emancipação,emancipasãa,True,0.1818,0.1818,0,cedilha|til,til
real_acc_0175.png,equinânime,equinânim,True,0.1,0.1,0,circunflexo,circunflexo
real_acc_0176.png,às,o,True,1.0,1.0,0,grave,
real_acc_0177.png,orgão,,True,1.0,1.0,0,til,
real_acc_0178.png,família,familia,True,0.0,0.1429,0,agudo,
real_acc_0179.png,atuação,ETUAGE,True,0.5714,0.5714,0,cedilha|til,
real_acc_0180.png,esquizofrênia,eoqusprenic,True,0.4615,0.5385,0,circunflexo,
real_acc_0181.png,às,ar,True,0.5,1.0,0,grave,
real_acc_0182.png,depressão,"deprasoe,",True,0.4444,0.4444,0,til,
real_acc_0183.png,inegável,megael,True,0.375,0.5,0,agudo,
real_acc_0184.png,ação,,True,1.0,1.0,0,cedilha|til,
real_acc_0185.png,tância,tâmia,True,0.3333,0.3333,0,circunflexo,circunflexo
real_acc_0186.png,às,àa,True,0.5,0.5,0,grave,grave
real_acc_0187.png,saúde,ANDE,True,0.4,0.4,0,agudo,
real_acc_0188.png,discriminação,discriminaçae,True,0.0769,0.1538,0,cedilha|til,cedilha
real_acc_0189.png,fância,famio,True,0.5,0.6667,0,circunflexo,
real_acc_0190.png,às,D,True,1.0,1.0,0,grave,
real_acc_0191.png,Além,A,True,0.75,0.75,0,agudo,
real_acc_0192.png,Comunicações,"bormomagices,",True,0.6667,0.8333,0,cedilha|til,
real_acc_0193.png,ausência,ausência,True,0.0,0.0,1,circunflexo,circunflexo
real_acc_0194.png,às,às,True,0.0,0.0,1,grave,grave
real_acc_0195.png,são,eãs,True,0.6667,0.6667,0,til,til
real_acc_0196.png,análise,"anli,",True,0.4286,0.4286,0,agudo,
real_acc_0197.png,invenções,"inuyés,",True,0.5556,0.7778,0,cedilha|til,agudo
real_acc_0198.png,providências,pronidicas,True,0.3333,0.3333,0,circunflexo,
real_acc_0199.png,às,i,True,1.0,1.0,0,grave,
real_acc_0200.png,não,n,True,0.6667,0.6667,0,til,
real_acc_0201.png,inúmeras,inimeras,True,0.125,0.125,0,agudo,
real_acc_0202.png,ções,"−ws,",True,0.75,1.0,0,cedilha|til,
real_acc_0203.png,quência,"quinco,",True,0.4286,0.4286,0,circunflexo,
real_acc_0204.png,às,a,True,0.5,1.0,0,grave,
real_acc_0205.png,válida,wilida,True,0.3333,0.3333,0,agudo,
real_acc_0206.png,doenças,delncas,True,0.2857,0.4286,0,cedilha,
real_acc_0207.png,ignorância,igperêncio.,True,0.4,0.5,0,circunflexo,circunflexo
real_acc_0208.png,às,“,True,1.0,1.0,0,grave,
real_acc_0209.png,válido,wldo,True,0.5,0.5,0,agudo,
real_acc_0210.png,educação,educação,True,0.0,0.0,1,cedilha|til,cedilha|til
real_acc_0211.png,câncer,LOER,True,0.6667,0.6667,0,circunflexo,
real_acc_0212.png,às,as,True,0.0,0.5,0,grave,
real_acc_0213.png,já,ja,True,0.0,0.5,0,agudo,
real_acc_0214.png,constituição,Constituicãs,True,0.0833,0.1667,0,cedilha|til,til
real_acc_0215.png,recorrência,recavenia,True,0.3636,0.4545,0,circunflexo,
real_acc_0216.png,às,o,True,1.0,1.0,0,grave,
real_acc_0217.png,não,nač,True,0.3333,0.6667,0,til,
real_acc_0218.png,época,SPORA,True,0.4,0.4,0,agudo,
real_acc_0219.png,situação,E,True,1.0,1.0,0,cedilha|til,
real_acc_0220.png,negligência,megliginis,True,0.3636,0.3636,0,circunflexo,
real_acc_0221.png,às,as,True,0.0,0.5,0,grave,
real_acc_0222.png,utópico,tépico,True,0.2857,0.2857,0,agudo,agudo
real_acc_0223.png,relação,rulaca,True,0.2857,0.5714,0,cedilha|til,
real_acc_0224.png,ignorância,LEROCIO,True,0.7,0.7,0,circunflexo,
real_acc_0225.png,àqueles,aquelez,True,0.1429,0.2857,0,grave,
real_acc_0226.png,biológico,"Sidgico,",True,0.4444,0.5556,0,agudo,
real_acc_0227.png,doenças,JOENsas,True,0.2857,0.2857,0,cedilha,
real_acc_0228.png,ênfase,ENfaSE,True,0.0,0.1667,0,circunflexo,
real_acc_0229.png,às,as,True,0.0,0.5,0,grave,
real_acc_0230.png,filósofo,filOsofo,True,0.0,0.125,0,agudo,
real_acc_0231.png,educação,educação,True,0.0,0.0,1,cedilha|til,cedilha|til
real_acc_0232.png,consciência,conciência,True,0.0909,0.0909,0,circunflexo,circunflexo
real_acc_0233.png,às,,True,1.0,1.0,0,grave,
real_acc_0234.png,já,x,True,1.0,1.0,0,agudo,
real_acc_0235.png,motivação,motivaçãe,True,0.1111,0.1111,0,cedilha|til,cedilha|til
real_acc_0236.png,irônico,"wiorico""",True,0.4286,0.7143,0,circunflexo,
real_acc_0237.png,às,a,True,0.5,1.0,0,grave,
real_acc_0238.png,imaginário,imaginario,True,0.0,0.1,0,agudo,
real_acc_0239.png,educação,edcagãa,True,0.375,0.375,0,cedilha|til,til
real_acc_0240.png,tendência,tendênicv,True,0.3333,0.3333,0,circunflexo,circunflexo
real_acc_0241.png,às,x,True,1.0,1.0,0,grave,
real_acc_0242.png,imprescindível,umprercindivel,True,0.1429,0.2143,0,agudo,
real_acc_0243.png,população,populaçio,True,0.1111,0.1111,0,cedilha|til,cedilha
real_acc_0244.png,exigências,NCI,True,0.7,0.7,0,circunflexo,
real_acc_0245.png,às,as,True,0.0,0.5,0,grave,
real_acc_0246.png,Pública,Riblica,True,0.2857,0.2857,0,agudo,
real_acc_0247.png,ficção,GICCPO,True,0.3333,0.5,0,cedilha|til,
real_acc_0248.png,negligência,uNGINTIa,True,0.5455,0.5455,0,circunflexo,
real_acc_0249.png,às,as,True,0.0,0.5,0,grave,
real_acc_0250.png,não,nac,True,0.3333,0.6667,0,til,
real_acc_0251.png,pública,elic,True,0.5714,0.5714,0,agudo,
real_acc_0252.png,gourmetização,gumetizaie,True,0.3846,0.3846,0,cedilha|til,
real_acc_0253.png,importância,umprtoa,True,0.5455,0.5455,0,circunflexo,
real_acc_0254.png,às,s,True,0.5,0.5,0,grave,
real_acc_0255.png,país,pais,True,0.0,0.25,0,agudo,
real_acc_0256.png,Revolução,Rewoluoo,True,0.3333,0.3333,0,cedilha|til,
real_acc_0257.png,importância,importância,True,0.0,0.0,1,circunflexo,circunflexo
real_acc_0258.png,às,as,True,0.0,0.5,0,grave,
real_acc_0259.png,cidadãos,Cidadãos,True,0.0,0.0,1,til,til
real_acc_0260.png,estímulo,utimulo,True,0.25,0.375,0,agudo,
real_acc_0261.png,doenças,doancas,True,0.1429,0.2857,0,cedilha,
real_acc_0262.png,negligência,regligincia,True,0.1818,0.1818,0,circunflexo,
real_acc_0263.png,às,a,True,0.5,1.0,0,grave,
real_acc_0264.png,há,bá,True,0.5,0.5,0,agudo,agudo
real_acc_0265.png,população,populaçãe,True,0.1111,0.1111,0,cedilha|til,cedilha|til
real_acc_0266.png,importância,empedancia,True,0.3636,0.4545,0,circunflexo,
real_acc_0267.png,às,a,True,0.5,1.0,0,grave,
real_acc_0268.png,não,ma,True,0.6667,1.0,0,til,
real_acc_0269.png,médico,MMIDIS,True,0.6667,0.6667,0,agudo,
real_acc_0270.png,dições,Li,True,0.8333,0.8333,0,cedilha|til,
real_acc_0271.png,decorrência,decorinca,True,0.2727,0.2727,0,circunflexo,
real_acc_0272.png,às,ào,True,0.5,0.5,0,grave,grave
real_acc_0273.png,pedagógicas,AGIA,True,0.6364,0.6364,0,agudo,
real_acc_0274.png,situações,SITUAGES,True,0.2222,0.2222,0,cedilha|til,
real_acc_0275.png,negligência,negligêncis,True,0.0909,0.0909,0,circunflexo,circunflexo
real_acc_0276.png,às,as,True,0.0,0.5,0,grave,
real_acc_0277.png,dúvidas,dávidas,True,0.1429,0.1429,0,agudo,agudo
real_acc_0278.png,aprovação,aproraçã,True,0.2222,0.2222,0,cedilha|til,cedilha|til
real_acc_0279.png,têm,la,True,1.0,1.0,0,circunflexo,
real_acc_0280.png,às,8,True,1.0,1.0,0,grave,
real_acc_0281.png,Ministério,Mimiatirio,True,0.3,0.3,0,agudo,
real_acc_0282.png,criação,CIACTIO,True,0.4286,0.5714,0,cedilha|til,
real_acc_0283.png,equivalência,equivalencia,True,0.0,0.0833,0,circunflexo,
real_acc_0284.png,àquele,saguile,True,0.5,0.6667,0,grave,
real_acc_0285.png,válido,ldo,True,0.5,0.5,0,agudo,
real_acc_0286.png,população,−peplação,True,0.2222,0.3333,0,cedilha|til,cedilha|til
real_acc_0287.png,importância,importancia,True,0.0,0.0909,0,circunflexo,
real_acc_0288.png,às,ba,True,1.0,1.0,0,grave,
real_acc_0289.png,não,NC,True,0.6667,0.6667,0,til,
real_acc_0290.png,crítica,vitica,True,0.2857,0.4286,0,agudo,
real_acc_0291.png,exibições,exiluções,True,0.2222,0.2222,0,cedilha|til,cedilha|til
real_acc_0292.png,persistência,persistêneid,True,0.1667,0.1667,0,circunflexo,circunflexo
real_acc_0293.png,às,a,True,0.5,1.0,0,grave,
real_acc_0294.png,Público,PAICE,True,0.5714,0.5714,0,agudo,
real_acc_0295.png,aceitação,ACEITAGa,True,0.2222,0.3333,0,cedilha|til,
real_acc_0296.png,econômico,vomomice,True,0.4444,0.5556,0,circunflexo,
real_acc_0297.png,às,ào,True,0.5,0.5,0,grave,grave
real_acc_0298.png,não,ai,True,0.6667,1.0,0,til,
real_acc_0299.png,já,x,True,1.0,1.0,0,agudo,
real_acc_0300.png,formação,formagãa,True,0.25,0.25,0,cedilha|til,til
real_acc_0301.png,contemporâneo,contimporianes.,True,0.2308,0.3846,0,circunflexo,
real_acc_0302.png,àquelas,QUALAZ,True,0.4286,0.4286,0,grave,
real_acc_0303.png,necessário,necessirio,True,0.1,0.1,0,agudo,
real_acc_0304.png,doença,deenca,True,0.1667,0.3333,0,cedilha,
real_acc_0305.png,vê,a,True,1.0,1.0,0,circunflexo,
real_acc_0306.png,às,à,True,0.5,0.5,0,grave,grave
real_acc_0307.png,gráficas,"bgrofice,",True,0.5,0.5,0,agudo,
real_acc_0308.png,doenças,doencps,True,0.1429,0.2857,0,cedilha,
real_acc_0309.png,porquês,pruis,True,0.4286,0.4286,0,circunflexo,
real_acc_0310.png,às,a,True,0.5,1.0,0,grave,
real_acc_0311.png,saúde,SASDE,True,0.2,0.2,0,agudo,
real_acc_0312.png,internações,internacier,True,0.1818,0.2727,0,cedilha|til,
real_acc_0313.png,resistência,reistircia,True,0.2727,0.2727,0,circunflexo,
real_acc_0314.png,às,as,True,0.0,0.5,0,grave,
real_acc_0315.png,não,,True,1.0,1.0,0,til,
real_acc_0316.png,Ministério,Ministeia,True,0.2,0.3,0,agudo,
real_acc_0317.png,situação,situação,True,0.0,0.0,1,cedilha|til,cedilha|til
real_acc_0318.png,ineficiência,inqiciêrcia,True,0.25,0.25,0,circunflexo,circunflexo
real_acc_0319.png,às,c,True,1.0,1.0,0,grave,
real_acc_0320.png,há,ba,True,0.5,1.0,0,agudo,
real_acc_0321.png,democratização,democratyagoor,True,0.3571,0.3571,0,cedilha|til,
real_acc_0322.png,tâncias,tonciae,True,0.2857,0.2857,0,circunflexo,
real_acc_0323.png,às,s,True,0.5,0.5,0,grave,
real_acc_0324.png,são,ā,True,0.6667,1.0,0,til,
real_acc_0325.png,públicas,pillicas,True,0.25,0.25,0,agudo,
real_acc_0326.png,disseminação,disseminacao,True,0.0,0.1667,0,cedilha|til,
real_acc_0327.png,ausência,auiincia,True,0.25,0.25,0,circunflexo,
real_acc_0328.png,às,S,True,0.5,0.5,0,grave,
real_acc_0329.png,concessão,cemo,True,0.6667,0.6667,0,til,
real_acc_0330.png,fácil,fl,True,0.6,0.6,0,agudo,
real_acc_0331.png,Organização,Orponigoco,True,0.4545,0.5455,0,cedilha|til,
real_acc_0332.png,Agência,AGIMCIa,True,0.2857,0.2857,0,circunflexo,
real_acc_0333.png,às,an,True,0.5,1.0,0,grave,
real_acc_0334.png,regiões,MEG,True,0.7143,0.7143,0,til,
real_acc_0335.png,gráficos,−grafies,True,0.25,0.5,0,agudo,
real_acc_0336.png,doenças,doencas,True,0.0,0.1429,0,cedilha,
real_acc_0337.png,importância,mporlância,True,0.1818,0.1818,0,circunflexo,circunflexo
real_acc_0338.png,às,is,True,0.5,0.5,0,grave,
real_acc_0339.png,psicólogos,pricolegEr,True,0.4,0.5,0,agudo,
real_acc_0340.png,edução,EDUCC,True,0.3333,0.5,0,cedilha|til,
real_acc_0341.png,âmbito,amt,True,0.5,0.6667,0,circunflexo,
real_acc_0342.png,às,s,True,0.5,0.5,0,grave,
real_acc_0343.png,já,+,True,1.0,1.0,0,agudo,
real_acc_0344.png,exponeação,ixpomás,True,0.6,0.7,0,cedilha|til,agudo
real_acc_0345.png,displicência,displicincia,True,0.0833,0.0833,0,circunflexo,
real_acc_0346.png,às,a,True,0.5,1.0,0,grave,
real_acc_0347.png,Sociólogos,Oociceogon,True,0.4,0.4,0,agudo,
real_acc_0348.png,doenças,demqus,True,0.5714,0.5714,0,cedilha,
real_acc_0349.png,sobrevivência,slreinincia.,True,0.3846,0.4615,0,circunflexo,
real_acc_0350.png,às,e,True,1.0,1.0,0,grave,
real_acc_0351.png,Capitães,"""Caritaēs",True,0.125,0.5,0,til,
real_acc_0352.png,país,PAIS,True,0.0,0.25,0,agudo,
real_acc_0353.png,imperfeições,mpaducan,True,0.75,0.8333,0,cedilha|til,
real_acc_0354.png,assistêncial,unistincial,True,0.3333,0.3333,0,circunflexo,
real_acc_0355.png,às,,True,1.0,1.0,0,grave,
real_acc_0356.png,saúde,saude,True,0.0,0.2,0,agudo,
real_acc_0357.png,mudanças,mUDANCAE,True,0.125,0.25,0,cedilha,
real_acc_0358.png,dominância,doninemcie,True,0.4,0.4,0,circunflexo,
real_acc_0359.png,às,,True,1.0,1.0,0,grave,
real_acc_0360.png,viés,,True,1.0,1.0,0,agudo,
real_acc_0361.png,população,populaio,True,0.2222,0.2222,0,cedilha|til,
real_acc_0362.png,assistência,assistência,True,0.0,0.0,1,circunflexo,circunflexo
real_acc_0363.png,às,a,True,0.5,1.0,0,grave,
real_acc_0364.png,diagnóstico,DICRETTA,True,0.7273,0.7273,0,agudo,
real_acc_0365.png,reforça,referce,True,0.2857,0.4286,0,cedilha,
real_acc_0366.png,pânico,TOMCE,True,0.8333,0.8333,0,circunflexo,
real_acc_0367.png,às,ds,True,0.5,0.5,0,grave,
real_acc_0368.png,Além,Ale,True,0.25,0.5,0,agudo,
real_acc_0369.png,adequação,adiguagão,True,0.3333,0.3333,0,cedilha|til,til
real_acc_0370.png,contemporânea,contemporana,True,0.0769,0.1538,0,circunflexo,
real_acc_0371.png,às,a,True,0.5,1.0,0,grave,
real_acc_0372.png,reflexões,VEfE,True,0.6667,0.6667,0,til,
real_acc_0373.png,Além,M,True,0.75,0.75,0,agudo,
real_acc_0374.png,produções,producoer,True,0.1111,0.3333,0,cedilha|til,
real_acc_0375.png,quências,GU,True,0.875,0.875,0,circunflexo,
real_acc_0376.png,às,às,True,0.0,0.0,1,grave,grave
real_acc_0377.png,necessárias,"uncesseias,",True,0.3636,0.4545,0,agudo,
real_acc_0378.png,explicações,euplerojor,True,0.6364,0.7273,0,cedilha|til,
real_acc_0379.png,contemporânea,"contemprines,",True,0.2308,0.3077,0,circunflexo,
real_acc_0380.png,às,a,True,0.5,1.0,0,grave,
real_acc_0381.png,União,UN,True,0.6,0.6,0,til,
real_acc_0382.png,há,A,True,0.5,1.0,0,agudo,
real_acc_0383.png,democratização,vumoenatização,True,0.2857,0.2857,0,cedilha|til,cedilha|til
real_acc_0384.png,instância,"vimnstantin,",True,0.4444,0.6667,0,circunflexo,
real_acc_0385.png,às,As,True,0.0,0.5,0,grave,
real_acc_0386.png,império,"impince,",True,0.5714,0.7143,0,agudo,
real_acc_0387.png,automedicação,automedicacao,True,0.0,0.1538,0,cedilha|til,
real_acc_0388.png,importância,importância,True,0.0,0.0,1,circunflexo,circunflexo
real_acc_0389.png,às,A,True,0.5,1.0,0,grave,
real_acc_0390.png,política,plitica,True,0.125,0.25,0,agudo,
real_acc_0391.png,condições,condien,True,0.3333,0.3333,0,cedilha|til,
real_acc_0392.png,ausência,ausêrcia,True,0.125,0.125,0,circunflexo,circunflexo
real_acc_0393.png,às,a,True,0.5,1.0,0,grave,
real_acc_0394.png,saúde,sauDE,True,0.0,0.2,0,agudo,
real_acc_0395.png,promoção,promasés,True,0.5,0.5,0,cedilha|til,agudo
real_acc_0396.png,inobservância,inobservencie,True,0.1538,0.1538,0,circunflexo,
real_acc_0397.png,às,a,True,0.5,1.0,0,grave,
real_acc_0398.png,prática,"pratica,",True,0.0,0.2857,0,agudo,
real_acc_0399.png,globalização,"felalizaçio,",True,0.4167,0.5,0,cedilha|til,cedilha
real_acc_0400.png,têm,τn,True,1.0,1.0,0,circunflexo,
real_acc_0401.png,às,as,True,0.0,0.5,0,grave,
real_acc_0402.png,princípio,"principio,",True,0.0,0.2222,0,agudo,
real_acc_0403.png,força,,True,1.0,1.0,0,cedilha,
real_acc_0404.png,dê,a,True,1.0,1.0,0,circunflexo,
real_acc_0405.png,às,e,True,1.0,1.0,0,grave,
real_acc_0406.png,há,hc,True,0.5,0.5,0,agudo,
real_acc_0407.png,associação,associação,True,0.0,0.0,1,cedilha|til,cedilha|til
real_acc_0408.png,instância,"uimatância,",True,0.3333,0.4444,0,circunflexo,circunflexo
real_acc_0409.png,às,,True,1.0,1.0,0,grave,
real_acc_0410.png,depressão,"dypressãe,",True,0.2222,0.3333,0,til,til
real_acc_0411.png,filósofo,ilosde,True,0.5,0.625,0,agudo,
real_acc_0412.png,laços,Susor,True,0.8,0.8,0,cedilha,
real_acc_0413.png,importância,impatrct.,True,0.5455,0.5455,0,circunflexo,
real_acc_0414.png,às,s,True,0.5,0.5,0,grave,
real_acc_0415.png,Política,Iditica,True,0.375,0.5,0,agudo,
real_acc_0416.png,democratização,dencratipgis,True,0.5,0.5,0,cedilha|til,
real_acc_0417.png,econômico,ecoarrvia,True,0.6667,0.6667,0,circunflexo,
real_acc_0418.png,às,b,True,1.0,1.0,0,grave,
real_acc_0419.png,responsável,rsponoand.,True,0.4545,0.5455,0,agudo,
real_acc_0420.png,estabeleçam,extabeleçam,True,0.0909,0.0909,0,cedilha,cedilha
real_acc_0421.png,consequências,(onSEQueneio),True,0.3077,0.3846,0,circunflexo,
real_acc_0422.png,às,e,True,1.0,1.0,0,grave,
real_acc_0423.png,indivíduos,individues,True,0.1,0.2,0,agudo,
real_acc_0424.png,universalização,Universadigosãs,True,0.3333,0.3333,0,cedilha|til,til
real_acc_0425.png,âmbito,ilite,True,0.6667,0.6667,0,circunflexo,
real_acc_0426.png,às,à,True,0.5,0.5,0,grave,grave
real_acc_0427.png,políticas,POLITITOS,True,0.2222,0.3333,0,agudo,
real_acc_0428.png,população,opuloras,True,0.4444,0.5556,0,cedilha|til,
real_acc_0429.png,têm,tim,True,0.3333,0.3333,0,circunflexo,
real_acc_0430.png,às,às,True,0.0,0.0,1,grave,grave
real_acc_0431.png,não,M,True,1.0,1.0,0,til,
real_acc_0432.png,prejuízos,UIZ,True,0.6667,0.7778,0,agudo,
real_acc_0433.png,atuação,ATUACO,True,0.1429,0.2857,0,cedilha|til,
real_acc_0434.png,efêmero,efimer,True,0.2857,0.2857,0,circunflexo,
real_acc_0435.png,às,a,True,0.5,1.0,0,grave,
real_acc_0436.png,exclusão,exclusão,True,0.0,0.0,1,til,til
real_acc_0437.png,família,"lamilia,",True,0.1429,0.4286,0,agudo,
real_acc_0438.png,massificação,momifcacoo,True,0.4167,0.5,0,cedilha|til,
real_acc_0439.png,tância,LANA,True,0.5,0.6667,0,circunflexo,
real_acc_0440.png,às,ìn,True,1.0,1.0,0,grave,grave
real_acc_0441.png,há,ha,True,0.0,0.5,0,agudo,
real_acc_0442.png,começa,LoMICO,True,0.5,0.6667,0,cedilha,
real_acc_0443.png,discrepância,dipinaia,True,0.5,0.5,0,circunflexo,
real_acc_0444.png,às,as,True,0.0,0.5,0,grave,
real_acc_0445.png,indivíduos,indinidies,True,0.3,0.4,0,agudo,
real_acc_0446.png,disponibilização,disponibilizagão,True,0.0625,0.0625,0,cedilha|til,til
real_acc_0447.png,intolerância,intolirina,True,0.3333,0.3333,0,circunflexo,
real_acc_0448.png,às,de,True,1.0,1.0,0,grave,
real_acc_0449.png,atribuída,etriluida,True,0.2222,0.3333,0,agudo,
real_acc_0450.png,doenças,lemos,True,0.7143,0.7143,0,cedilha,
real_acc_0451.png,existência,existência,True,0.0,0.0,1,circunflexo,circunflexo
real_acc_0452.png,às,λ,True,1.0,1.0,0,grave,
real_acc_0453.png,sessões,SenEUR,True,0.7143,0.7143,0,til,
real_acc_0454.png,privilégios,privligios,True,0.1818,0.1818,0,agudo,
real_acc_0455.png,doença,done,True,0.5,0.5,0,cedilha,
real_acc_0456.png,existência,Rocitinaa,True,0.7,0.7,0,circunflexo,
real_acc_0457.png,às,*,True,1.0,1.0,0,grave,
real_acc_0458.png,milhões,ILhe,True,0.4286,0.4286,0,til,
real_acc_0459.png,pública,pILICE,True,0.4286,0.4286,0,agudo,
real_acc_0460.png,manutenção,manutenção,True,0.0,0.0,1,cedilha|til,cedilha|til
real_acc_0461.png,contemporâneo,"contimporiane,",True,0.2308,0.3077,0,circunflexo,
real_acc_0462.png,às,D,True,1.0,1.0,0,grave,
real_acc_0463.png,não,NOVO,True,0.6667,0.6667,0,til,
real_acc_0464.png,país,pais,True,0.0,0.25,0,agudo,
real_acc_0465.png,começa,uoma,True,0.5,0.5,0,cedilha,
real_acc_0466.png,Têm,Im,True,0.6667,0.6667,0,circunflexo,
real_acc_0467.png,às,ds,True,0.5,0.5,0,grave,
real_acc_0468.png,não,na,True,0.3333,0.6667,0,til,
real_acc_0469.png,pública,"pul,",True,0.5714,0.7143,0,agudo,
real_acc_0470.png,desconstrução,deconotução,True,0.2308,0.2308,0,cedilha|til,cedilha|til
real_acc_0471.png,consciência,comcincia,True,0.2727,0.2727,0,circunflexo,
real_acc_0472.png,às,às,True,0.0,0.0,1,grave,grave
real_acc_0473.png,poderão,poderãe,True,0.1429,0.1429,0,til,til
real_acc_0474.png,ilícitas,"LICITAS,",True,0.125,0.375,0,agudo,
real_acc_0475.png,cansaço,coa,True,0.7143,0.7143,0,cedilha,
real_acc_0476.png,têm,t,True,0.6667,0.6667,0,circunflexo,
real_acc_0477.png,às,ax,True,0.5,1.0,0,grave,
real_acc_0478.png,construído,"convstruide,",True,0.2,0.4,0,agudo,
real_acc_0479.png,relação,reLaçA,True,0.1429,0.2857,0,cedilha|til,cedilha
real_acc_0480.png,inexistência,inntinic,True,0.5833,0.5833,0,circunflexo,
real_acc_0481.png,às,às,True,0.0,0.0,1,grave,grave
real_acc_0482.png,psíquicas,siquucas,True,0.2222,0.3333,0,agudo,
real_acc_0483.png,espaço,,True,1.0,1.0,0,cedilha,
real_acc_0484.png,inoperância,imperáncion.,True,0.3636,0.5455,0,circunflexo,agudo
real_acc_0485.png,às,,True,1.0,1.0,0,grave,
real_acc_0486.png,viés,di,True,0.75,0.75,0,agudo,
real_acc_0487.png,doenças,DENES,True,0.4286,0.4286,0,cedilha,
real_acc_0488.png,manicômios,monicimios,True,0.2,0.2,0,circunflexo,
real_acc_0489.png,às,i,True,1.0,1.0,0,grave,
real_acc_0490.png,regiões,"mgis,",True,0.5714,0.7143,0,til,
real_acc_0491.png,médico,"mídico,",True,0.1667,0.3333,0,agudo,agudo
real_acc_0492.png,doenças,DOENCAs,True,0.0,0.1429,0,cedilha,
real_acc_0493.png,discrepâncias,dixrepincias,True,0.2308,0.2308,0,circunflexo,
real_acc_0494.png,às,,True,1.0,1.0,0,grave,
real_acc_0495.png,pública,pública,True,0.0,0.0,1,agudo,agudo
real_acc_0496.png,banalização,MALIYAAI,True,0.5455,0.6364,0,cedilha|til,
real_acc_0497.png,Importância,Importancia,True,0.0,0.0909,0,circunflexo,
real_acc_0498.png,às,,True,1.0,1.0,0,grave,
real_acc_0499.png,cinematográfica,cinematogróμiaj,True,0.2667,0.2667,0,agudo,agudo
real_acc_0500.png,relação,ulaci,True,0.5714,0.7143,0,cedilha|til,
real_acc_0501.png,infância,infancia,True,0.0,0.125,0,circunflexo,
real_acc_0502.png,às,as,True,0.0,0.5,0,grave,
real_acc_0503.png,só,\,True,1.0,1.0,0,agudo,
real_acc_0504.png,democratização,demotipoc,True,0.5,0.5714,0,cedilha|til,
real_acc_0505.png,proeminência,prcuminência,True,0.1667,0.1667,0,circunflexo,circunflexo
real_acc_0506.png,Lumière,"loumière,",True,0.1429,0.2857,0,grave,grave
real_acc_0507.png,psíquicas,CAS,True,0.6667,0.6667,0,agudo,
real_acc_0508.png,consientização,comtcimtazpcas,True,0.5714,0.7143,0,cedilha|til,
real_acc_0509.png,assistência,assistenciz,True,0.0909,0.1818,0,circunflexo,
real_acc_0510.png,às,as,True,0.0,0.5,0,grave,
real_acc_0511.png,há,l,True,1.0,1.0,0,agudo,
real_acc_0512.png,Edução,EDUPAO,True,0.1667,0.3333,0,cedilha|til,
real_acc_0513.png,Jô,5,True,1.0,1.0,0,circunflexo,
real_acc_0514.png,às,as,True,0.0,0.5,0,grave,
real_acc_0515.png,são,,True,1.0,1.0,0,til,
real_acc_0516.png,viés,EL,True,0.75,1.0,0,agudo,
real_acc_0517.png,coração,Cetoçãe.,True,0.5714,0.7143,0,cedilha|til,cedilha|til
real_acc_0518.png,têm,ter,True,0.3333,0.6667,0,circunflexo,
real_acc_0519.png,às,à,True,0.5,0.5,0,grave,grave
real_acc_0520.png,não,mae,True,0.6667,1.0,0,til,
real_acc_0521.png,propício,prOpICIe,True,0.125,0.25,0,agudo,
real_acc_0522.png,informações,aeoi,True,0.8182,0.9091,0,cedilha|til,
real_acc_0523.png,âmbito,ambite,True,0.1667,0.3333,0,circunflexo,
real_acc_0524.png,às,o,True,1.0,1.0,0,grave,
real_acc_0525.png,prisão,PRISAE,True,0.1667,0.3333,0,til,
real_acc_0526.png,já,p,True,1.0,1.0,0,agudo,
real_acc_0527.png,contratação,Contratucad,True,0.1818,0.3636,0,cedilha|til,
real_acc_0528.png,exigências,cYEGAMLS,True,0.8,0.8,0,circunflexo,
real_acc_0529.png,às,,True,1.0,1.0,0,grave,
real_acc_0530.png,início,inicia,True,0.1667,0.3333,0,agudo,
real_acc_0531.png,forçados,fercades,True,0.25,0.375,0,cedilha,
real_acc_0532.png,socioeconômica,sceconômcca,True,0.2857,0.2857,0,circunflexo,circunflexo
real_acc_0533.png,às,as,True,0.0,0.5,0,grave,
real_acc_0534.png,indivíduos,indisiden,True,0.4,0.5,0,agudo,
real_acc_0535.png,criação,,True,1.0,1.0,0,cedilha|til,
real_acc_0536.png,importância,empetanaa,True,0.4545,0.5455,0,circunflexo,
real_acc_0537.png,às,As,True,0.0,0.5,0,grave,
real_acc_0538.png,próprio,pepria,True,0.4286,0.4286,0,agudo,
real_acc_0539.png,respiração,respiragão,True,0.1,0.1,0,cedilha|til,til
real_acc_0540.png,fenômeno,Qnomena,True,0.375,0.5,0,circunflexo,
real_acc_0541.png,às,i,True,1.0,1.0,0,grave,
real_acc_0542.png,período,puried,True,0.4286,0.5714,0,agudo,
real_acc_0543.png,ção,,True,1.0,1.0,0,cedilha|til,
real_acc_0544.png,ausência,ausêencia,True,0.125,0.125,0,circunflexo,circunflexo
real_acc_0545.png,às,às,True,0.0,0.0,1,grave,grave
real_acc_0546.png,através,atraves,True,0.0,0.1429,0,agudo,
real_acc_0547.png,zação,,True,1.0,1.0,0,cedilha|til,
real_acc_0548.png,econômica,ecomomuia,True,0.3333,0.4444,0,circunflexo,
real_acc_0549.png,às,a,True,0.5,1.0,0,grave,
real_acc_0550.png,Raíssa,ROISA,True,0.3333,0.5,0,agudo,
real_acc_0551.png,introdução,introduçio,True,0.1,0.1,0,cedilha|til,cedilha
real_acc_0552.png,econômica,economica,True,0.0,0.1111,0,circunflexo,
real_acc_0553.png,às,i,True,1.0,1.0,0,grave,
real_acc_0554.png,público,públice,True,0.1429,0.1429,0,agudo,agudo
real_acc_0555.png,zação,cação,True,0.2,0.2,0,cedilha|til,cedilha|til
real_acc_0556.png,ausência,i,True,0.875,0.875,0,circunflexo,
real_acc_0557.png,às,oo,True,1.0,1.0,0,grave,
real_acc_0558.png,estão,estao,True,0.0,0.2,0,til,
real_acc_0559.png,filósofo,,True,1.0,1.0,0,agudo,
real_acc_0560.png,reinvidicação,sirdivaca,True,0.5385,0.6923,0,cedilha|til,
real_acc_0561.png,divergências,diueraências.,True,0.1667,0.25,0,circunflexo,circunflexo
real_acc_0562.png,às,a,True,0.5,1.0,0,grave,
real_acc_0563.png,não,NIO,True,0.3333,0.3333,0,til,
real_acc_0564.png,já,*,True,1.0,1.0,0,agudo,
real_acc_0565.png,normalização,normalizoca,True,0.1667,0.3333,0,cedilha|til,
real_acc_0566.png,prevê,,True,1.0,1.0,0,circunflexo,
real_acc_0567.png,às,i,True,1.0,1.0,0,grave,
real_acc_0568.png,não,O,True,0.6667,0.6667,0,til,
real_acc_0569.png,possível,PSSIAEL,True,0.25,0.375,0,agudo,
real_acc_0570.png,diminuição,diminuição,True,0.0,0.0,1,cedilha|til,cedilha|til
real_acc_0571.png,contemporâneo,contempmênee,True,0.3077,0.3077,0,circunflexo,circunflexo
real_acc_0572.png,às,e,True,1.0,1.0,0,grave,
real_acc_0573.png,Saúde,Soide,True,0.4,0.4,0,agudo,
real_acc_0574.png,avanço,,True,1.0,1.0,0,cedilha,
real_acc_0575.png,resistência,menstincia.,True,0.3636,0.4545,0,circunflexo,
real_acc_0576.png,às,a,True,0.5,1.0,0,grave,
real_acc_0577.png,deficitários,deficitinios,True,0.1667,0.1667,0,agudo,
real_acc_0578.png,projeções,projeções,True,0.0,0.0,1,cedilha|til,cedilha|til
real_acc_0579.png,consequências,cunme quinioo,True,0.4615,0.5385,0,circunflexo,
real_acc_0580.png,às,as,True,0.0,0.5,0,grave,
real_acc_0581.png,são,sae,True,0.3333,0.6667,0,til,
real_acc_0582.png,notável,notaiel,True,0.1429,0.2857,0,agudo,
real_acc_0583.png,doenças,DNCEs,True,0.4286,0.5714,0,cedilha,
real_acc_0584.png,parâmetros,parâmitive,True,0.4,0.4,0,circunflexo,circunflexo
real_acc_0585.png,às,es,True,0.5,0.5,0,grave,
real_acc_0586.png,Ministério,Munutero,True,0.4,0.5,0,agudo,
real_acc_0587.png,estigmatização,estigmatigarãs.,True,0.2143,0.2857,0,cedilha|til,til
real_acc_0588.png,violência,videncia,True,0.2222,0.3333,0,circunflexo,
real_acc_0589.png,às,a,True,0.5,1.0,0,grave,
real_acc_0590.png,João,JOAO,True,0.0,0.25,0,til,
real_acc_0591.png,Ministério,Minutéie,True,0.4,0.4,0,agudo,agudo
real_acc_0592.png,informação,infermacna.,True,0.3,0.5,0,cedilha|til,
real_acc_0593.png,porquê,porquE,True,0.0,0.1667,0,circunflexo,
real_acc_0594.png,às,A,True,0.5,1.0,0,grave,
real_acc_0595.png,serão,SERaO,True,0.0,0.2,0,til,
real_acc_0596.png,películas,peliculas,True,0.0,0.1111,0,agudo,
real_acc_0597.png,ações,OCOES,True,0.2,0.6,0,cedilha|til,
real_acc_0598.png,negligência,meligincia,True,0.2727,0.2727,0,circunflexo,
real_acc_0599.png,às,a,True,0.5,1.0,0,grave,
real_acc_0600.png,difusão,DIFUSE,True,0.2857,0.2857,0,til,
real_acc_0601.png,saúde,saide,True,0.2,0.2,0,agudo,
real_acc_0602.png,função,SUR,True,0.8333,0.8333,0,cedilha|til,
real_acc_0603.png,têm,km,True,0.6667,0.6667,0,circunflexo,
real_acc_0604.png,às,,True,1.0,1.0,0,grave,
real_acc_0605.png,então,EMOO,True,0.6,0.6,0,til,
real_acc_0606.png,diagnóstico,diagocadico,True,0.3636,0.3636,0,agudo,
real_acc_0607.png,instituições,IMATITUICE,True,0.3333,0.4167,0,cedilha|til,
real_acc_0608.png,sobrevivência,"pobeninencia,",True,0.3077,0.4615,0,circunflexo,
real_acc_0609.png,às,as,True,0.0,0.5,0,grave,
real_acc_0610.png,Único,UM,True,0.8,1.0,0,agudo,
real_acc_0611.png,doenças,DORNCO,True,0.4286,0.5714,0,cedilha,
real_acc_0612.png,inoperância,maperânce,True,0.4545,0.4545,0,circunflexo,circunflexo
real_acc_0613.png,às,as,True,0.0,0.5,0,grave,
real_acc_0614.png,advém,SODAEM,True,0.6,0.8,0,agudo,
real_acc_0615.png,distribuição,distriluicoo,True,0.1667,0.25,0,cedilha|til,
real_acc_0616.png,âmbito,ambito,True,0.0,0.1667,0,circunflexo,
real_acc_0617.png,às,ins,True,1.0,1.0,0,grave,
real_acc_0618.png,princípio,principio,True,0.0,0.1111,0,agudo,
real_acc_0619.png,concentração,concentragio,True,0.1667,0.1667,0,cedilha|til,
real_acc_0620.png,sobrevivência,noluvinvtncia.,True,0.4615,0.5385,0,circunflexo,
real_acc_0621.png,às,à,True,0.5,0.5,0,grave,grave
real_acc_0622.png,não,n,True,0.6667,0.6667,0,til,
real_acc_0623.png,indivíduos,idid,True,0.6,0.6,0,agudo,
real_acc_0624.png,inserção,inseneoo,True,0.375,0.375,0,cedilha|til,
real_acc_0625.png,ausência,audna,True,0.5,0.5,0,circunflexo,
real_acc_0626.png,às,a,True,0.5,1.0,0,grave,
real_acc_0627.png,colégios,COLIGOR,True,0.375,0.375,0,agudo,
real_acc_0628.png,função,QUNGAO,True,0.3333,0.5,0,cedilha|til,
real_acc_0629.png,experiências,experinion,True,0.3333,0.3333,0,circunflexo,
real_acc_0630.png,às,s,True,0.5,0.5,0,grave,
real_acc_0631.png,benéfica,benipia,True,0.375,0.375,0,agudo,
real_acc_0632.png,ações,,True,1.0,1.0,0,cedilha|til,
real_acc_0633.png,Porquês,PARQUIS,True,0.2857,0.2857,0,circunflexo,
real_acc_0634.png,às,as,True,0.0,0.5,0,grave,
real_acc_0635.png,inclusão,cla,True,0.625,0.75,0,til,
real_acc_0636.png,saudável,saudárt,True,0.375,0.375,0,agudo,agudo
real_acc_0637.png,formação,maso,True,0.625,0.625,0,cedilha|til,
real_acc_0638.png,êxodo,IXODO,True,0.2,0.2,0,circunflexo,
real_acc_0639.png,às,in,True,1.0,1.0,0,grave,
real_acc_0640.png,exclusão,eccus,True,0.5,0.5,0,til,
real_acc_0641.png,há,ha,True,0.0,0.5,0,agudo,
real_acc_0642.png,condição,condicão,True,0.0,0.125,0,cedilha|til,til
real_acc_0643.png,importância,importancia,True,0.0,0.0909,0,circunflexo,
real_acc_0644.png,às,as,True,0.0,0.5,0,grave,
real_acc_0645.png,depressão,depresnã,True,0.2222,0.2222,0,til,til
real_acc_0646.png,implícita,implata,True,0.3333,0.3333,0,agudo,
real_acc_0647.png,população,ppulac,True,0.3333,0.4444,0,cedilha|til,
real_acc_0648.png,prevê,ux,True,1.0,1.0,0,circunflexo,
real_acc_0649.png,às,as,True,0.0,0.5,0,grave,
real_acc_0650.png,país,S,True,0.75,0.75,0,agudo,
real_acc_0651.png,ações,,True,1.0,1.0,0,cedilha|til,
real_acc_0652.png,econômica,econêmico,True,0.2222,0.2222,0,circunflexo,circunflexo
real_acc_0653.png,às,às,True,0.0,0.0,1,grave,grave
real_acc_0654.png,tábula,"""tálul",True,0.3333,0.5,0,agudo,agudo
real_acc_0655.png,tuação,−Aaca,True,0.5,0.8333,0,cedilha|til,
real_acc_0656.png,econômicas,uccnômicar,True,0.3,0.3,0,circunflexo,circunflexo
real_acc_0657.png,às,in,True,1.0,1.0,0,grave,
real_acc_0658.png,porém,pan,True,0.8,0.8,0,agudo,
real_acc_0659.png,perpetuação,espt,True,0.7273,0.7273,0,cedilha|til,
real_acc_0660.png,consequências,consegiencias,True,0.1538,0.2308,0,circunflexo,
real_acc_0661.png,às,à,True,0.5,0.5,0,grave,grave
real_acc_0662.png,expõem,exp,True,0.5,0.5,0,til,
real_acc_0663.png,indivíduo,individuo,True,0.0,0.1111,0,agudo,
real_acc_0664.png,populações,popueações,True,0.1,0.1,0,cedilha|til,cedilha|til
real_acc_0665.png,contemporânea,Contempo sane a,True,0.0769,0.3077,0,circunflexo,
real_acc_0666.png,às,às,True,0.0,0.0,1,grave,grave
real_acc_0667.png,não,MO,True,0.6667,0.6667,0,til,
real_acc_0668.png,análise,uamálise,True,0.2857,0.2857,0,agudo,agudo
real_acc_0669.png,doença,DOENLA,True,0.1667,0.1667,0,cedilha,
real_acc_0670.png,têm,€n,True,1.0,1.0,0,circunflexo,
real_acc_0671.png,às,,True,1.0,1.0,0,grave,
real_acc_0672.png,João,L5s,True,1.0,1.0,0,til,
real_acc_0673.png,possível,possnel,True,0.25,0.25,0,agudo,
real_acc_0674.png,começou,comecous,True,0.1429,0.2857,0,cedilha,
real_acc_0675.png,carência,caEnIA,True,0.25,0.375,0,circunflexo,
real_acc_0676.png,às,•,True,1.0,1.0,0,grave,
real_acc_0677.png,análise,AMALISE,True,0.1429,0.2857,0,agudo,
real_acc_0678.png,relação,MELACI,True,0.4286,0.5714,0,cedilha|til,
real_acc_0679.png,convivências,convivêncio,True,0.1667,0.1667,0,circunflexo,circunflexo
real_acc_0680.png,às,as,True,0.0,0.5,0,grave,
real_acc_0681.png,questão,qt.,True,0.7143,0.7143,0,til,
real_acc_0682.png,pólis,"palis,",True,0.2,0.4,0,agudo,
real_acc_0683.png,doenças,"dounsas,",True,0.2857,0.4286,0,cedilha,
real_acc_0684.png,pertinência,pertininis.,True,0.2727,0.3636,0,circunflexo,
real_acc_0685.png,às,,True,1.0,1.0,0,grave,
real_acc_0686.png,são,D,True,1.0,1.0,0,til,
real_acc_0687.png,diagnóstico,DICGNESTICE,True,0.2727,0.2727,0,agudo,
real_acc_0688.png,doenças,deAs,True,0.4286,0.4286,0,cedilha,
real_acc_0689.png,influência,in iluêncio,True,0.2,0.3,0,circunflexo,circunflexo
real_acc_0690.png,às,,True,1.0,1.0,0,grave,
real_acc_0691.png,Índice,L,True,1.0,1.0,0,agudo,
real_acc_0692.png,situação,T,True,0.875,0.875,0,cedilha|til,
real_acc_0693.png,ausência,ausincia,True,0.125,0.125,0,circunflexo,
real_acc_0694.png,às,as,True,0.0,0.5,0,grave,
real_acc_0695.png,não,ma,True,0.6667,1.0,0,til,
real_acc_0696.png,Ministério,Ministério,True,0.0,0.0,1,agudo,agudo
real_acc_0697.png,exibições,EXILIS,True,0.4444,0.4444,0,cedilha|til,
real_acc_0698.png,vê,¤,True,1.0,1.0,0,circunflexo,
real_acc_0699.png,às,às,True,0.0,0.0,1,grave,grave
real_acc_0700.png,profícuo,proficus,True,0.125,0.25,0,agudo,
real_acc_0701.png,Educação,"Educod,",True,0.5,0.5,0,cedilha|til,
real_acc_0702.png,existência,vistinia,True,0.4,0.4,0,circunflexo,
real_acc_0703.png,às,as,True,0.0,0.5,0,grave,
real_acc_0704.png,já,+,True,1.0,1.0,0,agudo,
real_acc_0705.png,distribuição,distritinigãs,True,0.4167,0.4167,0,cedilha|til,til
real_acc_0706.png,âmbito,AMLIT,True,0.3333,0.5,0,circunflexo,
real_acc_0707.png,às,,True,1.0,1.0,0,grave,
real_acc_0708.png,aristotélica,prstatibica,True,0.4167,0.4167,0,agudo,
real_acc_0709.png,doenças,doenços,True,0.1429,0.1429,0,cedilha,cedilha
real_acc_0710.png,ignorância,guremia,True,0.6,0.6,0,circunflexo,
real_acc_0711.png,às,an,True,0.5,1.0,0,grave,
real_acc_0712.png,exclusão,exclurio,True,0.25,0.25,0,til,
real_acc_0713.png,país,pais,True,0.0,0.25,0,agudo,
real_acc_0714.png,marginalização,marqinalixação,True,0.1429,0.1429,0,cedilha|til,cedilha|til
real_acc_0715.png,dência,dencia,True,0.0,0.1667,0,circunflexo,
real_acc_0716.png,às,i,True,1.0,1.0,0,grave,
real_acc_0717.png,necessárias,noessánias,True,0.2727,0.2727,0,agudo,agudo
real_acc_0718.png,população,pepulacas,True,0.2222,0.4444,0,cedilha|til,
real_acc_0719.png,transferência,tramoferircia,True,0.3077,0.3077,0,circunflexo,
real_acc_0720.png,às,à,True,0.5,0.5,0,grave,grave
real_acc_0721.png,são,Lád,True,0.6667,1.0,0,til,agudo
real_acc_0722.png,ódio,EDIE,True,0.5,0.5,0,agudo,
real_acc_0723.png,formação,tonmagão,True,0.375,0.375,0,cedilha|til,til
real_acc_0724.png,exigências,ecigincies,True,0.3,0.3,0,circunflexo,
real_acc_0725.png,às,os,True,0.5,0.5,0,grave,
real_acc_0726.png,municípios,imunicipies.,True,0.2,0.4,0,agudo,
real_acc_0727.png,instituições,insh tuces,True,0.3333,0.4167,0,cedilha|til,
real_acc_0728.png,ignorância,IGNOrANcIe,True,0.1,0.2,0,circunflexo,
real_acc_0729.png,às,a,True,0.5,1.0,0,grave,
real_acc_0730.png,cenário,um,True,1.0,1.0,0,agudo,
real_acc_0731.png,instrução,"instução,",True,0.1111,0.2222,0,cedilha|til,cedilha|til
real_acc_0732.png,assistência,anistircic,True,0.4545,0.4545,0,circunflexo,
real_acc_0733.png,às,as,True,0.0,0.5,0,grave,
real_acc_0734.png,são,AOC,True,0.6667,1.0,0,til,
real_acc_0735.png,psíquicas,priquicas,True,0.1111,0.2222,0,agudo,
real_acc_0736.png,doenças,OEMAR,True,0.5714,0.5714,0,cedilha,
real_acc_0737.png,sobrevivência,sotevvimaie,True,0.5385,0.5385,0,circunflexo,
real_acc_0738.png,às,s,True,0.5,0.5,0,grave,
real_acc_0739.png,Não,tàs,True,0.6667,1.0,0,til,grave
real_acc_0740.png,está,,True,1.0,1.0,0,agudo,
real_acc_0741.png,instituições,intituiçõees,True,0.1667,0.1667,0,cedilha|til,cedilha|til
real_acc_0742.png,consequências,"conseqiencias,",True,0.0769,0.2308,0,circunflexo,
real_acc_0743.png,às,e,True,1.0,1.0,0,grave,
real_acc_0744.png,públicos,piblices,True,0.25,0.25,0,agudo,
real_acc_0745.png,violação,volaçãs,True,0.25,0.25,0,cedilha|til,cedilha|til
real_acc_0746.png,ciência,CIENCIA,True,0.0,0.1429,0,circunflexo,
real_acc_0747.png,às,às,True,0.0,0.0,1,grave,grave
real_acc_0748.png,José,SOSI,True,0.5,0.5,0,agudo,
real_acc_0749.png,ções,fOES,True,0.25,0.5,0,cedilha|til,
real_acc_0750.png,urgência,urgência,True,0.0,0.0,1,circunflexo,circunflexo
real_acc_0751.png,às,>,True,1.0,1.0,0,grave,
real_acc_0752.png,não,rá,True,0.6667,1.0,0,til,agudo
real_acc_0753.png,país,p,True,0.75,0.75,0,agudo,
real_acc_0754.png,resolução,resolucãs,True,0.1111,0.2222,0,cedilha|til,til
real_acc_0755.png,instância,nia,True,0.6667,0.6667,0,circunflexo,
real_acc_0756.png,àqueles,equeles,True,0.1429,0.1429,0,grave,
real_acc_0757.png,depressão,DEPUI,True,0.6667,0.6667,0,til,
real_acc_0758.png,psíquica,ASIGUICA,True,0.25,0.375,0,agudo,
real_acc_0759.png,doenças,doengas,True,0.1429,0.1429,0,cedilha,
real_acc_0760.png,insuficiência,inaficincia,True,0.2308,0.2308,0,circunflexo,
real_acc_0761.png,às,a,True,0.5,1.0,0,grave,
real_acc_0762.png,não,n,True,0.6667,0.6667,0,til,
real_acc_0763.png,país,pa,True,0.5,0.5,0,agudo,
real_acc_0764.png,Cansaço,COUA,True,0.7143,0.7143,0,cedilha,
real_acc_0765.png,têm,i,True,1.0,1.0,0,circunflexo,
real_acc_0766.png,às,as,True,0.0,0.5,0,grave,
real_acc_0767.png,regiões,REGIO,True,0.2857,0.4286,0,til,
real_acc_0768.png,panacéia,pandcéia,True,0.125,0.125,0,agudo,agudo
real_acc_0769.png,população,população,True,0.0,0.0,1,cedilha|til,cedilha|til
real_acc_0770.png,existência,existencia,True,0.0,0.1,0,circunflexo,
real_acc_0771.png,às,a,True,0.5,1.0,0,grave,
real_acc_0772.png,precário,pricnio,True,0.375,0.375,0,agudo,
real_acc_0773.png,população,pOpULAÇãE,True,0.1111,0.1111,0,cedilha|til,cedilha|til
real_acc_0774.png,influência,influinci,True,0.2,0.2,0,circunflexo,
real_acc_0775.png,às,as,True,0.0,0.5,0,grave,
real_acc_0776.png,vão,,True,1.0,1.0,0,til,
real_acc_0777.png,também,IMBEM,True,0.3333,0.5,0,agudo,
real_acc_0778.png,Educação,Edusacãe,True,0.25,0.375,0,cedilha|til,til
real_acc_0779.png,zofrênia,MO,True,0.875,0.875,0,circunflexo,
real_acc_0780.png,às,a,True,0.5,1.0,0,grave,
real_acc_0781.png,será,SErA,True,0.0,0.25,0,agudo,
real_acc_0782.png,concepções,conceqqões,True,0.2,0.2,0,cedilha|til,til
real_acc_0783.png,consequências,untquenias,True,0.3846,0.4615,0,circunflexo,
real_acc_0784.png,às,as,True,0.0,0.5,0,grave,
real_acc_0785.png,cinematográficas,cinematogralicas,True,0.0625,0.125,0,agudo,
real_acc_0786.png,ação,AA,True,0.5,0.75,0,cedilha|til,
real_acc_0787.png,pânico,PANILO,True,0.1667,0.3333,0,circunflexo,
real_acc_0788.png,às,as,True,0.0,0.5,0,grave,
real_acc_0789.png,tográficas,togpfies,True,0.4,0.4,0,agudo,
real_acc_0790.png,população,DOPULACA,True,0.2222,0.4444,0,cedilha|til,
real_acc_0791.png,ausência,asena,True,0.375,0.5,0,circunflexo,
real_acc_0792.png,às,is,True,0.5,0.5,0,grave,
real_acc_0793.png,características,canactiristical,True,0.2,0.2667,0,agudo,
real_acc_0794.png,harmonização,Drumomgaç,True,0.6667,0.6667,0,cedilha|til,cedilha
real_acc_0795.png,inglês,inplet,True,0.3333,0.5,0,circunflexo,
real_acc_0796.png,às,a,True,0.5,1.0,0,grave,
real_acc_0797.png,são,rãe,True,0.6667,0.6667,0,til,til
real_acc_0798.png,psicológicas,psi cológicas,True,0.0,0.0833,0,agudo,agudo
real_acc_0799.png,situação,stuoçá,True,0.375,0.5,0,cedilha|til,cedilha|agudo
real_acc_0800.png,consequências,comequiniias,True,0.3077,0.3077,0,circunflexo,
real_acc_0801.png,às,is,True,0.5,0.5,0,grave,
real_acc_0802.png,depressão,depe,True,0.5556,0.5556,0,til,
real_acc_0803.png,século,",",True,1.0,1.0,0,agudo,
real_acc_0804.png,doenças,DEENCAS,True,0.1429,0.2857,0,cedilha,
real_acc_0805.png,vêem,viM,True,0.5,0.5,0,circunflexo,
real_acc_0806.png,às,is,True,0.5,0.5,0,grave,
real_acc_0807.png,pré,pri,True,0.3333,0.3333,0,agudo,
real_acc_0808.png,Organização,Organizagao,True,0.0909,0.1818,0,cedilha|til,
real_acc_0809.png,fenômenos,Fendmencs,True,0.2222,0.2222,0,circunflexo,
real_acc_0810.png,às,as,True,0.0,0.5,0,grave,
real_acc_0811.png,questão,questão,True,0.0,0.0,1,til,til
real_acc_0812.png,bém,bem,True,0.0,0.3333,0,agudo,
real_acc_0813.png,doenças,dano,True,0.7143,0.7143,0,cedilha,
real_acc_0814.png,aparência,apariu,True,0.4444,0.4444,0,circunflexo,
real_acc_0815.png,às,às,True,0.0,0.0,1,grave,grave
real_acc_0816.png,inclusão,indunão,True,0.375,0.375,0,til,til
real_acc_0817.png,através,ATXOER,True,0.5714,0.7143,0,agudo,
real_acc_0818.png,consolidação,Comadidosão,True,0.5,0.5,0,cedilha|til,til
real_acc_0819.png,instância,intinia,True,0.3333,0.3333,0,circunflexo,
real_acc_0820.png,às,,True,1.0,1.0,0,grave,
real_acc_0821.png,René,Rini,True,0.5,0.5,0,agudo,
real_acc_0822.png,divulgação,diulge,True,0.5,0.5,0,cedilha|til,
real_acc_0823.png,três,tRIS,True,0.25,0.25,0,circunflexo,
real_acc_0824.png,às,às,True,0.0,0.0,1,grave,grave
real_acc_0825.png,já,*,True,1.0,1.0,0,agudo,
real_acc_0826.png,comunicação,cemunicaçãs.,True,0.1818,0.2727,0,cedilha|til,cedilha|til
real_acc_0827.png,holândes,hillndis,True,0.375,0.375,0,circunflexo,
real_acc_0828.png,às,as,True,0.0,0.5,0,grave,
real_acc_0829.png,pressão,PASas,True,0.5714,0.7143,0,til,
real_acc_0830.png,simbólicas,sambolicas,True,0.1,0.2,0,agudo,
real_acc_0831.png,população,,True,1.0,1.0,0,cedilha|til,
real_acc_0832.png,existência,eustênca,True,0.3,0.3,0,circunflexo,circunflexo
real_acc_0833.png,tecnológicos,tecnalogicos.,True,0.0833,0.25,0,agudo,
real_acc_0834.png,instituições,imttun,True,0.6667,0.6667,0,cedilha|til,
real_acc_0835.png,contemporâneo,"contemporaneo,",True,0.0,0.1538,0,circunflexo,
real_acc_0836.png,não,Ma,True,0.6667,1.0,0,til,
real_acc_0837.png,máscara,móscana,True,0.2857,0.2857,0,agudo,agudo
real_acc_0838.png,doenças,dOENgAS,True,0.1429,0.1429,0,cedilha,
real_acc_0839.png,Jô,,True,1.0,1.0,0,circunflexo,
real_acc_0840.png,está,,True,1.0,1.0,0,agudo,
real_acc_0841.png,situação,situaqne,True,0.375,0.375,0,cedilha|til,
real_acc_0842.png,desimportância,desimportancia,True,0.0,0.0714,0,circunflexo,
real_acc_0843.png,não,não,True,0.0,0.0,1,til,til
real_acc_0844.png,rótulos,rOtuLOS,True,0.0,0.1429,0,agudo,
real_acc_0845.png,Constituição,Comstituiçai,True,0.1667,0.25,0,cedilha|til,cedilha
real_acc_0846.png,você,"""",True,1.0,1.0,0,circunflexo,
real_acc_0847.png,Émile,EmlE,True,0.2,0.4,0,agudo,
real_acc_0848.png,arcabouço,ercabouço,True,0.1111,0.1111,0,cedilha,cedilha
real_acc_0849.png,convivência,convivincie,True,0.1818,0.1818,0,circunflexo,
real_acc_0850.png,há,ba,True,0.5,1.0,0,agudo,
real_acc_0851.png,trução,−trsao,True,0.3333,0.6667,0,cedilha|til,
real_acc_0852.png,intolerância,iIodravis.,True,0.5833,0.75,0,circunflexo,
real_acc_0853.png,Além,Mim,True,0.75,0.75,0,agudo,
real_acc_0854.png,doenças,CEMGOs,True,0.7143,0.7143,0,cedilha,
real_acc_0855.png,socioeconômicas,Ncic,True,0.8,0.8,0,circunflexo,
real_acc_0856.png,saúde,sauide,True,0.2,0.4,0,agudo,
real_acc_0857.png,orçamentária,erçoomintánia,True,0.4167,0.4167,0,cedilha|agudo,cedilha|agudo
real_acc_0858.png,relevância,relevância,True,0.0,0.0,1,circunflexo,circunflexo
real_acc_0859.png,filósofo,filsofe,True,0.25,0.25,0,agudo,
real_acc_0860.png,estigmatização,ustigme tiza(00,True,0.3571,0.4286,0,cedilha|til,
real_acc_0861.png,inglês,IMALES,True,0.3333,0.5,0,circunflexo,
real_acc_0862.png,diagnóstico,digpnosticd,True,0.2727,0.3636,0,agudo,
real_acc_0863.png,integração,intigaçco,True,0.3,0.3,0,cedilha|til,cedilha
real_acc_0864.png,ignorância,igngâncie.,True,0.3,0.4,0,circunflexo,circunflexo
real_acc_0865.png,indubitável,indubitaid,True,0.2727,0.3636,0,agudo,
real_acc_0866.png,relação,SELACAO,True,0.1429,0.4286,0,cedilha|til,
real_acc_0867.png,persistência,pusistêmcia,True,0.25,0.25,0,circunflexo,circunflexo
real_acc_0868.png,são,Di,True,1.0,1.0,0,til,
real_acc_0869.png,análise,análise,True,0.0,0.0,1,agudo,agudo
real_acc_0870.png,Educação,ELUCA,True,0.5,0.5,0,cedilha|til,
real_acc_0871.png,orgânica,IU,True,0.875,0.875,0,circunflexo,
real_acc_0872.png,exclusão,asduos,True,0.875,0.875,0,til,
real_acc_0873.png,vexatórios,vexatórios.,True,0.0,0.1,0,agudo,agudo
real_acc_0874.png,doenças,dexcaa,True,0.4286,0.5714,0,cedilha,
real_acc_0875.png,exigência,VIGENCIAL,True,0.3333,0.4444,0,circunflexo,
real_acc_0876.png,exclusão,excua,True,0.375,0.5,0,til,
real_acc_0877.png,contará,contará,True,0.0,0.0,1,agudo,agudo
real_acc_0878.png,espaço,espaso,True,0.1667,0.1667,0,cedilha,
real_acc_0879.png,carências,carêrcias,True,0.1111,0.1111,0,circunflexo,circunflexo
real_acc_0880.png,histórico,fistorid,True,0.3333,0.4444,0,agudo,
real_acc_0881.png,ção,40,True,1.0,1.0,0,cedilha|til,
real_acc_0882.png,crônica,conua,True,0.4286,0.5714,0,circunflexo,
real_acc_0883.png,não,noO,True,0.3333,0.3333,0,til,
real_acc_0884.png,psicológica,poicolúgica,True,0.1818,0.1818,0,agudo,agudo
real_acc_0885.png,atenção,eten,True,0.5714,0.5714,0,cedilha|til,
real_acc_0886.png,ocorrência,oconêncit,True,0.3,0.3,0,circunflexo,circunflexo
real_acc_0887.png,há,1a,True,0.5,1.0,0,agudo,
real_acc_0888.png,formação,BermOca,True,0.5,0.75,0,cedilha|til,
real_acc_0889.png,ausência,aurencio,True,0.25,0.375,0,circunflexo,
real_acc_0890.png,não,noo,True,0.3333,0.3333,0,til,
real_acc_0891.png,há,dé,True,1.0,1.0,0,agudo,agudo
real_acc_0892.png,adição,AICAN,True,0.3333,0.6667,0,cedilha|til,
real_acc_0893.png,assistênciais,anistenciais,True,0.1538,0.2308,0,circunflexo,
real_acc_0894.png,artísticas,antusting,True,0.5,0.5,0,agudo,
real_acc_0895.png,distribuição,dishilricce,True,0.5,0.5833,0,cedilha|til,
real_acc_0896.png,têm,STEM,True,0.3333,0.6667,0,circunflexo,
real_acc_0897.png,cidadão,cidodão,True,0.1429,0.1429,0,til,til
real_acc_0898.png,psicólogos,PSICOLOGOS,True,0.0,0.1,0,agudo,
real_acc_0899.png,ações,as,True,0.6,0.6,0,cedilha|til,
real_acc_0900.png,deficiências,deficiencion,True,0.1667,0.25,0,circunflexo,
real_acc_0901.png,psiquiátricos,priquiatuicos.,True,0.1538,0.3077,0,agudo,
real_acc_0902.png,desinformação,dein fomiga,True,0.3846,0.5385,0,cedilha|til,
real_acc_0903.png,ignorância,IGUCANCIO,True,0.4,0.5,0,circunflexo,
real_acc_0904.png,país,pais,True,0.0,0.25,0,agudo,
real_acc_0905.png,educação,"educacas"".",True,0.125,0.625,0,cedilha|til,
real_acc_0906.png,ausência,aENi,True,0.5,0.625,0,circunflexo,
real_acc_0907.png,regiões,ruaios,True,0.4286,0.5714,0,til,
real_acc_0908.png,série,SEmE,True,0.4,0.6,0,agudo,
real_acc_0909.png,doenças,DENGAS,True,0.2857,0.2857,0,cedilha,
real_acc_0910.png,ignorância,ignorência,True,0.1,0.1,0,circunflexo,circunflexo
real_acc_0911.png,angústia,cangivstia,True,0.375,0.375,0,agudo,
real_acc_0912.png,população,ROPULAcaO,True,0.1111,0.3333,0,cedilha|til,
real_acc_0913.png,âmbito,AMLIK,True,0.5,0.6667,0,circunflexo,
real_acc_0914.png,filósofos,fEE,True,0.8889,0.8889,0,agudo,
real_acc_0915.png,doenças,s,True,0.8571,0.8571,0,cedilha,
real_acc_0916.png,expôs,ENCPOS,True,0.4,0.6,0,circunflexo,
real_acc_0917.png,filósofo,flasofe,True,0.375,0.375,0,agudo,
real_acc_0918.png,equiparação,equiparaçãs,True,0.0909,0.0909,0,cedilha|til,cedilha|til
real_acc_0919.png,carência,Carincia,True,0.125,0.125,0,circunflexo,
real_acc_0920.png,não,trãc,True,1.0,1.0,0,til,til
real_acc_0921.png,indústria,indistria,True,0.1111,0.1111,0,agudo,
real_acc_0922.png,preservação,prseração,True,0.1818,0.1818,0,cedilha|til,cedilha|til
real_acc_0923.png,harmônico,ho,True,0.7778,0.7778,0,circunflexo,
real_acc_0924.png,Região,"""Pegis",True,0.5,0.6667,0,til,
real_acc_0925.png,Só,se,True,0.5,0.5,0,agudo,
real_acc_0926.png,preocupação,teccc,True,0.7273,0.8182,0,cedilha|til,
real_acc_0927.png,consequências,ComalGUincion,True,0.5385,0.5385,0,circunflexo,
real_acc_0928.png,são,Ds,True,1.0,1.0,0,til,
real_acc_0929.png,dá,da,True,0.0,0.5,0,agudo,
real_acc_0930.png,esforços,sespted,True,0.875,0.875,0,cedilha,
real_acc_0931.png,negligência,regigenia,True,0.2727,0.3636,0,circunflexo,
real_acc_0932.png,são,2O,True,0.6667,0.6667,0,til,
real_acc_0933.png,sociólogo,sociolopo,True,0.1111,0.2222,0,agudo,
real_acc_0934.png,doença,doense,True,0.3333,0.3333,0,cedilha,
real_acc_0935.png,exigência,"DUGINCIN,",True,0.5556,0.6667,0,circunflexo,
real_acc_0936.png,cidadãos,vidadies,True,0.375,0.375,0,til,
real_acc_0937.png,país,nais,True,0.25,0.5,0,agudo,
real_acc_0938.png,orçamentária,orgamentonia,True,0.25,0.25,0,cedilha|agudo,
real_acc_0939.png,existência,exitsue,True,0.6,0.6,0,circunflexo,
real_acc_0940.png,depressão,LEPRESSAO,True,0.1111,0.2222,0,til,
real_acc_0941.png,átricos,−atiCER,True,0.4286,0.7143,0,agudo,
real_acc_0942.png,criação,ciso,True,0.5714,0.5714,0,cedilha|til,
real_acc_0943.png,fluência,plincia,True,0.375,0.375,0,circunflexo,
real_acc_0944.png,cinematográficos,sinematogosics,True,0.3125,0.3125,0,agudo,
real_acc_0945.png,ção,,True,1.0,1.0,0,cedilha|til,
real_acc_0946.png,importância,impelance,True,0.4545,0.5455,0,circunflexo,
real_acc_0947.png,caótico,cactice,True,0.2857,0.2857,0,agudo,
real_acc_0948.png,formações,REUMaSOEr,True,0.5556,0.6667,0,cedilha|til,
real_acc_0949.png,gênese,GESESE,True,0.1667,0.3333,0,circunflexo,
real_acc_0950.png,omissão,omissão,True,0.0,0.0,1,til,til
real_acc_0951.png,território,Deritino,True,0.5,0.5,0,agudo,
real_acc_0952.png,generalização,generaligpyas,True,0.3077,0.3846,0,cedilha|til,
real_acc_0953.png,vê,Ve,True,0.0,0.5,0,circunflexo,
real_acc_0954.png,não,na,True,0.3333,0.6667,0,til,
real_acc_0955.png,psicológico,pSICOLOGICO,True,0.0,0.0909,0,agudo,
real_acc_0956.png,população,populagio.,True,0.2222,0.3333,0,cedilha|til,
real_acc_0957.png,Ciência,CiMIa,True,0.4286,0.4286,0,circunflexo,
real_acc_0958.png,cenário,cenárie,True,0.1429,0.1429,0,agudo,agudo
real_acc_0959.png,realização,cE,True,0.9,0.9,0,cedilha|til,
real_acc_0960.png,discrepâncias,disrepincins,True,0.2308,0.2308,0,circunflexo,
real_acc_0961.png,cidadãos,udabier,True,0.75,0.75,0,til,
real_acc_0962.png,ideário,idesn,True,0.5714,0.5714,0,agudo,
real_acc_0963.png,mercadorização,mercodricagão,True,0.2857,0.2857,0,cedilha|til,til
real_acc_0964.png,deficiência,"defieiencia,",True,0.0909,0.2727,0,circunflexo,
real_acc_0965.png,inacessível,inai,True,0.6364,0.7273,0,agudo,
real_acc_0966.png,doenças,doencar,True,0.1429,0.2857,0,cedilha,
real_acc_0967.png,consequência,convequinca,True,0.25,0.25,0,circunflexo,
real_acc_0968.png,capitães,laplas,True,0.5,0.625,0,til,
real_acc_0969.png,cíclica,CICICE,True,0.2857,0.4286,0,agudo,
real_acc_0970.png,realização,realizncãn,True,0.2,0.3,0,cedilha|til,til
real_acc_0971.png,consequência,"consequincia,",True,0.0833,0.1667,0,circunflexo,
real_acc_0972.png,Capitães,"""Copiton",True,0.5,0.625,0,til,
real_acc_0973.png,cenário,cenárin,True,0.1429,0.1429,0,agudo,agudo
real_acc_0974.png,forças,ROECAS,True,0.3333,0.5,0,cedilha,
real_acc_0975.png,consequências,connequiêmcian,True,0.3077,0.3077,0,circunflexo,circunflexo
real_acc_0976.png,não,M,True,1.0,1.0,0,til,
real_acc_0977.png,já,f,True,1.0,1.0,0,agudo,
real_acc_0978.png,gerações,geragiea,True,0.375,0.375,0,cedilha|til,
real_acc_0979.png,exigências,gigincias,True,0.3,0.3,0,circunflexo,
real_acc_0980.png,não,ne,True,0.6667,0.6667,0,til,
real_acc_0981.png,saudável,"""saudavel,",True,0.0,0.375,0,agudo,
real_acc_0982.png,ações,ai,True,0.8,0.8,0,cedilha|til,
real_acc_0983.png,importância,importância,True,0.0,0.0,1,circunflexo,circunflexo
real_acc_0984.png,século,sila,True,0.6667,0.6667,0,agudo,
real_acc_0985.png,produção,produgãe,True,0.25,0.25,0,cedilha|til,til
real_acc_0986.png,sistêmica,sistêmica,True,0.0,0.0,1,circunflexo,circunflexo
real_acc_0987.png,questão,questio,True,0.1429,0.1429,0,til,
real_acc_0988.png,repúdio,apidio,True,0.4286,0.4286,0,agudo,
real_acc_0989.png,população,peules,True,0.6667,0.6667,0,cedilha|til,
real_acc_0990.png,consequência,rcomsquináis,True,0.5,0.5,0,circunflexo,agudo
real_acc_0991.png,só,be,True,1.0,1.0,0,agudo,
real_acc_0992.png,Força,FEVCO,True,0.6,0.8,0,cedilha,
real_acc_0993.png,ignorância,ignorencis.,True,0.2,0.3,0,circunflexo,
real_acc_0994.png,regiões,VEG,True,0.7143,0.7143,0,til,
real_acc_0995.png,viés,VES,True,0.25,0.5,0,agudo,
real_acc_0996.png,instituições,IMAug,True,0.8333,0.8333,0,cedilha|til,
real_acc_0997.png,importância,importância,True,0.0,0.0,1,circunflexo,circunflexo
real_acc_0998.png,sessões,pries,True,0.7143,0.7143,0,til,
real_acc_0999.png,século,século,True,0.0,0.0,1,agudo,agudo
real_asc_1000.png,associados,asociados,False,0.1,0.1,0,,
real_asc_1001.png,que,qu,False,0.3333,0.3333,0,,
real_asc_1002.png,Antiguidade,Antipuidode,False,0.1818,0.1818,0,,
real_asc_1003.png,nisso,"nisso,",False,0.0,0.2,0,,
real_asc_1004.png,os,9,False,1.0,1.0,0,,
real_asc_1005.png,dificultando,difjicultorndor,False,0.3333,0.3333,0,,
real_asc_1006.png,de,e,False,0.5,0.5,0,,
real_asc_1007.png,da,da,False,0.0,0.0,1,,
real_asc_1008.png,de,à,False,1.0,1.0,0,,grave
real_asc_1009.png,as,an,False,0.5,0.5,0,,
real_asc_1010.png,estigmas,esTIGmAS,False,0.0,0.0,1,,
real_asc_1011.png,blema,LLENA,False,0.4,0.4,0,,
real_asc_1012.png,em,Im,False,0.5,0.5,0,,
real_asc_1013.png,bre,bre,False,0.0,0.0,1,,
real_asc_1014.png,ou,ou,False,0.0,0.0,1,,
real_asc_1015.png,por,pos,False,0.3333,0.3333,0,,
real_asc_1016.png,gamente,"gemente,",False,0.1429,0.2857,0,,
real_asc_1017.png,Brasil,Brail.,False,0.1667,0.3333,0,,
real_asc_1018.png,por,o,False,0.6667,0.6667,0,,
real_asc_1019.png,brasileira,brasibeire.,False,0.2,0.3,0,,
real_asc_1020.png,ao,os,False,1.0,1.0,0,,
real_asc_1021.png,bem,LEM,False,0.3333,0.3333,0,,
real_asc_1022.png,constantemente,Constanterminte,False,0.1429,0.1429,0,,
real_asc_1023.png,as,6s,False,0.5,0.5,0,,
real_asc_1024.png,pirataria,pucso,False,0.8889,0.8889,0,,
real_asc_1025.png,dilemas,dilemos,False,0.1429,0.1429,0,,
real_asc_1026.png,de,de,False,0.0,0.0,1,,
real_asc_1027.png,estigna,IIG,False,0.7143,0.7143,0,,
real_asc_1028.png,de,de,False,0.0,0.0,1,,
real_asc_1029.png,os,•,False,1.0,1.0,0,,
real_asc_1030.png,Em,EM,False,0.0,0.0,1,,
real_asc_1031.png,tais,TRIR,False,0.5,0.5,0,,
real_asc_1032.png,uma,uma,False,0.0,0.0,1,,
real_asc_1033.png,um,m,False,0.5,0.5,0,,
real_asc_1034.png,cultura,"cultura,",False,0.0,0.1429,0,,
real_asc_1035.png,todas,t,False,0.8,0.8,0,,
real_asc_1036.png,de,de,False,0.0,0.0,1,,
real_asc_1037.png,por,pr,False,0.3333,0.3333,0,,
real_asc_1038.png,da,da,False,0.0,0.0,1,,
real_asc_1039.png,os,os,False,0.0,0.0,1,,
real_asc_1040.png,de,de,False,0.0,0.0,1,,
real_asc_1041.png,por,e,False,1.0,1.0,0,,
real_asc_1042.png,estigmas,estigmar,False,0.125,0.125,0,,
real_asc_1043.png,evidencia,evidencie,False,0.1111,0.1111,0,,
real_asc_1044.png,sudeste,"Sudeste,",False,0.0,0.1429,0,,
real_asc_1045.png,as,as,False,0.0,0.0,1,,
real_asc_1046.png,de,dE,False,0.0,0.0,1,,
real_asc_1047.png,conceito,conceto,False,0.125,0.125,0,,
real_asc_1048.png,da,de,False,0.5,0.5,0,,
real_asc_1049.png,No,N.,False,0.5,0.5,0,,
real_asc_1050.png,de,1,False,1.0,1.0,0,,
real_asc_1051.png,ou,u,False,0.5,0.5,0,,
real_asc_1052.png,de,de,False,0.0,0.0,1,,
real_asc_1053.png,fato,,False,1.0,1.0,0,,
real_asc_1054.png,da,do,False,0.5,0.5,0,,
real_asc_1055.png,As,l,False,1.0,1.0,0,,
real_asc_1056.png,que,qUE,False,0.0,0.0,1,,
real_asc_1057.png,fissionais,RiniEis,False,0.6,0.6,0,,
real_asc_1058.png,conhecidos,conheci dos,False,0.0,0.1,0,,
real_asc_1059.png,como,LOME,False,0.5,0.5,0,,
real_asc_1060.png,tal,Lol,False,0.6667,0.6667,0,,
real_asc_1061.png,empresas,empen,False,0.5,0.5,0,,
real_asc_1062.png,Trabalho,Trabalho,False,0.0,0.0,1,,
real_asc_1063.png,to,to,False,0.0,0.0,1,,
real_asc_1064.png,de,a,False,1.0,1.0,0,,
real_asc_1065.png,do,d,False,0.5,0.5,0,,
real_asc_1066.png,que,,False,1.0,1.0,0,,
real_asc_1067.png,Essa,EA,False,0.5,0.5,0,,
real_asc_1068.png,do,do,False,0.0,0.0,1,,
real_asc_1069.png,de,¤,False,1.0,1.0,0,,
real_asc_1070.png,no,no,False,0.0,0.0,1,,
real_asc_1071.png,da,de,False,0.5,0.5,0,,
real_asc_1072.png,Segundo,Stoundo,False,0.2857,0.2857,0,,
real_asc_1073.png,transtornos,tramtioms,False,0.5455,0.5455,0,,
real_asc_1074.png,de,a,False,1.0,1.0,0,,
real_asc_1075.png,de,a,False,1.0,1.0,0,,
real_asc_1076.png,poder,po,False,0.6,0.6,0,,
real_asc_1077.png,urge,VIGE,False,0.5,0.5,0,,
real_asc_1078.png,virtuais,virtuais,False,0.0,0.0,1,,
real_asc_1079.png,da,do,False,0.5,0.5,0,,
real_asc_1080.png,de,de,False,0.0,0.0,1,,
real_asc_1081.png,em,o,False,1.0,1.0,0,,
real_asc_1082.png,postagens,POEN,False,0.5556,0.5556,0,,
real_asc_1083.png,que,gu,False,0.6667,0.6667,0,,
real_asc_1084.png,pelo,,False,1.0,1.0,0,,
real_asc_1085.png,cabe,cola,False,0.75,0.75,0,,
real_asc_1086.png,Em,E,False,0.5,0.5,0,,
real_asc_1087.png,da,da,False,0.0,0.0,1,,
real_asc_1088.png,por,le,False,1.0,1.0,0,,
real_asc_1089.png,conceito,wnuito,False,0.5,0.5,0,,
real_asc_1090.png,haver,HOVER,False,0.2,0.2,0,,
real_asc_1091.png,que,qu,False,0.3333,0.3333,0,,
real_asc_1092.png,ao,%,False,1.0,1.0,0,,
real_asc_1093.png,cumprido,uspido,False,0.375,0.375,0,,
real_asc_1094.png,livro,liow,False,0.6,0.6,0,,
real_asc_1095.png,obras,ees,False,0.8,0.8,0,,
real_asc_1096.png,ao,1,False,1.0,1.0,0,,
real_asc_1097.png,esse,ESSE,False,0.0,0.0,1,,
real_asc_1098.png,nas,AS,False,0.3333,0.3333,0,,
real_asc_1099.png,da,Da,False,0.0,0.0,1,,
real_asc_1100.png,em,vm,False,0.5,0.5,0,,
real_asc_1101.png,os,a,False,1.0,1.0,0,,
real_asc_1102.png,ao,O,False,0.5,0.5,0,,
real_asc_1103.png,do,8,False,1.0,1.0,0,,
real_asc_1104.png,ao,04,False,1.0,1.0,0,,
real_asc_1105.png,no,MO,False,0.5,0.5,0,,
real_asc_1106.png,por,,False,1.0,1.0,0,,
real_asc_1107.png,sendo,Dendo,False,0.2,0.2,0,,
real_asc_1108.png,pagada,pagada,False,0.0,0.0,1,,
real_asc_1109.png,pensamento,pensarments,False,0.2,0.2,0,,
real_asc_1110.png,exercido,exercido,False,0.0,0.0,1,,
real_asc_1111.png,pela,pela,False,0.0,0.0,1,,
real_asc_1112.png,mais,NOUR,False,1.0,1.0,0,,
real_asc_1113.png,tende,teNDe,False,0.0,0.0,1,,
real_asc_1114.png,em,2m,False,0.5,0.5,0,,
real_asc_1115.png,do,do,False,0.0,0.0,1,,
real_asc_1116.png,Poder,BdIN,False,0.8,0.8,0,,
real_asc_1117.png,felizes,selies,False,0.2857,0.2857,0,,
real_asc_1118.png,veis,veis,False,0.0,0.0,1,,
real_asc_1119.png,foi,FOI,False,0.0,0.0,1,,
real_asc_1120.png,foi,foi,False,0.0,0.0,1,,
real_asc_1121.png,baixa,Baixa,False,0.0,0.0,1,,
real_asc_1122.png,foi,de,False,1.0,1.0,0,,
real_asc_1123.png,as,wx,False,1.0,1.0,0,,
real_asc_1124.png,dos,dus,False,0.3333,0.3333,0,,
real_asc_1125.png,dos,dos,False,0.0,0.0,1,,
real_asc_1126.png,acesso,acero,False,0.3333,0.3333,0,,
real_asc_1127.png,perceber,perceler,False,0.125,0.125,0,,
real_asc_1128.png,na,ma,False,0.5,0.5,0,,
real_asc_1129.png,Brasil,Brul,False,0.5,0.5,0,,
real_asc_1130.png,ao,do,False,0.5,0.5,0,,
real_asc_1131.png,melhor,melhor,False,0.0,0.0,1,,
real_asc_1132.png,de,de,False,0.0,0.0,1,,
real_asc_1133.png,tornar,Lonal,False,0.5,0.5,0,,
real_asc_1134.png,ali,DLI,False,0.3333,0.3333,0,,
real_asc_1135.png,lei,Le,False,0.3333,0.3333,0,,
real_asc_1136.png,os,a,False,1.0,1.0,0,,
real_asc_1137.png,de,4,False,1.0,1.0,0,,
real_asc_1138.png,em,fe,False,1.0,1.0,0,,
real_asc_1139.png,na,uma,False,1.0,1.0,0,,
real_asc_1140.png,da,de,False,0.5,0.5,0,,
real_asc_1141.png,as,as,False,0.0,0.0,1,,
real_asc_1142.png,meio,meia,False,0.25,0.25,0,,
real_asc_1143.png,parte,pacte,False,0.2,0.2,0,,
real_asc_1144.png,no,h,False,1.0,1.0,0,,
real_asc_1145.png,tes,tes,False,0.0,0.0,1,,
real_asc_1146.png,marginalizados,"mang inalizades,",False,0.1429,0.2857,0,,
real_asc_1147.png,problemas,problemas,False,0.0,0.0,1,,
real_asc_1148.png,ser,Au,False,1.0,1.0,0,,
real_asc_1149.png,se,,False,1.0,1.0,0,,
real_asc_1150.png,as,9,False,1.0,1.0,0,,
real_asc_1151.png,palestras,palestrar,False,0.1111,0.1111,0,,
real_asc_1152.png,nos,,False,1.0,1.0,0,,
real_asc_1153.png,disponibilizada,disponililygada,False,0.2,0.2,0,,
real_asc_1154.png,por,po,False,0.3333,0.3333,0,,
real_asc_1155.png,pode,poce,False,0.25,0.25,0,,
real_asc_1156.png,deve,"lx,",False,1.0,1.0,0,,
real_asc_1157.png,do,de,False,0.5,0.5,0,,
real_asc_1158.png,por,pot,False,0.3333,0.3333,0,,
real_asc_1159.png,provoca,pouca,False,0.4286,0.4286,0,,
real_asc_1160.png,Thomas,THOMAS,False,0.0,0.0,1,,
real_asc_1161.png,transmitidas,tronsmutidos,False,0.25,0.25,0,,
real_asc_1162.png,trazidos,tnazdes,False,0.375,0.375,0,,
real_asc_1163.png,corriqueiramente,comiqucioment,False,0.375,0.375,0,,
real_asc_1164.png,da,de,False,0.5,0.5,0,,
real_asc_1165.png,um,JM,False,0.5,0.5,0,,
real_asc_1166.png,urge,Mnge,False,0.5,0.5,0,,
real_asc_1167.png,na,Ma,False,0.5,0.5,0,,
real_asc_1168.png,que,qure,False,0.3333,0.3333,0,,
real_asc_1169.png,ser,sa,False,0.6667,0.6667,0,,
real_asc_1170.png,decidiu,decidius,False,0.1429,0.1429,0,,
real_asc_1171.png,de,a.,False,1.0,1.0,0,,
real_asc_1172.png,dos,don,False,0.3333,0.3333,0,,
real_asc_1173.png,Organizada,Onganizoda,False,0.2,0.2,0,,
real_asc_1174.png,de,de,False,0.0,0.0,1,,
real_asc_1175.png,da,da,False,0.0,0.0,1,,
real_asc_1176.png,Kafka,Kafka,False,0.0,0.0,1,,
real_asc_1177.png,Seguindo,SEGINDO,False,0.125,0.125,0,,
real_asc_1178.png,qual,QU,False,0.5,0.5,0,,
real_asc_1179.png,desenvolvimento,desenvolvimento,False,0.0,0.0,1,,
real_asc_1180.png,sil,al,False,0.6667,0.6667,0,,
real_asc_1181.png,os,s,False,0.5,0.5,0,,
real_asc_1182.png,impedida,impedidob,False,0.25,0.25,0,,
real_asc_1183.png,tristeza,IUITEGA,False,0.5,0.5,0,,
real_asc_1184.png,de,de,False,0.0,0.0,1,,
real_asc_1185.png,Legislativo,Legislativo,False,0.0,0.0,1,,
real_asc_1186.png,em,se,False,1.0,1.0,0,,
real_asc_1187.png,na,ma,False,0.5,0.5,0,,
real_asc_1188.png,de,4,False,1.0,1.0,0,,
real_asc_1189.png,da,da,False,0.0,0.0,1,,
real_asc_1190.png,demanda,dimenso,False,0.5714,0.5714,0,,
real_asc_1191.png,falta,JALTA,False,0.2,0.2,0,,
real_asc_1192.png,tratar,trotar,False,0.1667,0.1667,0,,
real_asc_1193.png,ao,4,False,1.0,1.0,0,,
real_asc_1194.png,de,de,False,0.0,0.0,1,,
real_asc_1195.png,de,de,False,0.0,0.0,1,,
real_asc_1196.png,mas,M,False,0.6667,0.6667,0,,
real_asc_1197.png,se,,False,1.0,1.0,0,,
real_asc_1198.png,as,as,False,0.0,0.0,1,,
real_asc_1199.png,como,Lemaz,False,1.0,1.0,0,,
real_asc_1200.png,sinais,SInALS,False,0.1667,0.1667,0,,
real_asc_1201.png,de,de,False,0.0,0.0,1,,
real_asc_1202.png,com,(m,False,0.6667,0.6667,0,,
real_asc_1203.png,de,de,False,0.0,0.0,1,,
real_asc_1204.png,ocorrendo,ocorretondo,False,0.2222,0.2222,0,,
real_asc_1205.png,desenvolvimento,dexnvedimete,False,0.4667,0.4667,0,,
real_asc_1206.png,de,oe,False,0.5,0.5,0,,
real_asc_1207.png,no,ne,False,0.5,0.5,0,,
real_asc_1208.png,na,na,False,0.0,0.0,1,,
real_asc_1209.png,pelo,pele,False,0.25,0.25,0,,
real_asc_1210.png,aos,aos,False,0.0,0.0,1,,
real_asc_1211.png,que,*,False,1.0,1.0,0,,
real_asc_1212.png,no,re,False,1.0,1.0,0,,
real_asc_1213.png,nas,NAS,False,0.0,0.0,1,,
real_asc_1214.png,na,na,False,0.0,0.0,1,,
real_asc_1215.png,durante,durante,False,0.0,0.0,1,,
real_asc_1216.png,recebem,recebem,False,0.0,0.0,1,,
real_asc_1217.png,Assim,Assim,False,0.0,0.0,1,,
real_asc_1218.png,de,d,False,0.5,0.5,0,,
real_asc_1219.png,pelo,FLA,False,0.75,0.75,0,,
real_asc_1220.png,por,PA,False,0.6667,0.6667,0,,
real_asc_1221.png,da,k,False,1.0,1.0,0,,
real_asc_1222.png,da,da,False,0.0,0.0,1,,
real_asc_1223.png,que,que,False,0.0,0.0,1,,
real_asc_1224.png,realidade,rclidads :,False,0.3333,0.5556,0,,
real_asc_1225.png,do,+,False,1.0,1.0,0,,
real_asc_1226.png,desse,DESSE,False,0.0,0.0,1,,
real_asc_1227.png,por,−pet,False,0.6667,1.0,0,,
real_asc_1228.png,da,de,False,0.5,0.5,0,,
real_asc_1229.png,no,mo,False,0.5,0.5,0,,
real_asc_1230.png,dos,d,False,0.6667,0.6667,0,,
real_asc_1231.png,grande,gpande,False,0.1667,0.1667,0,,
real_asc_1232.png,se,,False,1.0,1.0,0,,
real_asc_1233.png,alunos,alues,False,0.3333,0.3333,0,,
real_asc_1234.png,brasileiro,Iasiling,False,0.5,0.5,0,,
real_asc_1235.png,que,quu,False,0.3333,0.3333,0,,
real_asc_1236.png,de,4,False,1.0,1.0,0,,
real_asc_1237.png,suma,nnmer,False,1.0,1.0,0,,
real_asc_1238.png,questionarem,qestionaem,False,0.1667,0.1667,0,,
real_asc_1239.png,muitas,ruites,False,0.3333,0.3333,0,,
real_asc_1240.png,relacionada,relaciorada,False,0.0909,0.0909,0,,
real_asc_1241.png,pleno,plENe,False,0.2,0.2,0,,
real_asc_1242.png,qual,,False,1.0,1.0,0,,
real_asc_1243.png,primir,primmir,False,0.1667,0.1667,0,,
real_asc_1244.png,do,do,False,0.0,0.0,1,,
real_asc_1245.png,de,à,False,1.0,1.0,0,,grave
real_asc_1246.png,de,de,False,0.0,0.0,1,,
real_asc_1247.png,em,Lm,False,0.5,0.5,0,,
real_asc_1248.png,de,de,False,0.0,0.0,1,,
real_asc_1249.png,nossas,−,False,1.0,1.0,0,,
real_asc_1250.png,de,a,False,1.0,1.0,0,,
real_asc_1251.png,promove,promove,False,0.0,0.0,1,,
real_asc_1252.png,das,dos,False,0.3333,0.3333,0,,
real_asc_1253.png,dificulta,Lfiilta,False,0.4444,0.4444,0,,
real_asc_1254.png,se,*,False,1.0,1.0,0,,
real_asc_1255.png,no,na,False,0.5,0.5,0,,
real_asc_1256.png,do,+,False,1.0,1.0,0,,
real_asc_1257.png,caso,cas,False,0.25,0.25,0,,
real_asc_1258.png,Essas,ESsAS,False,0.0,0.0,1,,
real_asc_1259.png,pelo,,False,1.0,1.0,0,,
real_asc_1260.png,to,de,False,1.0,1.0,0,,
real_asc_1261.png,da,do,False,0.5,0.5,0,,
real_asc_1262.png,qual,QUAE,False,0.25,0.25,0,,
real_asc_1263.png,as,a),False,0.5,0.5,0,,
real_asc_1264.png,de,d,False,0.5,0.5,0,,
real_asc_1265.png,estimulem,estimulem,False,0.0,0.0,1,,
real_asc_1266.png,fim,fIM,False,0.0,0.0,1,,
real_asc_1267.png,de,di,False,0.5,0.5,0,,
real_asc_1268.png,que,quE,False,0.0,0.0,1,,
real_asc_1269.png,da,d,False,0.5,0.5,0,,
real_asc_1270.png,contra,contr,False,0.1667,0.1667,0,,
real_asc_1271.png,que,fe,False,0.6667,0.6667,0,,
real_asc_1272.png,cientes,LIENTEs,False,0.1429,0.1429,0,,
real_asc_1273.png,de,de,False,0.0,0.0,1,,
real_asc_1274.png,da,da,False,0.0,0.0,1,,
real_asc_1275.png,os,a,False,1.0,1.0,0,,
real_asc_1276.png,teriam,triom,False,0.3333,0.3333,0,,
real_asc_1277.png,brasileiros,Draslenes,False,0.4545,0.4545,0,,
real_asc_1278.png,capital,cata,False,0.4286,0.4286,0,,
real_asc_1279.png,com,com,False,0.0,0.0,1,,
real_asc_1280.png,pela,pils,False,0.5,0.5,0,,
real_asc_1281.png,Tecnologia,JAMELaGA,False,0.7,0.7,0,,
real_asc_1282.png,se,se,False,0.0,0.0,1,,
real_asc_1283.png,da,l,False,1.0,1.0,0,,
real_asc_1284.png,fielmente,fielmente,False,0.0,0.0,1,,
real_asc_1285.png,dos,dos,False,0.0,0.0,1,,
real_asc_1286.png,reverter,nest,False,0.75,0.75,0,,
real_asc_1287.png,as,ar,False,0.5,0.5,0,,
real_asc_1288.png,inserido,"imeride,",False,0.375,0.5,0,,
real_asc_1289.png,da,,False,1.0,1.0,0,,
real_asc_1290.png,de,de,False,0.0,0.0,1,,
real_asc_1291.png,do,&,False,1.0,1.0,0,,
real_asc_1292.png,Diante,Diante,False,0.0,0.0,1,,
real_asc_1293.png,nos,o,False,0.6667,0.6667,0,,
real_asc_1294.png,das,a,False,0.6667,0.6667,0,,
real_asc_1295.png,esclarecida,"saclaecida,",False,0.2727,0.3636,0,,
real_asc_1296.png,nacional,reioral.,False,0.5,0.625,0,,
real_asc_1297.png,filho,Lills,False,0.6,0.6,0,,
real_asc_1298.png,soas,SOAS,False,0.0,0.0,1,,
real_asc_1299.png,que,guu,False,0.6667,0.6667,0,,
