arquivo,palavra,ascii,par_id,escritor,semente,real,marca,onde,indice,medivel,fileiras_pauta,faixa_massa,faixa_massa_rel,faixa_densidade,tem_gemeo,diff_delta_rel,e2_lido,e2_cer,e1_escore,e1_presente,categoria
pais-8b83c1__acc__w174__s0.png,país,pais,pais-8b83c1,174,0,False,agudo,acima,2,True,0,51,0.11461,0.08748,True,0.13006,,,0.13006,,
individuos-2e50a2__acc__w174__s0.png,indivíduos,individuos,individuos-2e50a2,174,0,False,agudo,acima,5,True,0,6,0.0297,0.00379,True,-0.00943,,,-0.00943,,
esta-2d1080__acc__w174__s0.png,está,esta,esta-2d1080,174,0,False,agudo,acima,3,True,0,253,0.68011,0.1221,True,0.02051,,,0.02051,,
filosofo-6185fc__acc__w174__s0.png,filósofo,filosofo,filosofo-6185fc,174,0,False,agudo,acima,3,True,0,50,0.26042,0.0384,True,-0.01852,,,-0.01852,,
vies-abb582__acc__w174__s0.png,viés,vies,vies-abb582,174,0,False,agudo,acima,2,True,0,140,0.25135,0.09615,True,-0.02538,,,-0.02538,,
sera-615740__acc__w174__s0.png,será,sera,sera-615740,174,0,False,agudo,acima,3,True,0,41,0.05216,0.04649,True,0.04362,,,0.04362,,
aqueles-f3aa73__acc__w174__s0.png,àqueles,aqueles,aqueles-f3aa73,174,0,False,grave,acima,0,True,0,0,0.0,0.0,True,-0.01878,,,-0.01878,,
aquele-305a09__acc__w174__s0.png,àquele,aquele,aquele-305a09,174,0,False,grave,acima,0,True,0,46,0.21596,0.06534,True,-0.01802,,,-0.01802,,
aquela-5f0a77__acc__w174__s0.png,àquela,aquela,aquela-5f0a77,174,0,False,grave,acima,0,True,0,43,0.22051,0.06108,True,0.005,,,0.005,,
aquelas-cda0ac__acc__w174__s0.png,àquelas,aquelas,aquelas-cda0ac,174,0,False,grave,acima,0,True,0,5,0.02273,0.00947,True,-0.00541,,,-0.00541,,
epoque-f59620__acc__w174__s0.png,èpoque,epoque,epoque-f59620,174,0,False,grave,acima,0,True,0,43,0.12573,0.13782,True,-0.00676,,,-0.00676,,
importancia-39f2c4__acc__w174__s0.png,importância,importancia,importancia-39f2c4,174,0,False,circunflexo,acima,6,True,0,66,0.26721,0.05641,True,0.0,,,0.0,,
negligencia-07e163__acc__w174__s0.png,negligência,negligencia,negligencia-07e163,174,0,False,circunflexo,acima,6,True,0,0,0.0,0.0,True,0.0,,,0.0,,
influencia-754992__acc__w174__s0.png,influência,influencia,influencia-754992,174,0,False,circunflexo,acima,5,True,0,3,0.01042,0.00245,True,-0.04386,,,-0.04386,,
ineficiencia-65d1bb__acc__w174__s0.png,ineficiência,ineficiencia,ineficiencia-65d1bb,174,0,False,circunflexo,acima,7,True,0,56,0.23932,0.04762,True,0.06452,,,0.06452,,
porque-90c5f0__acc__w174__s0.png,porquê,porque,porque-90c5f0,174,0,False,circunflexo,acima,5,True,0,12,0.03704,0.04688,True,-0.0744,,,-0.0744,,
pode-9faff7__acc__w174__s0.png,pôde,pode,pode-9faff7,174,0,False,circunflexo,acima,1,True,0,180,1.57895,0.10613,True,-0.18561,,,-0.18561,,
depressao-2d26ca__acc__w174__s0.png,depressão,depressao,depressao-2d26ca,174,0,False,til,acima,7,True,0,25,0.09542,0.0243,True,-0.00993,,,-0.00993,,
cidadaos-88079d__acc__w174__s0.png,cidadãos,cidadaos,cidadaos-88079d,174,0,False,til,acima,5,True,0,141,0.27115,0.07833,True,-0.08514,,,-0.08514,,
questao-72d350__acc__w174__s0.png,questão,questao,questao-72d350,174,0,False,til,acima,5,True,0,79,0.316,0.079,True,-0.00235,,,-0.00235,,
exclusao-7a9dad__acc__w174__s0.png,exclusão,exclusao,exclusao-7a9dad,174,0,False,til,acima,6,True,0,40,0.10959,0.0254,True,0.0055,,,0.0055,,
regioes-ba061c__acc__w174__s0.png,regiões,regioes,regioes-ba061c,174,0,False,til,acima,4,True,0,4,0.01521,0.00808,True,-0.0369,,,-0.0369,,
visao-ee76db__acc__w174__s0.png,visão,visao,visao-ee76db,174,0,False,til,acima,3,True,0,74,0.12715,0.03401,True,0.03356,,,0.03356,,
doencas-7ee44f__acc__w174__s0.png,doenças,doencas,doencas-7ee44f,174,0,False,cedilha,abaixo,4,True,0,7,0.02244,0.01977,True,-0.00269,,,-0.00269,,
doenca-0cc034__acc__w174__s0.png,doença,doenca,doenca-0cc034,174,0,False,cedilha,abaixo,4,True,0,7,0.01754,0.02258,True,0.02145,,,0.02145,,
espaco-222fe5__acc__w174__s0.png,espaço,espaco,espaco-222fe5,174,0,False,cedilha,abaixo,4,True,0,0,0.0,0.0,True,0.0,,,0.0,,
preco-f110c7__acc__w174__s0.png,preço,preco,preco-f110c7,174,0,False,cedilha,abaixo,3,True,0,6,0.00882,0.00302,True,0.13012,,,0.13012,,
espacos-a321bd__acc__w174__s0.png,espaços,espacos,espacos-a321bd,174,0,False,cedilha,abaixo,4,True,0,13,0.02928,0.00714,True,-0.00195,,,-0.00195,,
presenca-d6581f__acc__w174__s0.png,presença,presenca,presenca-d6581f,174,0,False,cedilha,abaixo,6,True,0,8,0.01386,0.0041,True,-0.02088,,,-0.02088,,
pais-8b83c1__acc__w32__s0.png,país,pais,pais-8b83c1,32,0,False,agudo,acima,2,True,0,36,0.05547,0.11613,True,-0.03333,,,-0.03333,,
individuos-2e50a2__acc__w32__s0.png,indivíduos,individuos,individuos-2e50a2,32,0,False,agudo,acima,5,True,0,5,0.03448,0.00292,True,-0.04878,,,-0.04878,,
esta-2d1080__acc__w32__s0.png,está,esta,esta-2d1080,32,0,False,agudo,acima,3,True,0,270,0.72581,0.11936,True,0.0,,,0.0,,
filosofo-6185fc__acc__w32__s0.png,filósofo,filosofo,filosofo-6185fc,32,0,False,agudo,acima,3,True,0,13,0.05882,0.01094,True,0.06,,,0.06,,
vies-abb582__acc__w32__s0.png,viés,vies,vies-abb582,32,0,False,agudo,acima,2,True,0,94,0.12467,0.06592,True,-0.02403,,,-0.02403,,
sera-615740__acc__w32__s0.png,será,sera,sera-615740,32,0,False,agudo,acima,3,True,0,7,0.00638,0.00971,True,0.00376,,,0.00376,,
aqueles-f3aa73__acc__w32__s0.png,àqueles,aqueles,aqueles-f3aa73,32,0,False,grave,acima,0,True,0,30,0.11111,0.06818,True,0.04292,,,0.04292,,
aquele-305a09__acc__w32__s0.png,àquele,aquele,aquele-305a09,32,0,False,grave,acima,0,True,0,5,0.01524,0.00687,True,-0.00296,,,-0.00296,,
aquela-5f0a77__acc__w32__s0.png,àquela,aquela,aquela-5f0a77,32,0,False,grave,acima,0,True,0,11,0.06395,0.0193,True,0.04908,,,0.04908,,
aquelas-cda0ac__acc__w32__s0.png,àquelas,aquelas,aquelas-cda0ac,32,0,False,grave,acima,0,True,0,38,0.14504,0.07851,True,0.00826,,,0.00826,,
epoque-f59620__acc__w32__s0.png,èpoque,epoque,epoque-f59620,32,0,False,grave,acima,0,True,0,56,0.175,0.14815,True,-0.00654,,,-0.00654,,
importancia-39f2c4__acc__w32__s0.png,importância,importancia,importancia-39f2c4,32,0,False,circunflexo,acima,6,True,0,54,0.28723,0.0472,True,-0.03977,,,-0.03977,,
negligencia-07e163__acc__w32__s0.png,negligência,negligencia,negligencia-07e163,32,0,False,circunflexo,acima,6,True,0,20,0.10811,0.02165,True,0.0,,,0.0,,
influencia-754992__acc__w32__s0.png,influência,influencia,influencia-754992,32,0,False,circunflexo,acima,5,True,0,9,0.04663,0.00844,True,-0.02871,,,-0.02871,,
ineficiencia-65d1bb__acc__w32__s0.png,ineficiência,ineficiencia,ineficiencia-65d1bb,32,0,False,circunflexo,acima,7,True,0,39,0.17257,0.03659,True,0.03502,,,0.03502,,
porque-90c5f0__acc__w32__s0.png,porquê,porque,porque-90c5f0,32,0,False,circunflexo,acima,5,True,0,0,0.0,0.0,True,0.0,,,0.0,,
pode-9faff7__acc__w32__s0.png,pôde,pode,pode-9faff7,32,0,False,circunflexo,acima,1,True,0,18,0.05405,0.01858,True,0.03235,,,0.03235,,
depressao-2d26ca__acc__w32__s0.png,depressão,depressao,depressao-2d26ca,32,0,False,til,acima,7,True,0,2,0.00685,0.00255,True,-0.00318,,,-0.00318,,
cidadaos-88079d__acc__w32__s0.png,cidadãos,cidadaos,cidadaos-88079d,32,0,False,til,acima,5,True,0,139,0.32176,0.0702,True,-0.03286,,,-0.03286,,
questao-72d350__acc__w32__s0.png,questão,questao,questao-72d350,32,0,False,til,acima,5,True,0,61,0.20539,0.08299,True,0.03324,,,0.03324,,
exclusao-7a9dad__acc__w32__s0.png,exclusão,exclusao,exclusao-7a9dad,32,0,False,til,acima,6,True,0,35,0.06045,0.02091,True,-0.00817,,,-0.00817,,
regioes-ba061c__acc__w32__s0.png,regiões,regioes,regioes-ba061c,32,0,False,til,acima,4,True,0,16,0.05614,0.02735,True,0.02985,,,0.02985,,
visao-ee76db__acc__w32__s0.png,visão,visao,visao-ee76db,32,0,False,til,acima,3,True,0,34,0.06285,0.01637,True,0.00132,,,0.00132,,
doencas-7ee44f__acc__w32__s0.png,doenças,doencas,doencas-7ee44f,32,0,False,cedilha,abaixo,4,True,0,0,0.0,0.0,True,0.0,,,0.0,,
doenca-0cc034__acc__w32__s0.png,doença,doenca,doenca-0cc034,32,0,False,cedilha,abaixo,4,True,0,27,0.05,0.13235,True,-0.03992,,,-0.03992,,
espaco-222fe5__acc__w32__s0.png,espaço,espaco,espaco-222fe5,32,0,False,cedilha,abaixo,4,True,0,5,0.01155,0.00237,True,0.0,,,0.0,,
preco-f110c7__acc__w32__s0.png,preço,preco,preco-f110c7,32,0,False,cedilha,abaixo,3,True,0,28,0.04452,0.01326,True,0.00573,,,0.00573,,
espacos-a321bd__acc__w32__s0.png,espaços,espacos,espacos-a321bd,32,0,False,cedilha,abaixo,4,True,0,14,0.03655,0.00763,True,0.04141,,,0.04141,,
presenca-d6581f__acc__w32__s0.png,presença,presenca,presenca-d6581f,32,0,False,cedilha,abaixo,6,True,0,1,0.00254,0.00055,True,-0.08685,,,-0.08685,,
pais-8b83c1__acc__w424__s0.png,país,pais,pais-8b83c1,424,0,False,agudo,acima,2,True,0,111,0.2033,0.14919,True,0.04136,,,0.04136,,
individuos-2e50a2__acc__w424__s0.png,indivíduos,individuos,individuos-2e50a2,424,0,False,agudo,acima,5,True,0,54,0.25962,0.03241,True,-0.06393,,,-0.06393,,
esta-2d1080__acc__w424__s0.png,está,esta,esta-2d1080,424,0,False,agudo,acima,3,True,0,227,0.46901,0.11511,True,0.21319,,,0.21319,,
filosofo-6185fc__acc__w424__s0.png,filósofo,filosofo,filosofo-6185fc,424,0,False,agudo,acima,3,True,0,116,0.39322,0.10545,True,0.1014,,,0.1014,,
vies-abb582__acc__w424__s0.png,viés,vies,vies-abb582,424,0,False,agudo,acima,2,True,0,90,0.11553,0.07143,True,0.01674,,,0.01674,,
sera-615740__acc__w424__s0.png,será,sera,sera-615740,424,0,False,agudo,acima,3,True,0,33,0.03167,0.02001,True,0.00279,,,0.00279,,
aqueles-f3aa73__acc__w424__s0.png,àqueles,aqueles,aqueles-f3aa73,424,0,False,grave,acima,0,True,0,37,0.14567,0.05606,True,-0.00441,,,-0.00441,,
aquele-305a09__acc__w424__s0.png,àquele,aquele,aquele-305a09,424,0,False,grave,acima,0,True,0,33,0.132,0.04044,True,-0.00377,,,-0.00377,,
aquela-5f0a77__acc__w424__s0.png,àquela,aquela,aquela-5f0a77,424,0,False,grave,acima,0,True,0,27,0.10588,0.03176,True,0.0041,,,0.0041,,
aquelas-cda0ac__acc__w424__s0.png,àquelas,aquelas,aquelas-cda0ac,424,0,False,grave,acima,0,True,0,48,0.18182,0.06818,True,0.0037,,,0.0037,,
epoque-f59620__acc__w424__s0.png,èpoque,epoque,epoque-f59620,424,0,False,grave,acima,0,True,0,88,0.21569,0.16858,True,-0.00467,,,-0.00467,,
importancia-39f2c4__acc__w424__s0.png,importância,importancia,importancia-39f2c4,424,0,False,circunflexo,acima,6,True,0,87,0.39367,0.07733,True,0.00373,,,0.00373,,
negligencia-07e163__acc__w424__s0.png,negligência,negligencia,negligencia-07e163,424,0,False,circunflexo,acima,6,True,0,11,0.05314,0.0125,True,0.02811,,,0.02811,,
influencia-754992__acc__w424__s0.png,influência,influencia,influencia-754992,424,0,False,circunflexo,acima,5,True,0,6,0.0239,0.00491,True,-0.00685,,,-0.00685,,
ineficiencia-65d1bb__acc__w424__s0.png,ineficiência,ineficiencia,ineficiencia-65d1bb,424,0,False,circunflexo,acima,7,True,0,52,0.23318,0.04762,True,0.05068,,,0.05068,,
porque-90c5f0__acc__w424__s0.png,porquê,porque,porque-90c5f0,424,0,False,circunflexo,acima,5,True,0,0,0.0,0.0,True,-0.05672,,,-0.05672,,
pode-9faff7__acc__w424__s0.png,pôde,pode,pode-9faff7,424,0,False,circunflexo,acima,1,True,0,7,0.02053,0.00777,True,-0.01045,,,-0.01045,,
depressao-2d26ca__acc__w424__s0.png,depressão,depressao,depressao-2d26ca,424,0,False,til,acima,7,True,0,5,0.01211,0.006,True,-0.00845,,,-0.00845,,
cidadaos-88079d__acc__w424__s0.png,cidadãos,cidadaos,cidadaos-88079d,424,0,False,til,acima,5,True,0,107,0.18074,0.06049,True,-0.0125,,,-0.0125,,
questao-72d350__acc__w424__s0.png,questão,questao,questao-72d350,424,0,False,til,acima,5,True,0,65,0.17906,0.07081,True,-0.01728,,,-0.01728,,
exclusao-7a9dad__acc__w424__s0.png,exclusão,exclusao,exclusao-7a9dad,424,0,False,til,acima,6,True,0,60,0.0974,0.03663,True,0.01937,,,0.01937,,
regioes-ba061c__acc__w424__s0.png,regiões,regioes,regioes-ba061c,424,0,False,til,acima,4,True,0,10,0.03003,0.0202,True,0.00339,,,0.00339,,
visao-ee76db__acc__w424__s0.png,visão,visao,visao-ee76db,424,0,False,til,acima,3,True,0,99,0.11928,0.05392,True,0.02021,,,0.02021,,
doencas-7ee44f__acc__w424__s0.png,doenças,doencas,doencas-7ee44f,424,0,False,cedilha,abaixo,4,True,0,0,0.0,0.0,True,-0.01861,,,-0.01861,,
doenca-0cc034__acc__w424__s0.png,doença,doenca,doenca-0cc034,424,0,False,cedilha,abaixo,4,True,0,11,0.02703,0.02022,True,-0.00231,,,-0.00231,,
espaco-222fe5__acc__w424__s0.png,espaço,espaco,espaco-222fe5,424,0,False,cedilha,abaixo,4,True,0,0,0.0,0.0,True,0.0,,,0.0,,
preco-f110c7__acc__w424__s0.png,preço,preco,preco-f110c7,424,0,False,cedilha,abaixo,3,True,0,28,0.03867,0.01411,True,0.10394,,,0.10394,,
espacos-a321bd__acc__w424__s0.png,espaços,espacos,espacos-a321bd,424,0,False,cedilha,abaixo,4,True,0,34,0.07456,0.01944,True,-0.03019,,,-0.03019,,
presenca-d6581f__acc__w424__s0.png,presença,presenca,presenca-d6581f,424,0,False,cedilha,abaixo,6,True,0,191,0.36312,0.09326,True,0.3411,,,0.3411,,
pais-8b83c1__acc__w375__s0.png,país,pais,pais-8b83c1,375,0,False,agudo,acima,2,True,0,105,0.39773,0.10836,True,-0.03865,,,-0.03865,,
individuos-2e50a2__acc__w375__s0.png,indivíduos,individuos,individuos-2e50a2,375,0,False,agudo,acima,5,True,0,49,0.20763,0.03125,True,0.0,,,0.0,,
esta-2d1080__acc__w375__s0.png,está,esta,esta-2d1080,375,0,False,agudo,acima,3,True,0,234,0.51316,0.11207,True,0.01982,,,0.01982,,
filosofo-6185fc__acc__w375__s0.png,filósofo,filosofo,filosofo-6185fc,375,0,False,agudo,acima,3,True,0,18,0.09326,0.01538,True,0.02367,,,0.02367,,
vies-abb582__acc__w375__s0.png,viés,vies,vies-abb582,375,0,False,agudo,acima,2,True,0,100,0.10858,0.04902,True,0.03749,,,0.03749,,
sera-615740__acc__w375__s0.png,será,sera,sera-615740,375,0,False,agudo,acima,3,True,0,0,0.0,0.0,True,0.0,,,0.0,,
aqueles-f3aa73__acc__w375__s0.png,àqueles,aqueles,aqueles-f3aa73,375,0,False,grave,acima,0,True,0,20,0.08403,0.02558,True,0.01688,,,0.01688,,
aquele-305a09__acc__w375__s0.png,àquele,aquele,aquele-305a09,375,0,False,grave,acima,0,True,0,34,0.20988,0.04722,True,0.0766,,,0.0766,,
aquela-5f0a77__acc__w375__s0.png,àquela,aquela,aquela-5f0a77,375,0,False,grave,acima,0,True,0,44,0.26667,0.05685,True,0.0,,,0.0,,
aquelas-cda0ac__acc__w375__s0.png,àquelas,aquelas,aquelas-cda0ac,375,0,False,grave,acima,0,True,0,46,0.23711,0.04978,True,-0.02128,,,-0.02128,,
epoque-f59620__acc__w375__s0.png,èpoque,epoque,epoque-f59620,375,0,False,grave,acima,0,True,0,96,0.26593,0.19048,True,-0.05613,,,-0.05613,,
importancia-39f2c4__acc__w375__s0.png,importância,importancia,importancia-39f2c4,375,0,False,circunflexo,acima,6,True,0,88,0.38261,0.08,True,0.02299,,,0.02299,,
negligencia-07e163__acc__w375__s0.png,negligência,negligencia,negligencia-07e163,375,0,False,circunflexo,acima,6,True,0,0,0.0,0.0,True,0.0,,,0.0,,
influencia-754992__acc__w375__s0.png,influência,influencia,influencia-754992,375,0,False,circunflexo,acima,5,True,0,7,0.03723,0.00641,True,-0.076,,,-0.076,,
ineficiencia-65d1bb__acc__w375__s0.png,ineficiência,ineficiencia,ineficiencia-65d1bb,375,0,False,circunflexo,acima,7,True,0,41,0.15953,0.03704,True,0.025,,,0.025,,
porque-90c5f0__acc__w375__s0.png,porquê,porque,porque-90c5f0,375,0,False,circunflexo,acima,5,True,0,42,0.12613,0.12353,True,0.0,,,0.0,,
pode-9faff7__acc__w375__s0.png,pôde,pode,pode-9faff7,375,0,False,circunflexo,acima,1,True,0,12,0.03974,0.01192,True,-0.02362,,,-0.02362,,
depressao-2d26ca__acc__w375__s0.png,depressão,depressao,depressao-2d26ca,375,0,False,til,acima,7,True,0,22,0.09091,0.02138,True,0.03191,,,0.03191,,
cidadaos-88079d__acc__w375__s0.png,cidadãos,cidadaos,cidadaos-88079d,375,0,False,til,acima,5,True,0,154,0.24483,0.08144,True,-0.01654,,,-0.01654,,
questao-72d350__acc__w375__s0.png,questão,questao,questao-72d350,375,0,False,til,acima,5,True,0,58,0.22394,0.05686,True,0.0048,,,0.0048,,
exclusao-7a9dad__acc__w375__s0.png,exclusão,exclusao,exclusao-7a9dad,375,0,False,til,acima,6,True,0,42,0.084,0.0255,True,-0.01411,,,-0.01411,,
regioes-ba061c__acc__w375__s0.png,regiões,regioes,regioes-ba061c,375,0,False,til,acima,4,True,0,13,0.04981,0.02686,True,-0.05366,,,-0.05366,,
visao-ee76db__acc__w375__s0.png,visão,visao,visao-ee76db,375,0,False,til,acima,3,True,0,66,0.10248,0.02865,True,-0.00805,,,-0.00805,,
doencas-7ee44f__acc__w375__s0.png,doenças,doencas,doencas-7ee44f,375,0,False,cedilha,abaixo,4,True,0,0,0.0,0.0,True,0.01613,,,0.01613,,
doenca-0cc034__acc__w375__s0.png,doença,doenca,doenca-0cc034,375,0,False,cedilha,abaixo,4,True,0,0,0.0,0.0,True,0.0,,,0.0,,
espaco-222fe5__acc__w375__s0.png,espaço,espaco,espaco-222fe5,375,0,False,cedilha,abaixo,4,True,0,105,0.20076,0.04545,True,0.00714,,,0.00714,,
preco-f110c7__acc__w375__s0.png,preço,preco,preco-f110c7,375,0,False,cedilha,abaixo,3,True,0,1,0.0014,0.00047,True,0.06422,,,0.06422,,
espacos-a321bd__acc__w375__s0.png,espaços,espacos,espacos-a321bd,375,0,False,cedilha,abaixo,4,True,0,22,0.04583,0.01149,True,0.08894,,,0.08894,,
presenca-d6581f__acc__w375__s0.png,presença,presenca,presenca-d6581f,375,0,False,cedilha,abaixo,6,True,0,119,0.33056,0.06198,True,0.26371,,,0.26371,,
pais-8b83c1__acc__w174__s1.png,país,pais,pais-8b83c1,174,1,False,agudo,acima,2,True,0,63,0.09953,0.1291,True,0.0232,,,0.0232,,
individuos-2e50a2__acc__w174__s1.png,indivíduos,individuos,individuos-2e50a2,174,1,False,agudo,acima,5,True,0,0,0.0,0.0,True,-0.00459,,,-0.00459,,
esta-2d1080__acc__w174__s1.png,está,esta,esta-2d1080,174,1,False,agudo,acima,3,True,0,213,0.40805,0.11187,True,0.06765,,,0.06765,,
filosofo-6185fc__acc__w174__s1.png,filósofo,filosofo,filosofo-6185fc,174,1,False,agudo,acima,3,True,0,105,0.44118,0.0842,True,0.04508,,,0.04508,,
vies-abb582__acc__w174__s1.png,viés,vies,vies-abb582,174,1,False,agudo,acima,2,True,0,77,0.09255,0.06111,True,0.03728,,,0.03728,,
sera-615740__acc__w174__s1.png,será,sera,sera-615740,174,1,False,agudo,acima,3,True,0,6,0.00542,0.00971,True,-0.01144,,,-0.01144,,
aqueles-f3aa73__acc__w174__s1.png,àqueles,aqueles,aqueles-f3aa73,174,1,False,grave,acima,0,True,0,46,0.18699,0.0697,True,-0.00389,,,-0.00389,,
aquele-305a09__acc__w174__s1.png,àquele,aquele,aquele-305a09,174,1,False,grave,acima,0,True,0,53,0.16719,0.06495,True,-0.07166,,,-0.07166,,
aquela-5f0a77__acc__w174__s1.png,àquela,aquela,aquela-5f0a77,174,1,False,grave,acima,0,True,0,58,0.2723,0.06636,True,-0.02427,,,-0.02427,,
aquelas-cda0ac__acc__w174__s1.png,àquelas,aquelas,aquelas-cda0ac,174,1,False,grave,acima,0,True,0,85,0.2862,0.11273,True,-0.00676,,,-0.00676,,
epoque-f59620__acc__w174__s1.png,èpoque,epoque,epoque-f59620,174,1,False,grave,acima,0,True,0,35,0.06931,0.10938,True,-0.00883,,,-0.00883,,
importancia-39f2c4__acc__w174__s1.png,importância,importancia,importancia-39f2c4,174,1,False,circunflexo,acima,6,True,0,70,0.27559,0.06222,True,0.03509,,,0.03509,,
negligencia-07e163__acc__w174__s1.png,negligência,negligencia,negligencia-07e163,174,1,False,circunflexo,acima,6,True,0,2,0.01163,0.00207,True,-0.03433,,,-0.03433,,
influencia-754992__acc__w174__s1.png,influência,influencia,influencia-754992,174,1,False,circunflexo,acima,5,True,0,0,0.0,0.0,True,-0.05725,,,-0.05725,,
ineficiencia-65d1bb__acc__w174__s1.png,ineficiência,ineficiencia,ineficiencia-65d1bb,174,1,False,circunflexo,acima,7,True,0,46,0.17761,0.04212,True,0.02055,,,0.02055,,
porque-90c5f0__acc__w174__s1.png,porquê,porque,porque-90c5f0,174,1,False,circunflexo,acima,5,True,0,57,0.16814,0.17015,True,-0.01489,,,-0.01489,,
pode-9faff7__acc__w174__s1.png,pôde,pode,pode-9faff7,174,1,False,circunflexo,acima,1,True,0,9,0.02452,0.00926,True,-0.07836,,,-0.07836,,
depressao-2d26ca__acc__w174__s1.png,depressão,depressao,depressao-2d26ca,174,1,False,til,acima,7,True,0,42,0.15217,0.04082,True,0.03667,,,0.03667,,
cidadaos-88079d__acc__w174__s1.png,cidadãos,cidadaos,cidadaos-88079d,174,1,False,til,acima,5,True,0,139,0.20715,0.07351,True,-0.06111,,,-0.06111,,
questao-72d350__acc__w174__s1.png,questão,questao,questao-72d350,174,1,False,til,acima,5,True,0,83,0.29329,0.08469,True,-0.06109,,,-0.06109,,
exclusao-7a9dad__acc__w174__s1.png,exclusão,exclusao,exclusao-7a9dad,174,1,False,til,acima,6,True,0,47,0.08289,0.02664,True,0.01848,,,0.01848,,
regioes-ba061c__acc__w174__s1.png,regiões,regioes,regioes-ba061c,174,1,False,til,acima,4,True,0,20,0.06969,0.04228,True,0.02008,,,0.02008,,
visao-ee76db__acc__w174__s1.png,visão,visao,visao-ee76db,174,1,False,til,acima,3,True,0,143,0.22102,0.06373,True,0.06918,,,0.06918,,
doencas-7ee44f__acc__w174__s1.png,doenças,doencas,doencas-7ee44f,174,1,False,cedilha,abaixo,4,True,0,3,0.00792,0.00647,True,-0.00735,,,-0.00735,,
doenca-0cc034__acc__w174__s1.png,doença,doenca,doenca-0cc034,174,1,False,cedilha,abaixo,4,True,0,0,0.0,0.0,True,0.0,,,0.0,,
espaco-222fe5__acc__w174__s1.png,espaço,espaco,espaco-222fe5,174,1,False,cedilha,abaixo,4,True,0,24,0.04511,0.01154,True,0.00439,,,0.00439,,
preco-f110c7__acc__w174__s1.png,preço,preco,preco-f110c7,174,1,False,cedilha,abaixo,3,True,0,7,0.00946,0.00337,True,0.04206,,,0.04206,,
espacos-a321bd__acc__w174__s1.png,espaços,espacos,espacos-a321bd,174,1,False,cedilha,abaixo,4,True,0,5,0.01355,0.00277,True,0.0,,,0.0,,
presenca-d6581f__acc__w174__s1.png,presença,presenca,presenca-d6581f,174,1,False,cedilha,abaixo,6,True,0,47,0.09234,0.02637,True,0.03111,,,0.03111,,
pais-8b83c1__acc__w32__s1.png,país,pais,pais-8b83c1,32,1,False,agudo,acima,2,True,0,87,0.27358,0.09842,True,0.17073,,,0.17073,,
individuos-2e50a2__acc__w32__s1.png,indivíduos,individuos,individuos-2e50a2,32,1,False,agudo,acima,5,True,0,0,0.0,0.0,True,0.0,,,0.0,,
esta-2d1080__acc__w32__s1.png,está,esta,esta-2d1080,32,1,False,agudo,acima,3,True,0,210,0.34653,0.10714,True,-0.00174,,,-0.00174,,
filosofo-6185fc__acc__w32__s1.png,filósofo,filosofo,filosofo-6185fc,32,1,False,agudo,acima,3,True,0,8,0.0354,0.00702,True,-0.15294,,,-0.15294,,
vies-abb582__acc__w32__s1.png,viés,vies,vies-abb582,32,1,False,agudo,acima,2,True,0,51,0.09222,0.0414,True,0.00314,,,0.00314,,
sera-615740__acc__w32__s1.png,será,sera,sera-615740,32,1,False,agudo,acima,3,True,0,1,0.00093,0.00123,True,-0.01354,,,-0.01354,,
aqueles-f3aa73__acc__w32__s1.png,àqueles,aqueles,aqueles-f3aa73,32,1,False,grave,acima,0,True,0,17,0.05346,0.02415,True,-0.07071,,,-0.07071,,
aquele-305a09__acc__w32__s1.png,àquele,aquele,aquele-305a09,32,1,False,grave,acima,0,True,0,39,0.1254,0.04498,True,0.03226,,,0.03226,,
aquela-5f0a77__acc__w32__s1.png,àquela,aquela,aquela-5f0a77,32,1,False,grave,acima,0,True,0,40,0.1278,0.04614,True,0.02807,,,0.02807,,
aquelas-cda0ac__acc__w32__s1.png,àquelas,aquelas,aquelas-cda0ac,32,1,False,grave,acima,0,True,0,5,0.01718,0.00758,True,0.0,,,0.0,,
epoque-f59620__acc__w32__s1.png,èpoque,epoque,epoque-f59620,32,1,False,grave,acima,0,True,0,101,0.29882,0.17657,True,0.00318,,,0.00318,,
importancia-39f2c4__acc__w32__s1.png,importância,importancia,importancia-39f2c4,32,1,False,circunflexo,acima,6,True,0,40,0.25974,0.03721,True,-0.01786,,,-0.01786,,
negligencia-07e163__acc__w32__s1.png,negligência,negligencia,negligencia-07e163,32,1,False,circunflexo,acima,6,True,0,12,0.06316,0.01395,True,0.0177,,,0.0177,,
influencia-754992__acc__w32__s1.png,influência,influencia,influencia-754992,32,1,False,circunflexo,acima,5,True,0,10,0.04149,0.00855,True,-0.05769,,,-0.05769,,
ineficiencia-65d1bb__acc__w32__s1.png,ineficiência,ineficiencia,ineficiencia-65d1bb,32,1,False,circunflexo,acima,7,True,0,39,0.16667,0.03523,True,-0.04545,,,-0.04545,,
porque-90c5f0__acc__w32__s1.png,porquê,porque,porque-90c5f0,32,1,False,circunflexo,acima,5,True,0,73,0.37245,0.15336,True,-0.01672,,,-0.01672,,
pode-9faff7__acc__w32__s1.png,pôde,pode,pode-9faff7,32,1,False,circunflexo,acima,1,True,0,4,0.01365,0.00405,True,0.01399,,,0.01399,,
depressao-2d26ca__acc__w32__s1.png,depressão,depressao,depressao-2d26ca,32,1,False,til,acima,7,True,0,11,0.04348,0.01122,True,-0.00631,,,-0.00631,,
cidadaos-88079d__acc__w32__s1.png,cidadãos,cidadaos,cidadaos-88079d,32,1,False,til,acima,5,True,0,138,0.19274,0.07667,True,-0.07051,,,-0.07051,,
questao-72d350__acc__w32__s1.png,questão,questao,questao-72d350,32,1,False,til,acima,5,True,0,50,0.17921,0.07092,True,0.01263,,,0.01263,,
exclusao-7a9dad__acc__w32__s1.png,exclusão,exclusao,exclusao-7a9dad,32,1,False,til,acima,6,True,0,89,0.14217,0.04564,True,0.04545,,,0.04545,,
regioes-ba061c__acc__w32__s1.png,regiões,regioes,regioes-ba061c,32,1,False,til,acima,4,True,0,22,0.09016,0.03333,True,-0.01195,,,-0.01195,,
visao-ee76db__acc__w32__s1.png,visão,visao,visao-ee76db,32,1,False,til,acima,3,True,0,58,0.07296,0.02358,True,0.02203,,,0.02203,,
doencas-7ee44f__acc__w32__s1.png,doenças,doencas,doencas-7ee44f,32,1,False,cedilha,abaixo,4,True,0,2,0.00421,0.00667,True,-0.02362,,,-0.02362,,
doenca-0cc034__acc__w32__s1.png,doença,doenca,doenca-0cc034,32,1,False,cedilha,abaixo,4,True,0,12,0.02655,0.02239,True,0.00237,,,0.00237,,
espaco-222fe5__acc__w32__s1.png,espaço,espaco,espaco-222fe5,32,1,False,cedilha,abaixo,4,True,0,36,0.06327,0.01604,True,0.0,,,0.0,,
preco-f110c7__acc__w32__s1.png,preço,preco,preco-f110c7,32,1,False,cedilha,abaixo,3,True,0,24,0.0424,0.01139,True,0.06045,,,0.06045,,
espacos-a321bd__acc__w32__s1.png,espaços,espacos,espacos-a321bd,32,1,False,cedilha,abaixo,4,True,0,22,0.04374,0.0117,True,0.0,,,0.0,,
presenca-d6581f__acc__w32__s1.png,presença,presenca,presenca-d6581f,32,1,False,cedilha,abaixo,6,True,0,15,0.04505,0.00794,True,-0.01759,,,-0.01759,,
pais-8b83c1__acc__w424__s1.png,país,pais,pais-8b83c1,424,1,False,agudo,acima,2,True,0,61,0.17529,0.07673,True,-0.00922,,,-0.00922,,
individuos-2e50a2__acc__w424__s1.png,indivíduos,individuos,individuos-2e50a2,424,1,False,agudo,acima,5,True,0,10,0.05464,0.00618,True,0.04211,,,0.04211,,
esta-2d1080__acc__w424__s1.png,está,esta,esta-2d1080,424,1,False,agudo,acima,3,True,0,211,0.35462,0.11082,True,0.03232,,,0.03232,,
filosofo-6185fc__acc__w424__s1.png,filósofo,filosofo,filosofo-6185fc,424,1,False,agudo,acima,3,True,0,97,0.40756,0.07348,True,0.08553,,,0.08553,,
vies-abb582__acc__w424__s1.png,viés,vies,vies-abb582,424,1,False,agudo,acima,2,True,0,62,0.07159,0.05349,True,0.03714,,,0.03714,,
sera-615740__acc__w424__s1.png,será,sera,sera-615740,424,1,False,agudo,acima,3,True,0,26,0.02728,0.01485,True,0.04717,,,0.04717,,
aqueles-f3aa73__acc__w424__s1.png,àqueles,aqueles,aqueles-f3aa73,424,1,False,grave,acima,0,True,0,15,0.06224,0.02131,True,0.03586,,,0.03586,,
aquele-305a09__acc__w424__s1.png,àquele,aquele,aquele-305a09,424,1,False,grave,acima,0,True,0,42,0.19091,0.05966,True,-0.00917,,,-0.00917,,
aquela-5f0a77__acc__w424__s1.png,àquela,aquela,aquela-5f0a77,424,1,False,grave,acima,0,True,0,41,0.1934,0.04496,True,-0.05286,,,-0.05286,,
aquelas-cda0ac__acc__w424__s1.png,àquelas,aquelas,aquelas-cda0ac,424,1,False,grave,acima,0,True,0,6,0.02299,0.00852,True,0.00403,,,0.00403,,
epoque-f59620__acc__w424__s1.png,èpoque,epoque,epoque-f59620,424,1,False,grave,acima,0,True,0,87,0.27796,0.16731,True,0.02509,,,0.02509,,
importancia-39f2c4__acc__w424__s1.png,importância,importancia,importancia-39f2c4,424,1,False,circunflexo,acima,6,True,0,55,0.17742,0.04889,True,-0.04514,,,-0.04514,,
negligencia-07e163__acc__w424__s1.png,negligência,negligencia,negligencia-07e163,424,1,False,circunflexo,acima,6,True,0,0,0.0,0.0,True,0.0,,,0.0,,
influencia-754992__acc__w424__s1.png,influência,influencia,influencia-754992,424,1,False,circunflexo,acima,5,True,0,17,0.05312,0.01369,True,-0.05638,,,-0.05638,,
ineficiencia-65d1bb__acc__w424__s1.png,ineficiência,ineficiencia,ineficiencia-65d1bb,424,1,False,circunflexo,acima,7,True,0,28,0.10487,0.02627,True,-0.00637,,,-0.00637,,
porque-90c5f0__acc__w424__s1.png,porquê,porque,porque-90c5f0,424,1,False,circunflexo,acima,5,True,0,23,0.12778,0.05215,True,-0.01594,,,-0.01594,,
pode-9faff7__acc__w424__s1.png,pôde,pode,pode-9faff7,424,1,False,circunflexo,acima,1,True,0,30,0.1083,0.02885,True,-0.0293,,,-0.0293,,
depressao-2d26ca__acc__w424__s1.png,depressão,depressao,depressao-2d26ca,424,1,False,til,acima,7,True,0,13,0.04407,0.01474,True,0.03185,,,0.03185,,
cidadaos-88079d__acc__w424__s1.png,cidadãos,cidadaos,cidadaos-88079d,424,1,False,til,acima,5,True,0,152,0.23065,0.08038,True,-0.03071,,,-0.03071,,
questao-72d350__acc__w424__s1.png,questão,questao,questao-72d350,424,1,False,til,acima,5,True,0,69,0.20659,0.07263,True,-0.00253,,,-0.00253,,
exclusao-7a9dad__acc__w424__s1.png,exclusão,exclusao,exclusao-7a9dad,424,1,False,til,acima,6,True,0,42,0.05924,0.02263,True,-0.04626,,,-0.04626,,
regioes-ba061c__acc__w424__s1.png,regiões,regioes,regioes-ba061c,424,1,False,til,acima,4,True,0,7,0.02405,0.01224,True,-0.02033,,,-0.02033,,
visao-ee76db__acc__w424__s1.png,visão,visao,visao-ee76db,424,1,False,til,acima,3,True,0,34,0.0448,0.01735,True,0.00593,,,0.00593,,
doencas-7ee44f__acc__w424__s1.png,doenças,doencas,doencas-7ee44f,424,1,False,cedilha,abaixo,4,True,0,0,0.0,0.0,True,-0.00184,,,-0.00184,,
doenca-0cc034__acc__w424__s1.png,doença,doenca,doenca-0cc034,424,1,False,cedilha,abaixo,4,True,0,7,0.01211,0.01306,True,-0.02004,,,-0.02004,,
espaco-222fe5__acc__w424__s1.png,espaço,espaco,espaco-222fe5,424,1,False,cedilha,abaixo,4,True,0,16,0.03137,0.00847,True,-0.02505,,,-0.02505,,
preco-f110c7__acc__w424__s1.png,preço,preco,preco-f110c7,424,1,False,cedilha,abaixo,3,True,0,5,0.00661,0.00265,True,0.29814,,,0.29814,,
espacos-a321bd__acc__w424__s1.png,espaços,espacos,espacos-a321bd,424,1,False,cedilha,abaixo,4,True,0,17,0.04497,0.00891,True,-0.09069,,,-0.09069,,
presenca-d6581f__acc__w424__s1.png,presença,presenca,presenca-d6581f,424,1,False,cedilha,abaixo,6,True,0,67,0.23024,0.0361,True,0.00978,,,0.00978,,
pais-8b83c1__acc__w375__s1.png,país,pais,pais-8b83c1,375,1,False,agudo,acima,2,True,0,56,0.13861,0.07977,True,0.12273,,,0.12273,,
individuos-2e50a2__acc__w375__s1.png,indivíduos,individuos,individuos-2e50a2,375,1,False,agudo,acima,5,True,0,19,0.08597,0.01199,True,0.01261,,,0.01261,,
esta-2d1080__acc__w375__s1.png,está,esta,esta-2d1080,375,1,False,agudo,acima,3,True,0,254,0.53474,0.11525,True,0.0181,,,0.0181,,
filosofo-6185fc__acc__w375__s1.png,filósofo,filosofo,filosofo-6185fc,375,1,False,agudo,acima,3,True,0,27,0.07438,0.02143,True,0.01695,,,0.01695,,
vies-abb582__acc__w375__s1.png,viés,vies,vies-abb582,375,1,False,agudo,acima,2,True,0,54,0.06758,0.04655,True,-0.02088,,,-0.02088,,
sera-615740__acc__w375__s1.png,será,sera,sera-615740,375,1,False,agudo,acima,3,True,0,9,0.00694,0.01148,True,-0.00371,,,-0.00371,,
aqueles-f3aa73__acc__w375__s1.png,àqueles,aqueles,aqueles-f3aa73,375,1,False,grave,acima,0,True,0,70,0.33019,0.11364,True,0.01186,,,0.01186,,
aquele-305a09__acc__w375__s1.png,àquele,aquele,aquele-305a09,375,1,False,grave,acima,0,True,0,15,0.05703,0.02521,True,-0.11064,,,-0.11064,,
aquela-5f0a77__acc__w375__s1.png,àquela,aquela,aquela-5f0a77,375,1,False,grave,acima,0,True,0,17,0.07692,0.02556,True,-0.00483,,,-0.00483,,
aquelas-cda0ac__acc__w375__s1.png,àquelas,aquelas,aquelas-cda0ac,375,1,False,grave,acima,0,True,0,58,0.20789,0.1014,True,0.00738,,,0.00738,,
epoque-f59620__acc__w375__s1.png,èpoque,epoque,epoque-f59620,375,1,False,grave,acima,0,True,0,78,0.26351,0.1875,True,0.01103,,,0.01103,,
importancia-39f2c4__acc__w375__s1.png,importância,importancia,importancia-39f2c4,375,1,False,circunflexo,acima,6,True,0,105,0.42339,0.08974,True,0.21377,,,0.21377,,
negligencia-07e163__acc__w375__s1.png,negligência,negligencia,negligencia-07e163,375,1,False,circunflexo,acima,6,True,0,17,0.07981,0.0184,True,0.0,,,0.0,,
influencia-754992__acc__w375__s1.png,influência,influencia,influencia-754992,375,1,False,circunflexo,acima,5,True,0,11,0.0449,0.01007,True,-0.03846,,,-0.03846,,
ineficiencia-65d1bb__acc__w375__s1.png,ineficiência,ineficiencia,ineficiencia-65d1bb,375,1,False,circunflexo,acima,7,True,0,47,0.20614,0.04246,True,0.08602,,,0.08602,,
porque-90c5f0__acc__w375__s1.png,porquê,porque,porque-90c5f0,375,1,False,circunflexo,acima,5,True,0,6,0.02113,0.01875,True,0.0,,,0.0,,
pode-9faff7__acc__w375__s1.png,pôde,pode,pode-9faff7,375,1,False,circunflexo,acima,1,True,0,21,0.06158,0.02019,True,-0.04987,,,-0.04987,,
depressao-2d26ca__acc__w375__s1.png,depressão,depressao,depressao-2d26ca,375,1,False,til,acima,7,True,0,26,0.08935,0.02793,True,0.00355,,,0.00355,,
cidadaos-88079d__acc__w375__s1.png,cidadãos,cidadaos,cidadaos-88079d,375,1,False,til,acima,5,True,0,94,0.21029,0.04971,True,-0.098,,,-0.098,,
questao-72d350__acc__w375__s1.png,questão,questao,questao-72d350,375,1,False,til,acima,5,True,0,70,0.24138,0.07,True,-0.0099,,,-0.0099,,
exclusao-7a9dad__acc__w375__s1.png,exclusão,exclusao,exclusao-7a9dad,375,1,False,til,acima,6,True,0,18,0.03309,0.01125,True,0.00163,,,0.00163,,
regioes-ba061c__acc__w375__s1.png,regiões,regioes,regioes-ba061c,375,1,False,til,acima,4,True,0,3,0.01124,0.0062,True,-0.00862,,,-0.00862,,
visao-ee76db__acc__w375__s1.png,visão,visao,visao-ee76db,375,1,False,til,acima,3,True,0,118,0.17101,0.0629,True,0.06544,,,0.06544,,
doencas-7ee44f__acc__w375__s1.png,doenças,doencas,doencas-7ee44f,375,1,False,cedilha,abaixo,4,True,0,4,0.01156,0.01724,True,0.0,,,0.0,,
doenca-0cc034__acc__w375__s1.png,doença,doenca,doenca-0cc034,375,1,False,cedilha,abaixo,4,True,0,18,0.03327,0.13433,True,0.16274,,,0.16274,,
espaco-222fe5__acc__w375__s1.png,espaço,espaco,espaco-222fe5,375,1,False,cedilha,abaixo,4,True,0,35,0.05922,0.01536,True,0.0,,,0.0,,
preco-f110c7__acc__w375__s1.png,preço,preco,preco-f110c7,375,1,False,cedilha,abaixo,3,True,0,22,0.03161,0.01109,True,0.09287,,,0.09287,,
espacos-a321bd__acc__w375__s1.png,espaços,espacos,espacos-a321bd,375,1,False,cedilha,abaixo,4,True,0,13,0.03291,0.00652,True,0.0,,,0.0,,
presenca-d6581f__acc__w375__s1.png,presença,presenca,presenca-d6581f,375,1,False,cedilha,abaixo,6,True,0,50,0.11261,0.02441,True,0.05455,,,0.05455,,
pais-8b83c1__acc__w174__s2.png,país,pais,pais-8b83c1,174,2,False,agudo,acima,2,True,0,33,0.06947,0.05323,True,0.08128,,,0.08128,,
individuos-2e50a2__acc__w174__s2.png,indivíduos,individuos,individuos-2e50a2,174,2,False,agudo,acima,5,True,0,22,0.08365,0.01321,True,-0.0101,,,-0.0101,,
esta-2d1080__acc__w174__s2.png,está,esta,esta-2d1080,174,2,False,agudo,acima,3,True,0,201,0.35893,0.10255,True,0.00509,,,0.00509,,
filosofo-6185fc__acc__w174__s2.png,filósofo,filosofo,filosofo-6185fc,174,2,False,agudo,acima,3,True,0,86,0.48588,0.06061,True,0.0,,,0.0,,
vies-abb582__acc__w174__s2.png,viés,vies,vies-abb582,174,2,False,agudo,acima,2,True,0,25,0.03541,0.0223,True,0.0125,,,0.0125,,
sera-615740__acc__w174__s2.png,será,sera,sera-615740,174,2,False,agudo,acima,3,True,0,4,0.00378,0.00353,True,-0.01167,,,-0.01167,,
aqueles-f3aa73__acc__w174__s2.png,àqueles,aqueles,aqueles-f3aa73,174,2,False,grave,acima,0,True,0,33,0.125,0.04688,True,0.0,,,0.0,,
aquele-305a09__acc__w174__s2.png,àquele,aquele,aquele-305a09,174,2,False,grave,acima,0,True,0,15,0.06383,0.02679,True,0.0,,,0.0,,
aquela-5f0a77__acc__w174__s2.png,àquela,aquela,aquela-5f0a77,174,2,False,grave,acima,0,True,0,7,0.035,0.0098,True,-0.00529,,,-0.00529,,
aquelas-cda0ac__acc__w174__s2.png,àquelas,aquelas,aquelas-cda0ac,174,2,False,grave,acima,0,True,0,25,0.11013,0.03788,True,0.0,,,0.0,,
epoque-f59620__acc__w174__s2.png,èpoque,epoque,epoque-f59620,174,2,False,grave,acima,0,True,0,69,0.2233,0.15972,True,0.01316,,,0.01316,,
importancia-39f2c4__acc__w174__s2.png,importância,importancia,importancia-39f2c4,174,2,False,circunflexo,acima,6,True,0,70,0.30435,0.06261,True,-0.03346,,,-0.03346,,
negligencia-07e163__acc__w174__s2.png,negligência,negligencia,negligencia-07e163,174,2,False,circunflexo,acima,6,True,0,1,0.00469,0.00111,True,0.0,,,0.0,,
influencia-754992__acc__w174__s2.png,influência,influencia,influencia-754992,174,2,False,circunflexo,acima,5,True,0,12,0.04225,0.00912,True,-0.11327,,,-0.11327,,
ineficiencia-65d1bb__acc__w174__s2.png,ineficiência,ineficiencia,ineficiencia-65d1bb,174,2,False,circunflexo,acima,7,True,0,45,0.18145,0.03785,True,-0.06552,,,-0.06552,,
porque-90c5f0__acc__w174__s2.png,porquê,porque,porque-90c5f0,174,2,False,circunflexo,acima,5,True,0,0,0.0,0.0,True,0.0,,,0.0,,
pode-9faff7__acc__w174__s2.png,pôde,pode,pode-9faff7,174,2,False,circunflexo,acima,1,True,0,32,0.0884,0.03119,True,0.02671,,,0.02671,,
depressao-2d26ca__acc__w174__s2.png,depressão,depressao,depressao-2d26ca,174,2,False,til,acima,7,True,0,41,0.21925,0.04184,True,-0.06397,,,-0.06397,,
cidadaos-88079d__acc__w174__s2.png,cidadãos,cidadaos,cidadaos-88079d,174,2,False,til,acima,5,True,0,110,0.19366,0.05817,True,-0.08299,,,-0.08299,,
questao-72d350__acc__w174__s2.png,questão,questao,questao-72d350,174,2,False,til,acima,5,True,0,60,0.2439,0.07353,True,-0.03293,,,-0.03293,,
exclusao-7a9dad__acc__w174__s2.png,exclusão,exclusao,exclusao-7a9dad,174,2,False,til,acima,6,True,0,50,0.08696,0.02688,True,-0.16302,,,-0.16302,,
regioes-ba061c__acc__w174__s2.png,regiões,regioes,regioes-ba061c,174,2,False,til,acima,4,True,0,10,0.03817,0.01709,True,-0.00541,,,-0.00541,,
visao-ee76db__acc__w174__s2.png,visão,visao,visao-ee76db,174,2,False,til,acima,3,True,0,183,0.29233,0.0688,True,0.04595,,,0.04595,,
doencas-7ee44f__acc__w174__s2.png,doenças,doencas,doencas-7ee44f,174,2,False,cedilha,abaixo,4,True,0,1,0.00231,0.00424,True,-0.00605,,,-0.00605,,
doenca-0cc034__acc__w174__s2.png,doença,doenca,doenca-0cc034,174,2,False,cedilha,abaixo,4,True,0,12,0.02218,0.03478,True,-0.0474,,,-0.0474,,
espaco-222fe5__acc__w174__s2.png,espaço,espaco,espaco-222fe5,174,2,False,cedilha,abaixo,4,True,0,0,0.0,0.0,True,-0.06953,,,-0.06953,,
preco-f110c7__acc__w174__s2.png,preço,preco,preco-f110c7,174,2,False,cedilha,abaixo,3,True,0,25,0.03521,0.01222,True,0.00903,,,0.00903,,
espacos-a321bd__acc__w174__s2.png,espaços,espacos,espacos-a321bd,174,2,False,cedilha,abaixo,4,True,0,7,0.02053,0.00381,True,-0.0054,,,-0.0054,,
presenca-d6581f__acc__w174__s2.png,presença,presenca,presenca-d6581f,174,2,False,cedilha,abaixo,6,True,0,78,0.17489,0.03641,True,0.10684,,,0.10684,,
pais-8b83c1__acc__w32__s2.png,país,pais,pais-8b83c1,32,2,False,agudo,acima,2,True,0,83,0.21392,0.1044,True,0.08242,,,0.08242,,
individuos-2e50a2__acc__w32__s2.png,indivíduos,individuos,individuos-2e50a2,32,2,False,agudo,acima,5,True,0,6,0.02765,0.00371,True,-0.01288,,,-0.01288,,
esta-2d1080__acc__w32__s2.png,está,esta,esta-2d1080,32,2,False,agudo,acima,3,True,0,222,0.35294,0.1166,True,0.04384,,,0.04384,,
filosofo-6185fc__acc__w32__s2.png,filósofo,filosofo,filosofo-6185fc,32,2,False,agudo,acima,3,True,0,75,0.25168,0.0641,True,0.01887,,,0.01887,,
vies-abb582__acc__w32__s2.png,viés,vies,vies-abb582,32,2,False,agudo,acima,2,True,0,72,0.07539,0.06557,True,-0.04615,,,-0.04615,,
sera-615740__acc__w32__s2.png,será,sera,sera-615740,32,2,False,agudo,acima,3,True,0,0,0.0,0.0,True,0.0,,,0.0,,
aqueles-f3aa73__acc__w32__s2.png,àqueles,aqueles,aqueles-f3aa73,32,2,False,grave,acima,0,True,0,32,0.12167,0.04969,True,-0.05263,,,-0.05263,,
aquele-305a09__acc__w32__s2.png,àquele,aquele,aquele-305a09,32,2,False,grave,acima,0,True,0,47,0.21364,0.0601,True,-0.00847,,,-0.00847,,
aquela-5f0a77__acc__w32__s2.png,àquela,aquela,aquela-5f0a77,32,2,False,grave,acima,0,True,0,49,0.2,0.06266,True,-0.02991,,,-0.02991,,
aquelas-cda0ac__acc__w32__s2.png,àquelas,aquelas,aquelas-cda0ac,32,2,False,grave,acima,0,True,0,60,0.15544,0.09917,True,-0.07438,,,-0.07438,,
epoque-f59620__acc__w32__s2.png,èpoque,epoque,epoque-f59620,32,2,False,grave,acima,0,True,0,64,0.13361,0.15496,True,-0.01613,,,-0.01613,,
importancia-39f2c4__acc__w32__s2.png,importância,importancia,importancia-39f2c4,32,2,False,circunflexo,acima,6,True,0,76,0.30769,0.06756,True,0.02198,,,0.02198,,
negligencia-07e163__acc__w32__s2.png,negligência,negligencia,negligencia-07e163,32,2,False,circunflexo,acima,6,True,0,1,0.00498,0.00114,True,-0.04082,,,-0.04082,,
influencia-754992__acc__w32__s2.png,influência,influencia,influencia-754992,32,2,False,circunflexo,acima,5,True,0,9,0.02752,0.00725,True,-0.03607,,,-0.03607,,
ineficiencia-65d1bb__acc__w32__s2.png,ineficiência,ineficiencia,ineficiencia-65d1bb,32,2,False,circunflexo,acima,7,True,0,36,0.13091,0.03377,True,0.08163,,,0.08163,,
porque-90c5f0__acc__w32__s2.png,porquê,porque,porque-90c5f0,32,2,False,circunflexo,acima,5,True,0,71,0.22468,0.15139,True,0.03636,,,0.03636,,
pode-9faff7__acc__w32__s2.png,pôde,pode,pode-9faff7,32,2,False,circunflexo,acima,1,True,0,51,0.16832,0.04293,True,-0.04743,,,-0.04743,,
depressao-2d26ca__acc__w32__s2.png,depressão,depressao,depressao-2d26ca,32,2,False,til,acima,7,True,0,3,0.00915,0.00339,True,0.0,,,0.0,,
cidadaos-88079d__acc__w32__s2.png,cidadãos,cidadaos,cidadaos-88079d,32,2,False,til,acima,5,True,0,81,0.10672,0.04579,True,-0.11681,,,-0.11681,,
questao-72d350__acc__w32__s2.png,questão,questao,questao-72d350,32,2,False,til,acima,5,True,0,80,0.32,0.08163,True,-0.02111,,,-0.02111,,
exclusao-7a9dad__acc__w32__s2.png,exclusão,exclusao,exclusao-7a9dad,32,2,False,til,acima,6,True,0,17,0.03307,0.01032,True,-0.01832,,,-0.01832,,
regioes-ba061c__acc__w32__s2.png,regiões,regioes,regioes-ba061c,32,2,False,til,acima,4,True,0,12,0.04858,0.02273,True,0.00712,,,0.00712,,
visao-ee76db__acc__w32__s2.png,visão,visao,visao-ee76db,32,2,False,til,acima,3,True,0,3,0.00563,0.00151,True,-0.01182,,,-0.01182,,
doencas-7ee44f__acc__w32__s2.png,doenças,doencas,doencas-7ee44f,32,2,False,cedilha,abaixo,4,True,0,1,0.0019,0.00278,True,-0.00778,,,-0.00778,,
doenca-0cc034__acc__w32__s2.png,doença,doenca,doenca-0cc034,32,2,False,cedilha,abaixo,4,True,0,0,0.0,0.0,True,-0.00426,,,-0.00426,,
espaco-222fe5__acc__w32__s2.png,espaço,espaco,espaco-222fe5,32,2,False,cedilha,abaixo,4,True,0,9,0.01679,0.00476,True,0.0,,,0.0,,
preco-f110c7__acc__w32__s2.png,preço,preco,preco-f110c7,32,2,False,cedilha,abaixo,3,True,0,8,0.01024,0.00431,True,0.21627,,,0.21627,,
espacos-a321bd__acc__w32__s2.png,espaços,espacos,espacos-a321bd,32,2,False,cedilha,abaixo,4,True,0,11,0.0288,0.00593,True,-0.05044,,,-0.05044,,
presenca-d6581f__acc__w32__s2.png,presença,presenca,presenca-d6581f,32,2,False,cedilha,abaixo,6,True,0,19,0.05491,0.0099,True,-0.03,,,-0.03,,
pais-8b83c1__acc__w424__s2.png,país,pais,pais-8b83c1,424,2,False,agudo,acima,2,True,0,83,0.22432,0.09881,True,-0.04202,,,-0.04202,,
individuos-2e50a2__acc__w424__s2.png,indivíduos,individuos,individuos-2e50a2,424,2,False,agudo,acima,5,True,0,0,0.0,0.0,True,-0.01389,,,-0.01389,,
esta-2d1080__acc__w424__s2.png,está,esta,esta-2d1080,424,2,False,agudo,acima,3,True,0,216,0.4586,0.10425,True,0.02685,,,0.02685,,
filosofo-6185fc__acc__w424__s2.png,filósofo,filosofo,filosofo-6185fc,424,2,False,agudo,acima,3,True,0,84,0.43979,0.06563,True,0.07692,,,0.07692,,
vies-abb582__acc__w424__s2.png,viés,vies,vies-abb582,424,2,False,agudo,acima,2,True,0,35,0.0365,0.02732,True,0.03439,,,0.03439,,
sera-615740__acc__w424__s2.png,será,sera,sera-615740,424,2,False,agudo,acima,3,True,0,32,0.026,0.01814,True,0.02871,,,0.02871,,
aqueles-f3aa73__acc__w424__s2.png,àqueles,aqueles,aqueles-f3aa73,424,2,False,grave,acima,0,True,0,11,0.03526,0.01471,True,0.00717,,,0.00717,,
aquele-305a09__acc__w424__s2.png,àquele,aquele,aquele-305a09,424,2,False,grave,acima,0,True,0,41,0.21466,0.05609,True,-0.03226,,,-0.03226,,
aquela-5f0a77__acc__w424__s2.png,àquela,aquela,aquela-5f0a77,424,2,False,grave,acima,0,True,0,7,0.03743,0.01144,True,-0.23596,,,-0.23596,,
aquelas-cda0ac__acc__w424__s2.png,àquelas,aquelas,aquelas-cda0ac,424,2,False,grave,acima,0,True,0,0,0.0,0.0,True,0.0,,,0.0,,
epoque-f59620__acc__w424__s2.png,èpoque,epoque,epoque-f59620,424,2,False,grave,acima,0,True,0,103,0.34333,0.19808,True,0.00935,,,0.00935,,
importancia-39f2c4__acc__w424__s2.png,importância,importancia,importancia-39f2c4,424,2,False,circunflexo,acima,6,True,0,67,0.28511,0.05726,True,0.01255,,,0.01255,,
negligencia-07e163__acc__w424__s2.png,negligência,negligencia,negligencia-07e163,424,2,False,circunflexo,acima,6,True,0,3,0.01402,0.00325,True,0.0,,,0.0,,
influencia-754992__acc__w424__s2.png,influência,influencia,influencia-754992,424,2,False,circunflexo,acima,5,True,0,15,0.06912,0.01101,True,-0.06273,,,-0.06273,,
ineficiencia-65d1bb__acc__w424__s2.png,ineficiência,ineficiencia,ineficiencia-65d1bb,424,2,False,circunflexo,acima,7,True,0,20,0.08264,0.01764,True,0.01829,,,0.01829,,
porque-90c5f0__acc__w424__s2.png,porquê,porque,porque-90c5f0,424,2,False,circunflexo,acima,5,True,0,30,0.12048,0.09091,True,-0.00327,,,-0.00327,,
pode-9faff7__acc__w424__s2.png,pôde,pode,pode-9faff7,424,2,False,circunflexo,acima,1,True,0,32,0.09816,0.03077,True,-0.00358,,,-0.00358,,
depressao-2d26ca__acc__w424__s2.png,depressão,depressao,depressao-2d26ca,424,2,False,til,acima,7,True,0,5,0.01931,0.007,True,-0.02745,,,-0.02745,,
cidadaos-88079d__acc__w424__s2.png,cidadãos,cidadaos,cidadaos-88079d,424,2,False,til,acima,5,True,0,111,0.17903,0.05968,True,-0.12264,,,-0.12264,,
questao-72d350__acc__w424__s2.png,questão,questao,questao-72d350,424,2,False,til,acima,5,True,0,84,0.30882,0.0875,True,0.0,,,0.0,,
exclusao-7a9dad__acc__w424__s2.png,exclusão,exclusao,exclusao-7a9dad,424,2,False,til,acima,6,True,0,33,0.05509,0.02063,True,0.02381,,,0.02381,,
regioes-ba061c__acc__w424__s2.png,regiões,regioes,regioes-ba061c,424,2,False,til,acima,4,True,0,10,0.05076,0.01623,True,-0.01604,,,-0.01604,,
visao-ee76db__acc__w424__s2.png,visão,visao,visao-ee76db,424,2,False,til,acima,3,True,0,65,0.07711,0.02811,True,-0.02573,,,-0.02573,,
doencas-7ee44f__acc__w424__s2.png,doenças,doencas,doencas-7ee44f,424,2,False,cedilha,abaixo,4,True,0,0,0.0,0.0,True,-0.00214,,,-0.00214,,
doenca-0cc034__acc__w424__s2.png,doença,doenca,doenca-0cc034,424,2,False,cedilha,abaixo,4,True,0,0,0.0,0.0,True,-0.00338,,,-0.00338,,
espaco-222fe5__acc__w424__s2.png,espaço,espaco,espaco-222fe5,424,2,False,cedilha,abaixo,4,True,0,0,0.0,0.0,True,0.11111,,,0.11111,,
preco-f110c7__acc__w424__s2.png,preço,preco,preco-f110c7,424,2,False,cedilha,abaixo,3,True,0,9,0.01503,0.00426,True,0.10687,,,0.10687,,
espacos-a321bd__acc__w424__s2.png,espaços,espacos,espacos-a321bd,424,2,False,cedilha,abaixo,4,True,0,6,0.02222,0.00306,True,0.0,,,0.0,,
presenca-d6581f__acc__w424__s2.png,presença,presenca,presenca-d6581f,424,2,False,cedilha,abaixo,6,True,0,19,0.0468,0.00887,True,0.08192,,,0.08192,,
pais-8b83c1__acc__w375__s2.png,país,pais,pais-8b83c1,375,2,False,agudo,acima,2,True,0,58,0.10642,0.09355,True,0.26829,,,0.26829,,
individuos-2e50a2__acc__w375__s2.png,indivíduos,individuos,individuos-2e50a2,375,2,False,agudo,acima,5,True,0,22,0.15603,0.01321,True,-0.01639,,,-0.01639,,
esta-2d1080__acc__w375__s2.png,está,esta,esta-2d1080,375,2,False,agudo,acima,3,True,0,232,0.57002,0.10526,True,0.05023,,,0.05023,,
filosofo-6185fc__acc__w375__s2.png,filósofo,filosofo,filosofo-6185fc,375,2,False,agudo,acima,3,True,0,27,0.14211,0.02143,True,0.01674,,,0.01674,,
vies-abb582__acc__w375__s2.png,viés,vies,vies-abb582,375,2,False,agudo,acima,2,True,0,24,0.03065,0.01905,True,0.00897,,,0.00897,,
sera-615740__acc__w375__s2.png,será,sera,sera-615740,375,2,False,agudo,acima,3,True,0,14,0.0158,0.00858,True,0.00333,,,0.00333,,
aqueles-f3aa73__acc__w375__s2.png,àqueles,aqueles,aqueles-f3aa73,375,2,False,grave,acima,0,True,0,6,0.02091,0.00852,True,0.0073,,,0.0073,,
aquele-305a09__acc__w375__s2.png,àquele,aquele,aquele-305a09,375,2,False,grave,acima,0,True,0,42,0.19178,0.05615,True,0.0,,,0.0,,
aquela-5f0a77__acc__w375__s2.png,àquela,aquela,aquela-5f0a77,375,2,False,grave,acima,0,True,0,51,0.2602,0.06439,True,0.0,,,0.0,,
aquelas-cda0ac__acc__w375__s2.png,àquelas,aquelas,aquelas-cda0ac,375,2,False,grave,acima,0,True,0,5,0.01724,0.0071,True,0.0,,,0.0,,
epoque-f59620__acc__w375__s2.png,èpoque,epoque,epoque-f59620,375,2,False,grave,acima,0,True,0,59,0.18671,0.11346,True,0.0,,,0.0,,
importancia-39f2c4__acc__w375__s2.png,importância,importancia,importancia-39f2c4,375,2,False,circunflexo,acima,6,True,0,59,0.29353,0.05043,True,-0.02033,,,-0.02033,,
negligencia-07e163__acc__w375__s2.png,negligência,negligencia,negligencia-07e163,375,2,False,circunflexo,acima,6,True,0,0,0.0,0.0,True,0.0,,,0.0,,
influencia-754992__acc__w375__s2.png,influência,influencia,influencia-754992,375,2,False,circunflexo,acima,5,True,0,11,0.04435,0.00849,True,-0.10606,,,-0.10606,,
ineficiencia-65d1bb__acc__w375__s2.png,ineficiência,ineficiencia,ineficiencia-65d1bb,375,2,False,circunflexo,acima,7,True,0,50,0.20408,0.04517,True,0.07071,,,0.07071,,
porque-90c5f0__acc__w375__s2.png,porquê,porque,porque-90c5f0,375,2,False,circunflexo,acima,5,True,0,0,0.0,0.0,True,-0.16443,,,-0.16443,,
pode-9faff7__acc__w375__s2.png,pôde,pode,pode-9faff7,375,2,False,circunflexo,acima,1,True,0,25,0.07911,0.02437,True,-0.06719,,,-0.06719,,
depressao-2d26ca__acc__w375__s2.png,depressão,depressao,depressao-2d26ca,375,2,False,til,acima,7,True,0,0,0.0,0.0,True,-0.00792,,,-0.00792,,
cidadaos-88079d__acc__w375__s2.png,cidadãos,cidadaos,cidadaos-88079d,375,2,False,til,acima,5,True,0,140,0.24867,0.07778,True,-0.07328,,,-0.07328,,
questao-72d350__acc__w375__s2.png,questão,questao,questao-72d350,375,2,False,til,acima,5,True,0,69,0.2875,0.1036,True,-0.00435,,,-0.00435,,
exclusao-7a9dad__acc__w375__s2.png,exclusão,exclusao,exclusao-7a9dad,375,2,False,til,acima,6,True,0,34,0.05893,0.02076,True,0.07143,,,0.07143,,
regioes-ba061c__acc__w375__s2.png,regiões,regioes,regioes-ba061c,375,2,False,til,acima,4,True,0,17,0.06439,0.02698,True,-0.00373,,,-0.00373,,
visao-ee76db__acc__w375__s2.png,visão,visao,visao-ee76db,375,2,False,til,acima,3,True,0,54,0.06827,0.02738,True,0.00694,,,0.00694,,
doencas-7ee44f__acc__w375__s2.png,doenças,doencas,doencas-7ee44f,375,2,False,cedilha,abaixo,4,True,0,22,0.04741,0.12222,True,0.08048,,,0.08048,,
doenca-0cc034__acc__w375__s2.png,doença,doenca,doenca-0cc034,375,2,False,cedilha,abaixo,4,True,0,2,0.00351,0.01449,True,0.11111,,,0.11111,,
espaco-222fe5__acc__w375__s2.png,espaço,espaco,espaco-222fe5,375,2,False,cedilha,abaixo,4,True,0,0,0.0,0.0,True,-0.02075,,,-0.02075,,
preco-f110c7__acc__w375__s2.png,preço,preco,preco-f110c7,375,2,False,cedilha,abaixo,3,True,0,23,0.0285,0.01179,True,0.39036,,,0.39036,,
espacos-a321bd__acc__w375__s2.png,espaços,espacos,espacos-a321bd,375,2,False,cedilha,abaixo,4,True,0,21,0.06625,0.01132,True,-0.03061,,,-0.03061,,
presenca-d6581f__acc__w375__s2.png,presença,presenca,presenca-d6581f,375,2,False,cedilha,abaixo,6,True,0,46,0.11646,0.02355,True,0.04688,,,0.04688,,
