grupo,marca,palavra,e1,dissim_global,dissim_local,psnr_global,psnr_local,motivo
NEG-gerador,agudo,país,0.130058,0.179461,0.488654,-21.6945,-17.5274,ok
POS-pintado,agudo,país,0.138728,0.013058,0.172151,-25.5613,-13.4474,ok
NEG-deslocado,agudo,país,0.014451,0.008721,0.02341,-27.2095,-19.6446,ok
NEG-deriva,agudo,país,-0.017341,0.240809,0.305934,-20.2664,-17.2728,ok
NEG-deriva,agudo,país,-0.037572,0.19723,0.249821,-21.0381,-22.3212,ok
NEG-gerador,agudo,indivíduos,-0.009434,0.070467,0.027867,-24.8655,-35.9141,ok
POS-pintado,agudo,indivíduos,0.212264,0.012511,0.092393,-25.6857,-15.539,ok
NEG-deslocado,agudo,indivíduos,0.113208,0.012874,0.035216,-25.7174,-18.2367,ok
NEG-deriva,agudo,indivíduos,0.0,0.317928,0.160511,-17.4825,-26.9034,ok
NEG-deriva,agudo,indivíduos,0.075472,0.241738,0.097578,-18.85,-25.4335,ok
NEG-gerador,agudo,está,0.020513,0.044326,0.024141,-26.9713,-31.17,ok
POS-pintado,agudo,está,0.084615,0.012215,0.06871,-26.1003,-17.12,ok
NEG-deslocado,agudo,está,-0.020513,0.015655,0.0,-24.1578,-120.0,ok
NEG-deriva,agudo,está,0.066667,0.160692,0.263992,-21.69,-21.3549,ok
NEG-deriva,agudo,está,0.112821,0.176558,0.418511,-19.8982,-13.7718,ok
NEG-gerador,agudo,filósofo,-0.014815,0.290906,0.069287,-19.21,-28.6054,ok
POS-pintado,agudo,filósofo,0.122222,0.010205,0.111788,-27.0316,-15.422,ok
NEG-deslocado,agudo,filósofo,0.055556,0.010118,0.039428,-27.0431,-18.0655,ok
NEG-deriva,agudo,filósofo,0.133333,0.380337,0.366147,-16.7288,-20.2628,ok
NEG-deriva,agudo,filósofo,0.062963,0.396442,0.183798,-16.9571,-19.0696,ok
NEG-gerador,agudo,viés,-0.025381,0.068467,0.124897,-25.8723,-27.6805,ok
POS-pintado,agudo,viés,0.128596,0.018202,0.244542,-23.0958,-11.7326,ok
NEG-deslocado,agudo,viés,0.084602,0.018921,0.094001,-22.1399,-13.577,ok
NEG-deriva,agudo,viés,-0.027073,0.3493,0.35205,-15.7166,-19.5964,ok
NEG-deriva,agudo,viés,-0.054146,0.242065,0.265366,-17.8987,-20.5998,ok
NEG-gerador,agudo,será,0.043619,0.30044,0.144387,-19.103,-25.1438,ok
POS-pintado,agudo,será,0.418417,0.026613,0.462946,-18.1216,-6.2591,ok
NEG-deslocado,agudo,será,-0.008078,0.028196,0.0,-18.4874,-120.0,ok
NEG-deriva,agudo,será,0.145396,0.608552,0.499168,-13.6884,-14.8987,ok
NEG-deriva,agudo,será,-0.021002,0.501154,0.372214,-15.5638,-19.0349,ok
NEG-gerador,grave,àqueles,-0.018779,0.038328,0.033827,-29.0411,-34.0212,ok
POS-pintado,grave,àqueles,0.239437,0.012683,0.332764,-25.0644,-11.1156,ok
NEG-deslocado,grave,àqueles,-0.004695,0.01211,0.0,-25.3301,-120.0,ok
NEG-deriva,grave,àqueles,0.201878,0.223322,0.362698,-18.74,-18.4799,ok
NEG-deriva,grave,àqueles,0.13615,0.228777,0.262151,-18.2424,-19.9447,ok
NEG-gerador,grave,àquele,-0.018018,0.037444,0.015295,-31.398,-35.0765,ok
POS-pintado,grave,àquele,0.09009,0.007629,0.172445,-28.5676,-14.7993,ok
NEG-deslocado,grave,àquele,-0.004505,0.011147,0.0,-26.4674,-120.0,ok
NEG-deriva,grave,àquele,0.054054,0.330009,0.448502,-16.3456,-16.1345,ok
NEG-deriva,grave,àquele,-0.036036,0.183741,0.327515,-20.2311,-18.2198,ok
NEG-gerador,grave,àquela,0.005,0.015646,0.010394,-31.3298,-38.3973,ok
POS-pintado,grave,àquela,0.1,0.007941,0.174275,-28.337,-14.6685,ok
NEG-deslocado,grave,àquela,-0.01,0.011194,0.0,-26.33,-120.0,ok
NEG-deriva,grave,àquela,0.02,0.189457,0.1121,-19.1334,-24.8132,ok
NEG-deriva,grave,àquela,-0.21,0.162067,0.334311,-21.0224,-18.6531,ok
NEG-gerador,grave,àquelas,-0.005405,0.094303,0.051691,-24.7533,-32.8618,ok
POS-pintado,grave,àquelas,0.281081,0.013048,0.428923,-25.0958,-10.5255,ok
NEG-deslocado,grave,àquelas,0.0,0.012026,0.0,-25.5343,-120.0,ok
NEG-deriva,grave,àquelas,0.524324,0.456717,0.716394,-15.7429,-13.5547,ok
NEG-deriva,grave,àquelas,0.075676,0.242962,0.109925,-19.0897,-27.6401,ok
NEG-gerador,grave,èpoque,-0.006757,0.137614,0.164541,-21.651,-23.5172,ok
POS-pintado,grave,èpoque,0.128378,0.006958,0.367778,-26.0171,-10.3075,ok
NEG-deslocado,grave,èpoque,-0.006757,0.008524,0.0,-24.5989,-120.0,ok
NEG-deriva,grave,èpoque,0.111486,0.521135,0.910184,-14.7232,-12.7658,ok
NEG-deriva,grave,èpoque,-0.023649,0.273232,0.148222,-18.1685,-24.6481,ok
NEG-gerador,circunflexo,importância,0.0,0.174981,0.181234,-21.0916,-28.0047,ok
POS-pintado,circunflexo,importância,0.09375,0.009764,0.101885,-28.2173,-16.5575,ok
NEG-deslocado,circunflexo,importância,0.03125,0.006831,0.035588,-30.1604,-20.1818,ok
NEG-deriva,circunflexo,importância,0.039062,0.238034,0.150477,-18.9332,-21.0223,ok
NEG-deriva,circunflexo,importância,0.140625,0.25268,0.336133,-18.5918,-15.3458,ok
NEG-gerador,circunflexo,negligência,0.0,0.111586,0.013009,-24.1409,-36.2102,ok
POS-pintado,circunflexo,negligência,0.183962,0.011761,0.162189,-26.3177,-13.9279,ok
NEG-deslocado,circunflexo,negligência,0.099057,0.011121,0.059701,-26.3292,-16.6136,ok
NEG-deriva,circunflexo,negligência,0.037736,0.268802,0.05102,-18.777,-26.9159,ok
NEG-deriva,circunflexo,negligência,0.014151,0.259375,0.023455,-19.311,-38.2185,ok
NEG-gerador,circunflexo,influência,-0.04386,0.201407,0.144139,-19.7664,-26.9399,ok
POS-pintado,circunflexo,influência,0.122807,0.011845,0.122481,-26.0588,-14.7853,ok
NEG-deslocado,circunflexo,influência,0.067251,0.012341,0.048114,-25.8491,-17.3147,ok
NEG-deriva,circunflexo,influência,0.0,0.375573,0.044009,-16.1615,-31.6339,ok
NEG-deriva,circunflexo,influência,0.05848,0.305131,0.134153,-16.7353,-23.0432,ok
NEG-gerador,circunflexo,ineficiência,0.064516,0.197337,0.102163,-19.7247,-23.7173,ok
POS-pintado,circunflexo,ineficiência,0.11828,0.010063,0.122977,-26.9503,-15.0836,ok
NEG-deslocado,circunflexo,ineficiência,-0.003584,0.011161,0.0,-26.3265,-120.0,ok
NEG-deriva,circunflexo,ineficiência,0.010753,0.299993,0.043342,-17.8663,-29.1916,ok
NEG-deriva,circunflexo,ineficiência,0.060932,0.335489,0.100927,-17.6452,-23.2466,ok
NEG-gerador,circunflexo,porquê,-0.074405,0.379461,0.289517,-16.0485,-18.9193,janela 5
POS-pintado,circunflexo,porquê,0.178571,0.007216,0.447781,-24.429,-7.5996,janela 5
NEG-deslocado,circunflexo,porquê,-0.008929,0.007387,0.0,-23.3442,-120.0,janela 5
NEG-deriva,circunflexo,porquê,0.080357,0.368229,0.310154,-17.0917,-18.6985,janela 5
NEG-deriva,circunflexo,porquê,-0.110119,0.412677,0.490004,-15.8919,-15.8605,janela 5
NEG-gerador,circunflexo,pôde,-0.185606,0.15689,0.178199,-20.9895,-17.5192,ok
POS-pintado,circunflexo,pôde,0.200758,0.013738,0.190379,-24.4282,-12.537,ok
NEG-deslocado,circunflexo,pôde,0.037879,0.012574,0.0648,-25.6599,-17.3774,ok
NEG-deriva,circunflexo,pôde,-0.185606,0.193468,0.235223,-18.8048,-16.3386,ok
NEG-deriva,circunflexo,pôde,-0.238636,0.208739,0.237404,-19.0264,-16.3327,ok
NEG-gerador,til,depressão,-0.009934,0.221104,0.01338,-18.3865,-35.4135,ok
POS-pintado,til,depressão,0.198675,0.014279,0.243966,-24.4093,-11.7198,ok
NEG-deslocado,til,depressão,0.0,0.013189,0.0,-25.0298,-120.0,ok
NEG-deriva,til,depressão,0.0,0.2505,0.019167,-17.3455,-35.0224,ok
NEG-deriva,til,depressão,0.029801,0.310448,0.086957,-16.3145,-25.6581,ok
NEG-gerador,til,cidadãos,-0.085145,0.265359,0.415993,-18.086,-15.1237,ok
POS-pintado,til,cidadãos,0.103261,0.015208,0.123724,-24.3477,-14.4566,ok
NEG-deslocado,til,cidadãos,-0.012681,0.018806,0.0,-22.4701,-120.0,ok
NEG-deriva,til,cidadãos,-0.021739,0.375199,0.251522,-16.1988,-18.3714,ok
NEG-deriva,til,cidadãos,-0.074275,0.323964,0.266054,-17.2545,-18.2544,ok
NEG-gerador,til,questão,-0.002353,0.226792,0.202526,-19.2811,-27.6179,ok
POS-pintado,til,questão,0.136471,0.013566,0.283902,-24.7482,-11.6349,ok
NEG-deslocado,til,questão,-0.004706,0.013769,0.0,-24.6088,-120.0,ok
NEG-deriva,til,questão,0.016471,0.267932,0.23121,-17.8069,-21.0753,ok
NEG-deriva,til,questão,0.004706,0.210918,0.127552,-19.1501,-24.9325,ok
NEG-gerador,til,exclusão,0.005505,0.224999,0.036532,-19.1535,-29.4065,ok
POS-pintado,til,exclusão,0.137615,0.016603,0.133862,-23.3909,-13.3203,ok
NEG-deslocado,til,exclusão,-0.001835,0.013689,0.0,-25.0147,-120.0,ok
NEG-deriva,til,exclusão,-0.016514,0.35733,0.0985,-16.7639,-20.6457,ok
NEG-deriva,til,exclusão,0.055046,0.361262,0.255473,-17.196,-21.8258,ok
NEG-gerador,til,regiões,-0.0369,0.169584,0.097457,-20.8192,-22.3697,ok
POS-pintado,til,regiões,0.143911,0.009084,0.486678,-26.3381,-10.2684,ok
NEG-deslocado,til,regiões,0.062731,0.008788,0.171557,-26.8963,-13.9775,ok
NEG-deriva,til,regiões,-0.01476,0.225222,0.056026,-19.3449,-26.1224,ok
NEG-deriva,til,regiões,-0.02214,0.221888,0.18271,-20.0074,-19.458,ok
NEG-gerador,til,visão,0.033557,0.244207,0.055905,-18.3391,-25.5095,ok
POS-pintado,til,visão,0.167785,0.022066,0.155767,-21.1917,-11.9076,ok
NEG-deslocado,til,visão,0.05906,0.016842,0.062598,-24.1061,-16.5342,ok
NEG-deriva,til,visão,-0.026846,0.414532,0.043039,-14.9734,-28.3904,ok
NEG-deriva,til,visão,0.009396,0.279499,0.03578,-17.568,-29.5688,ok
NEG-gerador,cedilha,doenças,-0.002688,0.119729,0.225009,-21.1384,-28.8956,janela 3
POS-pintado,cedilha,doenças,0.134409,0.006298,0.325884,-23.1699,-5.5872,janela 3
NEG-deslocado,cedilha,doenças,0.072581,0.007383,0.151735,-23.1235,-8.3986,janela 3
NEG-deriva,cedilha,doenças,0.010753,0.212492,0.288926,-17.6634,-26.3784,janela 3
NEG-deriva,cedilha,doenças,-0.002688,0.225676,0.161844,-17.8865,-32.0961,janela 3
NEG-gerador,cedilha,doença,0.021448,0.190316,0.321305,-18.8759,-18.4727,janela 5
POS-pintado,cedilha,doença,0.203753,0.006514,0.403366,-23.4402,-6.9308,janela 5
NEG-deslocado,cedilha,doença,0.0,0.006498,0.0,-23.6457,-120.0,janela 5
NEG-deriva,cedilha,doença,0.002681,0.386976,0.327608,-14.9358,-22.0029,janela 5
NEG-deriva,cedilha,doença,0.147453,0.391076,0.758352,-14.8227,-12.1097,janela 5
NEG-gerador,cedilha,espaço,0.0,0.443814,0.003312,-15.5425,-56.5669,ok
POS-pintado,cedilha,espaço,0.189041,0.023987,0.157322,-20.786,-11.7466,ok
NEG-deslocado,cedilha,espaço,0.0,0.023568,0.0,-21.0791,-120.0,ok
NEG-deriva,cedilha,espaço,0.0,0.509886,0.027582,-14.6089,-50.5873,ok
NEG-deriva,cedilha,espaço,0.0,0.556636,0.138209,-15.0414,-34.3218,ok
NEG-gerador,cedilha,preço,0.130125,0.165551,0.101995,-19.6581,-20.8073,ok
POS-pintado,cedilha,preço,0.167558,0.019509,0.109677,-22.5056,-13.738,ok
NEG-deslocado,cedilha,preço,0.087344,0.01849,0.043108,-22.4469,-16.4614,ok
NEG-deriva,cedilha,preço,0.024955,0.409129,0.043676,-14.6446,-30.9966,ok
NEG-deriva,cedilha,preço,0.176471,0.231214,0.146808,-17.8664,-19.4877,ok
NEG-gerador,cedilha,espaços,-0.001953,0.46605,0.03149,-15.5707,-32.1063,ok
POS-pintado,cedilha,espaços,0.185547,0.018333,0.124929,-22.4061,-13.0995,ok
NEG-deslocado,cedilha,espaços,0.097656,0.018081,0.049885,-22.4292,-15.9121,ok
NEG-deriva,cedilha,espaços,0.0625,0.369298,0.08211,-15.9211,-22.9512,ok
NEG-deriva,cedilha,espaços,0.166016,0.430729,0.147581,-15.2182,-19.6656,ok
NEG-gerador,cedilha,presença,-0.020882,0.347021,0.03147,-15.7971,-32.0567,ok
POS-pintado,cedilha,presença,0.220418,0.018668,0.127839,-22.4115,-13.0319,ok
NEG-deslocado,cedilha,presença,0.0,0.018381,0.0,-22.4363,-120.0,ok
NEG-deriva,cedilha,presença,0.12297,0.397448,0.114795,-15.7088,-20.1886,ok
NEG-deriva,cedilha,presença,0.011601,0.25545,0.03286,-17.9215,-33.0665,ok
NEG-gerador,agudo,país,-0.018519,0.335108,0.715652,-15.8129,-16.6518,ok
POS-pintado,agudo,país,0.185185,0.01245,0.416213,-25.0406,-10.3783,ok
NEG-deslocado,agudo,país,0.096296,0.012277,0.151526,-25.0538,-13.0872,ok
NEG-deriva,agudo,país,-0.051852,0.109963,0.159959,-22.7036,-21.5833,ok
NEG-deriva,agudo,país,0.044444,0.302687,0.468494,-17.3885,-15.5473,ok
NEG-gerador,agudo,indivíduos,-0.04878,0.114034,0.095911,-23.1536,-31.0309,ok
POS-pintado,agudo,indivíduos,0.268293,0.012539,0.084109,-25.6697,-15.8682,ok
NEG-deslocado,agudo,indivíduos,0.140244,0.012445,0.032025,-25.6888,-18.6203,ok
NEG-deriva,agudo,indivíduos,-0.079268,0.25406,0.108404,-18.5532,-31.0598,ok
NEG-deriva,agudo,indivíduos,0.146341,0.321525,0.21905,-17.2511,-22.4271,ok
NEG-gerador,agudo,está,0.0,0.016759,0.013357,-32.431,-32.4327,ok
POS-pintado,agudo,está,0.094086,0.012013,0.062472,-25.9943,-17.3951,ok
NEG-deslocado,agudo,está,-0.024194,0.014742,0.0,-24.9391,-120.0,ok
NEG-deriva,agudo,está,0.021505,0.200748,0.340933,-20.4372,-21.4817,ok
NEG-deriva,agudo,está,0.110215,0.189747,0.366237,-19.5468,-18.3652,ok
NEG-gerador,agudo,filósofo,0.06,0.069086,0.046951,-26.5438,-27.8364,ok
POS-pintado,agudo,filósofo,0.185,0.01141,0.11345,-26.2914,-15.0533,ok
NEG-deslocado,agudo,filósofo,0.08,0.011166,0.041563,-26.7137,-18.1733,ok
NEG-deriva,agudo,filósofo,-0.025,0.433071,0.049712,-16.032,-26.0037,ok
NEG-deriva,agudo,filósofo,0.255,0.360072,0.215886,-16.6553,-19.0134,ok
NEG-gerador,agudo,viés,-0.024032,0.029141,0.048154,-29.5274,-31.2619,ok
POS-pintado,agudo,viés,0.109479,0.019843,0.210364,-22.8957,-12.2927,ok
NEG-deslocado,agudo,viés,0.070761,0.019982,0.084451,-21.9061,-14.3452,ok
NEG-deriva,agudo,viés,-0.066756,0.315153,0.335649,-15.98,-18.036,ok
NEG-deriva,agudo,viés,0.11749,0.205838,0.304185,-19.3381,-16.7032,ok
NEG-gerador,agudo,será,0.003756,0.047032,0.034361,-28.3135,-39.3614,ok
POS-pintado,agudo,será,0.203756,0.025594,0.376268,-17.8747,-5.3004,ok
NEG-deslocado,agudo,será,0.0,0.018539,0.0,-20.231,-120.0,ok
NEG-deriva,agudo,será,0.076056,0.502995,0.574876,-14.6441,-16.9055,ok
NEG-deriva,agudo,será,-0.002817,0.525433,0.175136,-14.7312,-27.9293,ok
NEG-gerador,grave,àqueles,0.042918,0.02416,0.120679,-30.6087,-25.538,ok
POS-pintado,grave,àqueles,0.193133,0.010026,0.476203,-25.8616,-10.5658,ok
NEG-deslocado,grave,àqueles,0.0,0.011114,0.0,-25.2921,-120.0,ok
NEG-deriva,grave,àqueles,-0.124464,0.248005,0.390142,-17.8804,-18.0287,ok
NEG-deriva,grave,àqueles,-0.008584,0.201491,0.115924,-19.2491,-22.9999,ok
NEG-gerador,grave,àquele,-0.002959,0.126099,0.033949,-22.1974,-33.1145,ok
POS-pintado,grave,àquele,0.201183,0.015786,0.359725,-23.9239,-10.5649,ok
NEG-deslocado,grave,àquele,0.0,0.014786,0.0,-24.1294,-120.0,ok
NEG-deriva,grave,àquele,-0.011834,0.263693,0.121,-17.8402,-28.8705,ok
NEG-deriva,grave,àquele,0.088757,0.274562,0.298571,-18.0299,-19.427,ok
NEG-gerador,grave,àquela,0.04908,0.046073,0.069367,-27.6207,-27.37,ok
POS-pintado,grave,àquela,0.202454,0.010389,0.314412,-27.0212,-12.2009,ok
NEG-deslocado,grave,àquela,0.0,0.009682,0.0,-27.0243,-120.0,ok
NEG-deriva,grave,àquela,0.380368,0.306149,0.374175,-17.0047,-15.4086,ok
NEG-deriva,grave,àquela,0.803681,0.390802,0.971952,-16.7315,-11.4848,ok
NEG-gerador,grave,àquelas,0.008264,0.036313,0.091684,-27.0098,-27.7365,ok
POS-pintado,grave,àquelas,0.14876,0.009341,0.458461,-26.2294,-10.9336,ok
NEG-deslocado,grave,àquelas,-0.008264,0.010689,0.0,-25.3208,-120.0,ok
NEG-deriva,grave,àquelas,-0.14876,0.246943,0.443708,-17.8635,-17.2313,ok
NEG-deriva,grave,àquelas,0.471074,0.511987,0.917793,-14.5846,-12.119,ok
NEG-gerador,grave,èpoque,-0.006536,0.031164,0.01341,-28.3989,-33.7209,ok
POS-pintado,grave,èpoque,0.111111,0.005375,0.355247,-26.3072,-10.0177,ok
NEG-deslocado,grave,èpoque,-0.006536,0.005541,0.0,-25.6718,-120.0,ok
NEG-deriva,grave,èpoque,-0.006536,0.31198,0.222043,-17.0581,-20.7905,ok
NEG-deriva,grave,èpoque,0.052288,0.481308,0.839489,-14.2299,-11.8803,ok
NEG-gerador,circunflexo,importância,-0.039773,0.148987,0.111994,-20.8356,-21.2855,ok
POS-pintado,circunflexo,importância,0.142045,0.009755,0.09559,-28.1316,-16.6693,ok
NEG-deslocado,circunflexo,importância,0.039773,0.007031,0.01205,-29.0895,-21.3712,ok
NEG-deriva,circunflexo,importância,-0.005682,0.15997,0.283284,-21.1327,-17.848,ok
NEG-deriva,circunflexo,importância,0.147727,0.250765,0.459436,-18.486,-15.8882,ok
NEG-gerador,circunflexo,negligência,0.0,0.121372,0.007057,-23.6743,-38.1979,ok
POS-pintado,circunflexo,negligência,0.214286,0.011268,0.17734,-26.5588,-13.8594,ok
NEG-deslocado,circunflexo,negligência,0.115385,0.011251,0.065685,-26.3204,-16.2975,ok
NEG-deriva,circunflexo,negligência,-0.027473,0.167306,0.054839,-21.7708,-26.4126,ok
NEG-deriva,circunflexo,negligência,-0.010989,0.201919,0.027712,-20.5041,-32.0707,ok
NEG-gerador,circunflexo,influência,-0.028708,0.270303,0.194909,-19.2198,-27.9494,ok
POS-pintado,circunflexo,influência,0.186603,0.011034,0.127542,-26.5631,-14.8011,ok
NEG-deslocado,circunflexo,influência,0.100478,0.010727,0.04742,-26.4905,-17.4101,ok
NEG-deriva,circunflexo,influência,0.07177,0.368856,0.119789,-16.5465,-22.4893,ok
NEG-deriva,circunflexo,influência,-0.047847,0.395183,0.075534,-16.2479,-27.443,ok
NEG-gerador,circunflexo,ineficiência,0.035019,0.269645,0.136935,-17.8992,-21.9129,ok
POS-pintado,circunflexo,ineficiência,0.105058,0.009569,0.108408,-27.6795,-16.0814,ok
NEG-deslocado,circunflexo,ineficiência,0.0,0.011287,0.0,-26.3365,-120.0,ok
NEG-deriva,circunflexo,ineficiência,0.093385,0.258922,0.105617,-18.535,-22.4482,ok
NEG-deriva,circunflexo,ineficiência,-0.07393,0.289495,0.067402,-18.4232,-24.7388,ok
NEG-gerador,circunflexo,porquê,0.0,0.34699,0.175546,-16.5291,-37.5434,janela 5
POS-pintado,circunflexo,porquê,0.218391,0.006867,0.396747,-23.4783,-6.2478,janela 5
NEG-deslocado,circunflexo,porquê,0.0,0.00639,0.0,-23.5133,-120.0,janela 5
NEG-deriva,circunflexo,porquê,0.198276,0.481237,0.598601,-14.9924,-12.7285,janela 5
NEG-deriva,circunflexo,porquê,0.066092,0.518137,0.465253,-14.5244,-16.731,janela 5
NEG-gerador,circunflexo,pôde,0.032353,0.176445,0.046583,-19.8711,-22.4406,ok
POS-pintado,circunflexo,pôde,0.2,0.015821,0.26118,-23.8537,-11.338,ok
NEG-deslocado,circunflexo,pôde,0.094118,0.01542,0.101867,-24.1866,-14.3749,ok
NEG-deriva,circunflexo,pôde,-0.011765,0.192808,0.051834,-18.8723,-30.7098,ok
NEG-deriva,circunflexo,pôde,0.008824,0.174541,0.103694,-19.7504,-33.3102,ok
NEG-gerador,til,depressão,-0.003185,0.215886,0.014277,-19.0279,-35.9303,ok
POS-pintado,til,depressão,0.187898,0.014366,0.299659,-24.4311,-11.1405,ok
NEG-deslocado,til,depressão,-0.003185,0.01388,0.0,-24.4408,-120.0,ok
NEG-deriva,til,depressão,0.012739,0.317415,0.013268,-16.6059,-31.5958,ok
NEG-deriva,til,depressão,0.003185,0.399798,0.009034,-15.0315,-37.3983,ok
NEG-gerador,til,cidadãos,-0.032864,0.284723,0.21867,-17.327,-18.5951,ok
POS-pintado,til,cidadãos,0.161972,0.014836,0.104262,-24.0227,-14.4312,ok
NEG-deslocado,til,cidadãos,-0.002347,0.01717,0.0,-23.5975,-120.0,ok
NEG-deriva,til,cidadãos,0.262911,0.428357,0.56568,-15.8138,-14.7943,ok
NEG-deriva,til,cidadãos,0.204225,0.398637,0.388195,-15.3387,-15.5412,ok
NEG-gerador,til,questão,0.033241,0.183634,0.227456,-19.2315,-17.8652,ok
POS-pintado,til,questão,0.160665,0.013869,0.355389,-24.7727,-11.0795,ok
NEG-deslocado,til,questão,-0.00554,0.013607,0.0,-24.4595,-120.0,ok
NEG-deriva,til,questão,0.01662,0.23764,0.1975,-17.4748,-19.0022,ok
NEG-deriva,til,questão,0.027701,0.260634,0.236546,-16.982,-23.112,ok
NEG-gerador,til,exclusão,-0.00817,0.238398,0.074058,-18.9304,-24.9443,ok
POS-pintado,til,exclusão,0.120915,0.016817,0.127359,-23.4198,-13.5132,ok
NEG-deslocado,til,exclusão,-0.003268,0.013063,0.0,-25.4039,-120.0,ok
NEG-deriva,til,exclusão,-0.031046,0.379956,0.08983,-16.451,-23.0306,ok
NEG-deriva,til,exclusão,0.0,0.396029,0.09043,-16.368,-23.6882,ok
NEG-gerador,til,regiões,0.029851,0.209694,0.129086,-19.0197,-23.3487,ok
POS-pintado,til,regiões,0.19403,0.00885,0.499515,-26.3293,-10.162,ok
NEG-deslocado,til,regiões,0.104478,0.009108,0.179929,-26.4424,-13.0566,ok
NEG-deriva,til,regiões,0.024876,0.218241,0.254712,-19.7227,-18.3661,ok
NEG-deriva,til,regiões,-0.00995,0.236825,0.081778,-19.0562,-25.1159,ok
NEG-gerador,til,visão,0.001325,0.219806,0.092532,-18.8297,-25.5601,ok
POS-pintado,til,visão,0.165563,0.023169,0.15349,-21.2597,-12.0646,ok
NEG-deslocado,til,visão,0.086093,0.019842,0.061084,-22.0186,-15.1372,ok
NEG-deriva,til,visão,-0.002649,0.39508,0.094563,-15.078,-31.6372,ok
NEG-deriva,til,visão,0.178808,0.647022,0.234969,-12.9196,-18.5138,ok
NEG-gerador,cedilha,doenças,0.0,0.114173,0.099797,-22.2543,-33.6372,janela 3
POS-pintado,cedilha,doenças,0.14346,0.005114,0.33217,-23.9585,-5.4692,janela 3
NEG-deslocado,cedilha,doenças,0.075949,0.006104,0.155167,-24.0231,-8.2945,janela 3
NEG-deriva,cedilha,doenças,0.014768,0.225564,0.223931,-18.3156,-23.5587,janela 3
NEG-deriva,cedilha,doenças,0.048523,0.521159,0.646246,-14.2408,-15.1635,janela 3
NEG-gerador,cedilha,doença,-0.039916,0.26188,0.362416,-17.0456,-19.9876,janela 3
POS-pintado,cedilha,doença,0.172269,0.007724,0.334731,-23.2486,-5.4501,janela 3
NEG-deslocado,cedilha,doença,-0.004202,0.006535,0.0,-23.0377,-120.0,janela 3
NEG-deriva,cedilha,doença,-0.134454,0.3589,0.468645,-15.4033,-12.7901,janela 3
NEG-deriva,cedilha,doença,-0.134454,0.399782,0.502692,-15.2208,-12.7414,janela 3
NEG-gerador,cedilha,espaço,0.0,0.297914,0.010413,-17.1309,-40.3731,ok
POS-pintado,cedilha,espaço,0.172727,0.018227,0.127832,-22.427,-13.0474,ok
NEG-deslocado,cedilha,espaço,0.0,0.018729,0.0,-22.8342,-120.0,ok
NEG-deriva,cedilha,espaço,0.0,0.642824,0.177893,-14.0622,-33.9152,ok
NEG-deriva,cedilha,espaço,0.0,0.767332,0.812751,-13.5687,-25.3644,ok
NEG-gerador,cedilha,preço,0.005725,0.187852,0.058045,-19.392,-24.5949,ok
POS-pintado,cedilha,preço,0.177481,0.018924,0.115934,-22.4173,-13.3821,ok
NEG-deslocado,cedilha,preço,0.091603,0.018875,0.04626,-22.4162,-16.1651,ok
NEG-deriva,cedilha,preço,-0.045802,0.287855,0.038041,-17.6173,-27.7643,ok
NEG-deriva,cedilha,preço,0.089695,0.29203,0.120091,-17.5837,-21.5527,ok
NEG-gerador,cedilha,espaços,0.041411,0.48181,0.055574,-14.7161,-23.7195,ok
POS-pintado,cedilha,espaços,0.145706,0.017919,0.127142,-22.418,-13.0407,ok
NEG-deslocado,cedilha,espaços,0.076687,0.018698,0.050876,-22.4299,-15.8367,ok
NEG-deriva,cedilha,espaços,-0.004601,0.346434,0.025926,-15.9314,-34.5969,ok
NEG-deriva,cedilha,espaços,0.070552,0.344507,0.225343,-16.9789,-21.8989,ok
NEG-gerador,cedilha,presença,-0.086849,0.500942,0.072328,-14.5407,-22.9458,ok
POS-pintado,cedilha,presença,0.188586,0.016059,0.10449,-23.409,-14.1718,ok
NEG-deslocado,cedilha,presença,0.0,0.016791,0.0,-23.4152,-120.0,ok
NEG-deriva,cedilha,presença,-0.029777,0.273419,0.051075,-17.2541,-26.2992,ok
NEG-deriva,cedilha,presença,-0.037221,0.466579,0.226302,-15.0125,-22.7479,ok
NEG-gerador,agudo,país,0.041363,0.267135,0.575375,-17.9753,-15.7836,ok
POS-pintado,agudo,país,0.163017,0.015495,0.318426,-23.8764,-10.817,ok
NEG-deslocado,agudo,país,0.085158,0.014868,0.124367,-23.9213,-13.6198,ok
NEG-deriva,agudo,país,-0.053528,0.231938,0.400994,-17.9656,-17.7148,ok
NEG-deriva,agudo,país,-0.024331,0.282887,0.448651,-18.1798,-16.5446,ok
NEG-gerador,agudo,indivíduos,-0.063927,0.10671,0.035986,-22.7193,-29.7641,ok
POS-pintado,agudo,indivíduos,0.13242,0.010701,0.066874,-27.4585,-17.6569,ok
NEG-deslocado,agudo,indivíduos,0.068493,0.010972,0.025596,-27.4254,-20.3591,ok
NEG-deriva,agudo,indivíduos,-0.16895,0.291742,0.233984,-17.3255,-18.9248,ok
NEG-deriva,agudo,indivíduos,-0.223744,0.265729,0.237339,-18.0315,-18.5176,ok
NEG-gerador,agudo,está,0.213187,0.059799,0.114978,-25.4428,-20.4095,ok
POS-pintado,agudo,está,0.151648,0.015603,0.106474,-23.6978,-14.5027,ok
NEG-deslocado,agudo,está,-0.006593,0.017172,0.0,-23.2039,-120.0,ok
NEG-deriva,agudo,está,0.103297,0.212205,0.335093,-19.6077,-18.8377,ok
NEG-deriva,agudo,está,0.096703,0.194888,0.220041,-19.5261,-17.007,ok
NEG-gerador,agudo,filósofo,0.101399,0.227624,0.08413,-19.4919,-24.508,ok
POS-pintado,agudo,filósofo,0.122378,0.011546,0.115619,-26.4582,-15.1598,ok
NEG-deslocado,agudo,filósofo,-0.01049,0.007328,0.016163,-28.9841,-23.0291,ok
NEG-deriva,agudo,filósofo,-0.048951,0.426925,0.383623,-16.3364,-18.6053,ok
NEG-deriva,agudo,filósofo,-0.157343,0.396503,0.429349,-17.0494,-20.2954,ok
NEG-gerador,agudo,viés,0.016736,0.05672,0.086256,-27.1884,-28.9183,ok
POS-pintado,agudo,viés,0.122734,0.021029,0.243454,-22.2289,-11.5553,ok
NEG-deslocado,agudo,viés,0.086471,0.021649,0.091021,-21.0781,-13.2898,ok
NEG-deriva,agudo,viés,-0.089261,0.244028,0.257436,-17.6932,-19.086,ok
NEG-deriva,agudo,viés,-0.100418,0.280383,0.491101,-16.7702,-15.8107,ok
NEG-gerador,agudo,será,0.002791,0.17818,0.018526,-19.3422,-39.6956,ok
POS-pintado,agudo,será,0.273488,0.038783,0.471759,-17.5144,-6.9988,ok
NEG-deslocado,agudo,será,-0.00186,0.03172,0.0,-20.5401,-120.0,ok
NEG-deriva,agudo,será,-0.005581,0.354469,0.067438,-16.7913,-29.2796,ok
NEG-deriva,agudo,será,-0.005581,0.452887,0.422235,-15.3081,-28.9606,ok
NEG-gerador,grave,àqueles,-0.004405,0.069206,0.018695,-23.0486,-30.3418,ok
POS-pintado,grave,àqueles,0.145374,0.009754,0.294959,-26.8862,-12.9375,ok
NEG-deslocado,grave,àqueles,0.0,0.011569,0.0,-25.3369,-120.0,ok
NEG-deriva,grave,àqueles,-0.0837,0.239875,0.282513,-17.7523,-18.7966,ok
NEG-deriva,grave,àqueles,-0.132159,0.269663,0.346055,-17.0545,-18.7519,ok
NEG-gerador,grave,àquele,-0.003774,0.123341,0.059558,-22.141,-27.3532,ok
POS-pintado,grave,àquele,0.211321,0.013518,0.244509,-24.8377,-12.0737,ok
NEG-deslocado,grave,àquele,-0.003774,0.01374,0.0,-24.6258,-120.0,ok
NEG-deriva,grave,àquele,0.037736,0.246212,0.221042,-17.6326,-19.7819,ok
NEG-deriva,grave,àquele,0.079245,0.26747,0.237638,-16.378,-19.0485,ok
NEG-gerador,grave,àquela,0.004098,0.033813,0.011403,-28.5287,-36.815,ok
POS-pintado,grave,àquela,0.147541,0.010072,0.161787,-26.9789,-14.3772,ok
NEG-deslocado,grave,àquela,0.0,0.012231,0.0,-25.7088,-120.0,ok
NEG-deriva,grave,àquela,0.065574,0.174104,0.127825,-19.7136,-22.2854,ok
NEG-deriva,grave,àquela,0.040984,0.293243,0.29042,-17.0901,-19.0925,ok
NEG-gerador,grave,àquelas,0.003704,0.017168,0.005449,-31.374,-37.5233,ok
POS-pintado,grave,àquelas,0.103704,0.009636,0.284862,-27.157,-13.2082,ok
NEG-deslocado,grave,àquelas,-0.011111,0.00908,0.0,-26.6393,-120.0,ok
NEG-deriva,grave,àquelas,-0.088889,0.253917,0.320298,-17.8562,-19.4176,ok
NEG-deriva,grave,àquelas,-0.148148,0.293049,0.415554,-16.5829,-18.7132,ok
NEG-gerador,grave,èpoque,-0.004673,0.08823,0.076286,-22.8601,-26.0008,ok
POS-pintado,grave,èpoque,0.077103,0.006161,0.308082,-26.7541,-11.2751,ok
NEG-deslocado,grave,èpoque,-0.004673,0.008606,0.0,-24.3664,-120.0,ok
NEG-deriva,grave,èpoque,-0.065421,0.399451,0.392873,-16.0694,-17.9683,ok
NEG-deriva,grave,èpoque,0.016355,0.417652,0.471774,-15.9914,-16.4632,ok
NEG-gerador,circunflexo,importância,0.003731,0.158686,0.37348,-21.11,-16.8353,ok
POS-pintado,circunflexo,importância,0.13806,0.010978,0.131812,-26.3659,-14.556,ok
NEG-deslocado,circunflexo,importância,0.067164,0.009907,0.032206,-26.5783,-17.6792,ok
NEG-deriva,circunflexo,importância,-0.070896,0.276133,0.351477,-17.7333,-18.9072,ok
NEG-deriva,circunflexo,importância,-0.078358,0.279664,0.488149,-17.4403,-14.9128,ok
NEG-gerador,circunflexo,negligência,0.028112,0.129723,0.028728,-21.5106,-31.2071,ok
POS-pintado,circunflexo,negligência,0.156627,0.011342,0.178419,-26.309,-13.6096,ok
NEG-deslocado,circunflexo,negligência,0.084337,0.011083,0.065697,-26.301,-16.2828,ok
NEG-deriva,circunflexo,negligência,-0.016064,0.269848,0.039855,-18.5954,-29.2721,ok
NEG-deriva,circunflexo,negligência,-0.016064,0.234125,0.03941,-19.4301,-29.3919,ok
NEG-gerador,circunflexo,influência,-0.006849,0.177856,0.226135,-20.9013,-26.8586,ok
POS-pintado,circunflexo,influência,0.140411,0.010883,0.107608,-26.4399,-15.4218,ok
NEG-deslocado,circunflexo,influência,0.082192,0.012575,0.044969,-25.9782,-17.6787,ok
NEG-deriva,circunflexo,influência,0.054795,0.325098,0.101877,-16.8042,-25.2593,ok
NEG-deriva,circunflexo,influência,-0.013699,0.307135,0.077727,-17.7616,-30.1682,ok
NEG-gerador,circunflexo,ineficiência,0.050676,0.202019,0.091735,-18.8204,-22.5674,ok
POS-pintado,circunflexo,ineficiência,0.114865,0.01004,0.124653,-27.0751,-15.1428,ok
NEG-deslocado,circunflexo,ineficiência,0.0,0.011627,0.0,-26.3125,-120.0,ok
NEG-deriva,circunflexo,ineficiência,0.0,0.292724,0.066237,-17.6339,-23.5919,ok
NEG-deriva,circunflexo,ineficiência,-0.064189,0.307463,0.10087,-17.4159,-21.3252,ok
NEG-gerador,circunflexo,porquê,-0.056723,0.499495,0.534864,-14.7794,-17.9007,janela 5
POS-pintado,circunflexo,porquê,0.144958,0.007384,0.429484,-24.0699,-7.2405,janela 5
NEG-deslocado,circunflexo,porquê,0.0,0.00726,0.0,-23.3781,-120.0,janela 5
NEG-deriva,circunflexo,porquê,-0.037815,0.430724,0.390767,-15.6137,-18.4524,janela 5
NEG-deriva,circunflexo,porquê,-0.012605,0.432543,0.310484,-16.1452,-20.5265,janela 5
NEG-gerador,circunflexo,pôde,-0.010453,0.121453,0.051343,-22.0348,-30.1076,ok
POS-pintado,circunflexo,pôde,0.174216,0.014084,0.192092,-25.1295,-12.9328,ok
NEG-deslocado,circunflexo,pôde,0.080139,0.014017,0.066645,-25.3065,-16.3304,ok
NEG-deriva,circunflexo,pôde,0.055749,0.123782,0.149855,-21.7568,-21.2511,ok
NEG-deriva,circunflexo,pôde,0.006969,0.147602,0.050898,-21.0858,-28.3202,ok
NEG-gerador,til,depressão,-0.008451,0.240825,0.040251,-18.0154,-28.0992,ok
POS-pintado,til,depressão,0.169014,0.01406,0.214048,-24.4419,-12.1204,ok
NEG-deslocado,til,depressão,0.0,0.011621,0.0,-25.4989,-120.0,ok
NEG-deriva,til,depressão,-0.014085,0.358299,0.072152,-15.7873,-24.4762,ok
NEG-deriva,til,depressão,0.047887,0.397143,0.174853,-15.9714,-19.2091,ok
NEG-gerador,til,cidadãos,-0.0125,0.19237,0.074738,-19.2577,-25.961,ok
POS-pintado,til,cidadãos,0.132143,0.015496,0.115695,-23.4867,-13.6674,ok
NEG-deslocado,til,cidadãos,-0.003571,0.016397,0.0,-23.6476,-120.0,ok
NEG-deriva,til,cidadãos,0.080357,0.31153,0.270034,-16.6714,-16.7158,ok
NEG-deriva,til,cidadãos,0.126786,0.330733,0.446945,-16.3626,-13.7812,ok
NEG-gerador,til,questão,-0.019753,0.175024,0.326944,-19.7027,-16.7853,ok
POS-pintado,til,questão,0.101235,0.012349,0.179538,-26.2242,-13.8572,ok
NEG-deslocado,til,questão,0.0,0.010595,0.0,-26.2896,-120.0,ok
NEG-deriva,til,questão,0.017284,0.187022,0.397938,-19.6231,-14.3878,ok
NEG-deriva,til,questão,-0.024691,0.315483,0.153687,-16.5205,-21.8031,ok
NEG-gerador,til,exclusão,0.019374,0.303471,0.104776,-17.061,-20.6586,ok
POS-pintado,til,exclusão,0.108793,0.016685,0.133592,-23.4451,-13.3745,ok
NEG-deslocado,til,exclusão,-0.004471,0.014048,0.0,-24.7501,-120.0,ok
NEG-deriva,til,exclusão,-0.029806,0.390731,0.089802,-16.1873,-24.8473,ok
NEG-deriva,til,exclusão,0.005961,0.332169,0.0821,-17.4568,-23.3915,ok
NEG-gerador,til,regiões,0.00339,0.226444,0.068905,-18.4971,-27.8152,ok
POS-pintado,til,regiões,0.176271,0.0103,0.513346,-25.0757,-9.2662,ok
NEG-deslocado,til,regiões,0.091525,0.0102,0.186025,-25.2139,-12.2268,ok
NEG-deriva,til,regiões,-0.013559,0.256375,0.166318,-18.5902,-20.86,ok
NEG-deriva,til,regiões,0.00339,0.29143,0.283197,-17.748,-19.3644,ok
NEG-gerador,til,visão,0.020212,0.314792,0.062576,-16.5496,-25.7907,ok
POS-pintado,til,visão,0.120308,0.022371,0.165984,-21.2241,-11.7186,ok
NEG-deslocado,til,visão,0.00385,0.007951,0.033612,-27.8167,-20.7275,ok
NEG-deriva,til,visão,-0.043311,0.23921,0.105115,-18.9928,-22.6578,ok
NEG-deriva,til,visão,-0.039461,0.308964,0.12964,-16.8767,-21.2771,ok
NEG-gerador,cedilha,doenças,-0.018613,0.464595,0.685604,-14.4887,-22.6626,janela 3
POS-pintado,cedilha,doenças,0.14044,0.008986,0.330866,-22.3235,-5.3388,janela 3
NEG-deslocado,cedilha,doenças,0.072758,0.009176,0.156446,-22.5112,-8.2774,janela 3
NEG-deriva,cedilha,doenças,-0.018613,0.467081,0.45199,-14.6249,-24.049,janela 3
NEG-deriva,cedilha,doenças,-0.018613,0.478512,0.502889,-14.4298,-22.8515,janela 3
NEG-gerador,cedilha,doença,-0.002315,0.279073,0.265999,-17.4476,-27.1596,janela 5
POS-pintado,cedilha,doença,0.194444,0.00782,0.39344,-23.0143,-6.1849,janela 5
NEG-deslocado,cedilha,doença,0.0,0.006903,0.0,-23.1388,-120.0,janela 5
NEG-deriva,cedilha,doença,0.020833,0.297264,0.332904,-17.2405,-24.5874,janela 5
NEG-deriva,cedilha,doença,0.055556,0.341578,0.650218,-16.3236,-18.3672,janela 5
NEG-gerador,cedilha,espaço,0.0,0.417058,0.020151,-15.8951,-35.9171,ok
POS-pintado,cedilha,espaço,0.145038,0.01821,0.118544,-22.4404,-13.3389,ok
NEG-deslocado,cedilha,espaço,0.0,0.018902,0.0,-23.0792,-120.0,ok
NEG-deriva,cedilha,espaço,0.116031,0.544674,0.791395,-16.2019,-19.7075,ok
NEG-deriva,cedilha,espaço,0.0,0.474347,0.029714,-15.7426,-41.5727,ok
NEG-gerador,cedilha,preço,0.103937,0.209869,0.094252,-17.6159,-20.3723,ok
POS-pintado,cedilha,preço,0.149606,0.018843,0.111648,-22.444,-13.5468,ok
NEG-deslocado,cedilha,preço,0.07874,0.018695,0.044664,-22.4397,-16.3208,ok
NEG-deriva,cedilha,preço,0.0,0.190973,0.015679,-19.7888,-41.9172,ok
NEG-deriva,cedilha,preço,0.0,0.198233,0.02198,-19.4926,-38.4247,ok
NEG-gerador,cedilha,espaços,-0.030189,0.532117,0.072677,-15.001,-24.9072,ok
POS-pintado,cedilha,espaços,0.158491,0.014011,0.06323,-26.2404,-17.5362,ok
NEG-deslocado,cedilha,espaços,0.083019,0.013845,0.025503,-26.0922,-20.1154,ok
NEG-deriva,cedilha,espaços,-0.041509,0.32226,0.037642,-16.845,-29.2293,ok
NEG-deriva,cedilha,espaços,-0.143396,0.383914,0.090234,-17.3754,-23.3013,ok
NEG-gerador,cedilha,presença,0.341102,0.223426,0.367656,-18.7666,-17.854,ok
POS-pintado,cedilha,presença,0.158898,0.016609,0.1012,-23.418,-14.3187,ok
NEG-deslocado,cedilha,presença,-0.002119,0.016753,0.0,-23.4879,-120.0,ok
NEG-deriva,cedilha,presença,0.033898,0.288526,0.041107,-17.4359,-26.8228,ok
NEG-deriva,cedilha,presença,-0.063559,0.283471,0.072704,-17.3477,-24.6739,ok
NEG-gerador,agudo,país,-0.038647,0.191359,0.264938,-18.8394,-17.269,ok
POS-pintado,agudo,país,0.154589,0.010022,0.233858,-26.987,-13.0579,ok
NEG-deslocado,agudo,país,0.082126,0.009935,0.082514,-26.9984,-15.7041,ok
NEG-deriva,agudo,país,-0.014493,0.282294,0.473779,-16.5681,-16.9127,ok
NEG-deriva,agudo,país,0.028986,0.303195,0.379783,-17.2114,-16.3894,ok
NEG-gerador,agudo,indivíduos,0.0,0.099587,0.019293,-23.5405,-40.2211,ok
POS-pintado,agudo,indivíduos,0.183673,0.012482,0.096042,-25.6955,-15.4152,ok
NEG-deslocado,agudo,indivíduos,0.097959,0.012536,0.036588,-25.6477,-18.0945,ok
NEG-deriva,agudo,indivíduos,-0.159184,0.327214,0.177952,-16.9063,-20.345,ok
NEG-deriva,agudo,indivíduos,-0.138776,0.365009,0.176299,-16.4399,-21.0146,ok
NEG-gerador,agudo,está,0.019824,0.024045,0.076293,-29.7064,-22.4448,ok
POS-pintado,agudo,está,0.07489,0.011542,0.066261,-25.9942,-17.0473,ok
NEG-deslocado,agudo,está,-0.017621,0.015815,0.0,-24.1069,-120.0,ok
NEG-deriva,agudo,está,-0.013216,0.193269,0.357742,-19.2141,-19.3039,ok
NEG-deriva,agudo,está,-0.101322,0.151555,0.143718,-20.5907,-21.7727,ok
NEG-gerador,agudo,filósofo,0.023669,0.087047,0.038708,-25.5784,-30.9408,ok
POS-pintado,agudo,filósofo,0.218935,0.011718,0.115901,-26.265,-14.9666,ok
NEG-deslocado,agudo,filósofo,0.065089,0.010238,0.036557,-26.9337,-18.9561,ok
NEG-deriva,agudo,filósofo,-0.100592,0.381196,0.070747,-17.0337,-25.126,ok
NEG-deriva,agudo,filósofo,0.254438,0.435199,0.177178,-16.3488,-22.4317,ok
NEG-gerador,agudo,viés,0.037486,0.225627,0.094148,-19.226,-25.4399,ok
POS-pintado,agudo,viés,0.155458,0.028526,0.193241,-20.6419,-11.5598,ok
NEG-deslocado,agudo,viés,0.0871,0.027298,0.080308,-20.0895,-13.8551,ok
NEG-deriva,agudo,viés,0.135612,0.491669,0.345689,-14.0426,-17.144,ok
NEG-deriva,agudo,viés,0.039691,0.4746,0.289078,-14.3102,-17.8533,ok
NEG-gerador,agudo,será,0.0,0.178621,0.033447,-22.7384,-40.6698,janela 5
POS-pintado,agudo,será,0.239482,0.029503,0.430352,-16.5333,-4.3016,janela 5
NEG-deslocado,agudo,será,0.0,0.026774,0.0,-18.364,-120.0,janela 5
NEG-deriva,agudo,será,0.0,0.455544,0.129779,-15.1956,-32.8724,janela 5
NEG-deriva,agudo,será,0.0,0.501895,0.097122,-14.8699,-37.8672,janela 5
NEG-gerador,grave,àqueles,0.016878,0.02738,0.047603,-30.2709,-30.7199,ok
POS-pintado,grave,àqueles,0.202532,0.012928,0.259537,-25.1222,-11.9101,ok
NEG-deslocado,grave,àqueles,-0.016878,0.0112,0.0,-25.6167,-120.0,ok
NEG-deriva,grave,àqueles,0.316456,0.272176,0.606176,-18.2722,-15.2405,ok
NEG-deriva,grave,àqueles,-0.008439,0.223135,0.052558,-18.0119,-25.4888,ok
NEG-gerador,grave,àquele,0.076596,0.284642,0.272433,-18.2048,-20.3786,ok
POS-pintado,grave,àquele,0.195745,0.013927,0.181036,-25.6856,-13.6529,ok
NEG-deslocado,grave,àquele,-0.004255,0.013485,0.0,-25.3542,-120.0,ok
NEG-deriva,grave,àquele,0.093617,0.341534,0.250151,-16.1305,-19.1962,ok
NEG-deriva,grave,àquele,0.114894,0.325355,0.246914,-16.6935,-20.3914,ok
NEG-gerador,grave,àquela,0.0,0.056213,0.009569,-27.212,-36.3655,ok
POS-pintado,grave,àquela,0.127517,0.006831,0.097431,-29.335,-16.5358,ok
NEG-deslocado,grave,àquela,0.0,0.00774,0.0,-28.8854,-120.0,ok
NEG-deriva,grave,àquela,-0.348993,0.222725,0.355909,-19.2869,-19.4987,ok
NEG-deriva,grave,àquela,0.09396,0.105289,0.081703,-21.8045,-24.8631,ok
NEG-gerador,grave,àquelas,-0.021277,0.028164,0.01372,-30.5014,-33.3166,ok
POS-pintado,grave,àquelas,0.138298,0.009206,0.132834,-27.9464,-15.4589,ok
NEG-deslocado,grave,àquelas,-0.010638,0.007516,0.0,-28.5645,-120.0,ok
NEG-deriva,grave,àquelas,0.521277,0.358529,0.817125,-16.7877,-13.676,ok
NEG-deriva,grave,àquelas,0.207447,0.213733,0.14281,-19.0961,-20.4019,ok
NEG-gerador,grave,èpoque,-0.056133,0.410447,0.564926,-16.0057,-16.2442,ok
POS-pintado,grave,èpoque,0.101871,0.010892,0.374865,-24.9154,-10.6387,ok
NEG-deslocado,grave,èpoque,-0.014553,0.010271,0.0,-25.3779,-120.0,ok
NEG-deriva,grave,èpoque,-0.093555,0.512141,0.629261,-14.5205,-14.7414,ok
NEG-deriva,grave,èpoque,-0.141372,0.49786,0.677643,-14.956,-14.9688,ok
NEG-gerador,circunflexo,importância,0.022989,0.102945,0.082595,-22.3372,-23.4063,ok
POS-pintado,circunflexo,importância,0.095785,0.009225,0.098387,-28.125,-16.3947,ok
NEG-deslocado,circunflexo,importância,0.049808,0.009188,0.027207,-28.1077,-19.1349,ok
NEG-deriva,circunflexo,importância,-0.16092,0.30779,0.472473,-17.1894,-14.8806,ok
NEG-deriva,circunflexo,importância,-0.145594,0.22515,0.471478,-18.9711,-15.9219,ok
NEG-gerador,circunflexo,negligência,0.0,0.06045,0.005367,-25.7659,-46.3879,ok
POS-pintado,circunflexo,negligência,0.202073,0.011735,0.15599,-26.3284,-14.0429,ok
NEG-deslocado,circunflexo,negligência,0.108808,0.01086,0.057478,-26.2834,-16.6886,ok
NEG-deriva,circunflexo,negligência,0.098446,0.311577,0.07322,-17.5651,-24.6972,ok
NEG-deriva,circunflexo,negligência,0.0,0.319597,0.0241,-17.8988,-40.8295,ok
NEG-gerador,circunflexo,influência,-0.076,0.216876,0.225509,-20.3761,-24.0644,ok
POS-pintado,circunflexo,influência,0.128,0.009498,0.110583,-27.0779,-15.3159,ok
NEG-deslocado,circunflexo,influência,0.084,0.011017,0.046835,-26.4206,-17.3287,ok
NEG-deriva,circunflexo,influência,-0.012,0.295821,0.045271,-17.2156,-31.5814,ok
NEG-deriva,circunflexo,influência,0.02,0.382488,0.135397,-15.9829,-21.4784,ok
NEG-gerador,circunflexo,ineficiência,0.025,0.140201,0.057709,-21.2079,-27.1565,ok
POS-pintado,circunflexo,ineficiência,0.1,0.009136,0.109639,-27.6431,-15.8811,ok
NEG-deslocado,circunflexo,ineficiência,0.0,0.011547,0.0,-26.2843,-120.0,ok
NEG-deriva,circunflexo,ineficiência,-0.039286,0.303511,0.064939,-17.4094,-27.46,ok
NEG-deriva,circunflexo,ineficiência,-0.028571,0.255149,0.063625,-18.6314,-26.7407,ok
NEG-gerador,circunflexo,porquê,0.0,0.255474,0.132284,-20.0392,-26.6914,janela 5
POS-pintado,circunflexo,porquê,0.150718,0.007865,0.380486,-23.7507,-6.9213,janela 5
NEG-deslocado,circunflexo,porquê,0.0,0.008727,0.0,-22.5262,-120.0,janela 5
NEG-deriva,circunflexo,porquê,-0.086124,0.39504,0.344374,-16.0187,-19.0506,janela 5
NEG-deriva,circunflexo,porquê,0.016746,0.32135,0.394804,-17.2325,-16.6207,janela 5
NEG-gerador,circunflexo,pôde,-0.023622,0.097184,0.051746,-22.7024,-28.1023,ok
POS-pintado,circunflexo,pôde,0.19685,0.014229,0.155978,-25.2509,-13.6909,ok
NEG-deslocado,circunflexo,pôde,0.090551,0.013439,0.053758,-25.67,-17.1514,ok
NEG-deriva,circunflexo,pôde,0.043307,0.157178,0.164674,-20.3209,-26.8615,ok
NEG-deriva,circunflexo,pôde,0.023622,0.136045,0.087849,-21.2391,-26.4596,ok
NEG-gerador,til,depressão,0.031915,0.219066,0.181922,-18.2699,-22.5234,ok
POS-pintado,til,depressão,0.159574,0.012678,0.156194,-25.6995,-13.792,ok
NEG-deslocado,til,depressão,0.0,0.010667,0.0,-26.554,-120.0,ok
NEG-deriva,til,depressão,0.152482,0.285779,0.137637,-17.307,-19.6631,ok
NEG-deriva,til,depressão,0.223404,0.339509,0.221749,-16.3554,-18.2355,ok
NEG-gerador,til,cidadãos,-0.016544,0.250525,0.25846,-17.9262,-17.0627,ok
POS-pintado,til,cidadãos,0.104779,0.014289,0.096085,-24.5544,-15.0347,ok
NEG-deslocado,til,cidadãos,-0.005515,0.016512,0.0,-23.5108,-120.0,ok
NEG-deriva,til,cidadãos,-0.023897,0.406383,0.154745,-14.8914,-21.6488,ok
NEG-deriva,til,cidadãos,0.091912,0.426165,0.563704,-15.218,-13.9059,ok
NEG-gerador,til,questão,0.004796,0.196193,0.169788,-19.0492,-23.1022,ok
POS-pintado,til,questão,0.141487,0.013992,0.309962,-24.6044,-11.2968,ok
NEG-deslocado,til,questão,-0.002398,0.013684,0.0,-24.4168,-120.0,ok
NEG-deriva,til,questão,-0.009592,0.149902,0.129974,-21.579,-21.0756,ok
NEG-deriva,til,questão,0.009592,0.248529,0.14256,-18.6601,-18.7927,ok
NEG-gerador,til,exclusão,-0.014109,0.329546,0.049051,-16.8482,-27.7257,ok
POS-pintado,til,exclusão,0.167549,0.017811,0.145609,-22.4389,-12.5478,ok
NEG-deslocado,til,exclusão,0.0,0.016627,0.0,-23.9564,-120.0,ok
NEG-deriva,til,exclusão,-0.03351,0.385727,0.057318,-16.6168,-25.7559,ok
NEG-deriva,til,exclusão,-0.028219,0.351303,0.059197,-17.1431,-24.7093,ok
NEG-gerador,til,regiões,-0.053659,0.199816,0.460764,-20.3703,-20.7579,ok
POS-pintado,til,regiões,0.12439,0.006894,0.498015,-25.1725,-8.0114,ok
NEG-deslocado,til,regiões,0.034146,0.006035,0.15052,-25.9231,-12.3357,ok
NEG-deriva,til,regiões,-0.060976,0.257431,0.538695,-18.8889,-19.9918,ok
NEG-deriva,til,regiões,-0.053659,0.288615,0.560149,-18.3383,-18.5931,ok
NEG-gerador,til,visão,-0.008054,0.192749,0.058571,-18.5053,-24.3758,ok
POS-pintado,til,visão,0.13557,0.021185,0.115963,-22.1038,-13.4465,ok
NEG-deslocado,til,visão,0.037584,0.014519,0.041479,-24.8591,-18.4488,ok
NEG-deriva,til,visão,0.052349,0.331113,0.116317,-16.1088,-25.2274,ok
NEG-deriva,til,visão,0.075168,0.331798,0.112186,-15.8734,-22.9194,ok
NEG-gerador,cedilha,doenças,0.016129,0.395471,0.349903,-15.302,-24.2867,janela 3
POS-pintado,cedilha,doenças,0.150538,0.006839,0.335521,-23.0339,-5.2988,janela 3
NEG-deslocado,cedilha,doenças,0.078853,0.007259,0.160007,-23.0526,-8.1094,janela 3
NEG-deriva,cedilha,doenças,0.010753,0.447525,0.272084,-14.151,-23.8048,janela 3
NEG-deriva,cedilha,doenças,0.0,0.410114,0.365756,-14.705,-29.4965,janela 3
NEG-gerador,cedilha,doença,0.0,0.251762,0.195016,-17.806,-36.5647,janela 3
POS-pintado,cedilha,doença,0.183807,0.007936,0.341303,-23.0387,-5.2402,janela 3
NEG-deslocado,cedilha,doença,0.0,0.007125,0.0,-23.0787,-120.0,janela 3
NEG-deriva,cedilha,doença,0.0,0.242913,0.136737,-18.5077,-37.347,janela 3
NEG-deriva,cedilha,doença,0.0,0.336407,0.11965,-16.4724,-38.2985,janela 3
NEG-gerador,cedilha,espaço,0.007143,0.326718,0.017152,-16.8266,-34.4822,ok
POS-pintado,cedilha,espaço,0.15,0.020472,0.128138,-21.9814,-12.942,ok
NEG-deslocado,cedilha,espaço,0.0,0.020399,0.0,-22.3665,-120.0,ok
NEG-deriva,cedilha,espaço,0.021429,0.606432,0.184078,-13.8364,-27.0164,ok
NEG-deriva,cedilha,espaço,0.062857,0.675811,0.778401,-14.5069,-21.0656,ok
NEG-gerador,cedilha,preço,0.06422,0.317847,0.062849,-16.2437,-27.2114,ok
POS-pintado,cedilha,preço,0.190826,0.019879,0.108815,-21.9804,-13.4761,ok
NEG-deslocado,cedilha,preço,0.099083,0.02045,0.044359,-21.9762,-16.2753,ok
NEG-deriva,cedilha,preço,0.06055,0.348213,0.088295,-16.641,-24.8493,ok
NEG-deriva,cedilha,preço,-0.007339,0.401908,0.027523,-15.3224,-37.4046,ok
NEG-gerador,cedilha,espaços,0.088937,0.55555,0.070404,-15.0511,-22.1775,ok
POS-pintado,cedilha,espaços,0.180043,0.018138,0.10284,-22.964,-14.122,ok
NEG-deslocado,cedilha,espaços,0.093275,0.017724,0.041852,-22.962,-16.9297,ok
NEG-deriva,cedilha,espaços,0.056399,0.442768,0.051657,-16.2984,-28.2847,ok
NEG-deriva,cedilha,espaços,0.010846,0.43004,0.034493,-15.8929,-31.5537,ok
NEG-gerador,cedilha,presença,0.263708,0.410974,0.280149,-15.1316,-17.8388,ok
POS-pintado,cedilha,presença,0.148825,0.014851,0.087689,-24.6695,-15.4323,ok
NEG-deslocado,cedilha,presença,0.0,0.014512,0.0,-24.6562,-120.0,ok
NEG-deriva,cedilha,presença,-0.020888,0.393782,0.044926,-15.662,-30.0342,ok
NEG-deriva,cedilha,presença,0.02611,0.368792,0.047634,-16.2215,-27.8089,ok
NEG-gerador,agudo,país,0.023196,0.314323,0.377747,-16.9627,-16.2417,ok
POS-pintado,agudo,país,0.131443,0.014105,0.232132,-25.2581,-12.5587,ok
NEG-deslocado,agudo,país,0.056701,0.012472,0.072508,-25.8912,-16.2615,ok
NEG-gerador,agudo,indivíduos,-0.004587,0.075278,0.017997,-25.3486,-40.2996,ok
POS-pintado,agudo,indivíduos,0.201835,0.012415,0.095958,-25.7077,-15.4274,ok
NEG-deslocado,agudo,indivíduos,0.105505,0.012763,0.036561,-25.6797,-18.133,ok
NEG-gerador,agudo,está,0.067653,0.036188,0.208323,-32.1359,-27.3732,ok
POS-pintado,agudo,está,0.059197,0.012588,0.078102,-25.8818,-16.6602,ok
NEG-deslocado,agudo,está,-0.031712,0.015753,0.0,-24.195,-120.0,ok
NEG-gerador,agudo,filósofo,0.045082,0.165842,0.142829,-21.1364,-25.6587,ok
POS-pintado,agudo,filósofo,0.155738,0.011489,0.111114,-26.4466,-15.2611,ok
NEG-deslocado,agudo,filósofo,0.045082,0.009518,0.038195,-27.7368,-19.8499,ok
NEG-gerador,agudo,viés,0.037275,0.219523,0.1226,-17.9877,-23.3172,ok
POS-pintado,agudo,viés,0.024422,0.012741,0.098918,-26.135,-16.4656,ok
NEG-deslocado,agudo,viés,0.059126,0.02021,0.062073,-22.2572,-15.3783,ok
NEG-gerador,agudo,será,-0.011445,0.212288,0.037466,-19.8428,-28.9391,janela 5
POS-pintado,agudo,será,0.158083,0.02823,0.423532,-17.2054,-4.3768,janela 5
NEG-deslocado,agudo,será,-0.000715,0.02422,0.0,-18.9901,-120.0,janela 5
NEG-gerador,grave,àqueles,-0.003891,0.029898,0.024819,-29.7243,-29.9671,ok
POS-pintado,grave,àqueles,0.093385,0.00847,0.214247,-27.6062,-13.9378,ok
NEG-deslocado,grave,àqueles,-0.011673,0.011792,0.0,-25.3575,-120.0,ok
NEG-gerador,grave,àquele,-0.071661,0.154361,0.170583,-20.5519,-21.2669,ok
POS-pintado,grave,àquele,0.114007,0.010847,0.260657,-26.039,-12.7314,ok
NEG-deslocado,grave,àquele,-0.022801,0.01367,0.0,-24.6424,-120.0,ok
NEG-gerador,grave,àquela,-0.024272,0.031441,0.159165,-28.2408,-23.5613,ok
POS-pintado,grave,àquela,0.101942,0.008507,0.136453,-28.2134,-15.4844,ok
NEG-deslocado,grave,àquela,-0.024272,0.01064,0.0,-26.7229,-120.0,ok
NEG-gerador,grave,àquelas,-0.006757,0.065432,0.020638,-26.1625,-34.3136,ok
POS-pintado,grave,àquelas,0.097973,0.011654,0.28671,-25.9462,-12.5757,ok
NEG-deslocado,grave,àquelas,-0.016892,0.013369,0.0,-24.8088,-120.0,ok
NEG-gerador,grave,èpoque,-0.008834,0.057176,0.124339,-26.4252,-26.596,janela 5
POS-pintado,grave,èpoque,0.09894,0.005492,0.365618,-25.015,-7.9223,janela 5
NEG-deslocado,grave,èpoque,-0.007067,0.006643,0.0,-23.9669,-120.0,janela 5
NEG-gerador,circunflexo,importância,0.035088,0.17609,0.436522,-20.1364,-15.5715,ok
POS-pintado,circunflexo,importância,0.087719,0.009606,0.100974,-28.2267,-16.594,ok
NEG-deslocado,circunflexo,importância,0.024561,0.008054,0.030821,-29.4929,-21.3713,ok
NEG-gerador,circunflexo,negligência,-0.034335,0.172542,0.049038,-21.5608,-26.3583,ok
POS-pintado,circunflexo,negligência,0.16309,0.011367,0.166374,-26.3345,-13.847,ok
NEG-deslocado,circunflexo,negligência,0.085837,0.011305,0.061274,-26.3169,-16.516,ok
NEG-gerador,circunflexo,influência,-0.057252,0.268553,0.206893,-19.2332,-24.0287,ok
POS-pintado,circunflexo,influência,0.145038,0.011326,0.12597,-26.6618,-15.002,ok
NEG-deslocado,circunflexo,influência,0.076336,0.011351,0.047084,-26.4742,-17.5038,ok
NEG-gerador,circunflexo,ineficiência,0.020548,0.238659,0.089992,-18.2613,-22.2172,ok
POS-pintado,circunflexo,ineficiência,0.10274,0.008981,0.10814,-27.4473,-15.6854,ok
NEG-deslocado,circunflexo,ineficiência,0.0,0.011794,0.0,-26.3612,-120.0,ok
NEG-gerador,circunflexo,porquê,-0.014888,0.219282,0.213163,-19.6618,-23.7138,janela 5
POS-pintado,circunflexo,porquê,0.148883,0.006489,0.385509,-24.1127,-7.219,janela 5
NEG-deslocado,circunflexo,porquê,-0.004963,0.00929,0.0,-22.5081,-120.0,janela 5
NEG-gerador,circunflexo,pôde,-0.078358,0.108692,0.096321,-21.2531,-21.8668,ok
POS-pintado,circunflexo,pôde,0.186567,0.01407,0.152482,-25.1472,-13.67,ok
NEG-deslocado,circunflexo,pôde,0.085821,0.013176,0.059679,-25.4353,-16.592,ok
NEG-gerador,til,depressão,0.036667,0.130611,0.156013,-21.5214,-22.6365,ok
POS-pintado,til,depressão,0.15,0.012858,0.174135,-25.7228,-13.4909,ok
NEG-deslocado,til,depressão,0.0,0.011542,0.0,-26.5949,-120.0,ok
NEG-gerador,til,cidadãos,-0.061111,0.308106,0.351379,-17.0863,-16.8599,ok
POS-pintado,til,cidadãos,0.073611,0.014434,0.096407,-24.7938,-15.2741,ok
NEG-deslocado,til,cidadãos,-0.005556,0.016255,0.0,-23.6759,-120.0,ok
NEG-gerador,til,questão,-0.061086,0.240335,0.290684,-18.7208,-20.5085,ok
POS-pintado,til,questão,0.117647,0.013826,0.245095,-25.0435,-12.3638,ok
NEG-deslocado,til,questão,-0.006787,0.012631,0.0,-25.035,-120.0,ok
NEG-gerador,til,exclusão,0.018484,0.199339,0.04039,-19.536,-27.6419,ok
POS-pintado,til,exclusão,0.140481,0.016314,0.110246,-23.4216,-13.9725,ok
NEG-deslocado,til,exclusão,0.0,0.015091,0.0,-24.5073,-120.0,ok
NEG-gerador,til,regiões,0.02008,0.178482,0.275686,-20.6157,-19.6233,ok
POS-pintado,til,regiões,0.204819,0.010262,0.499669,-25.1015,-9.3918,ok
NEG-deslocado,til,regiões,0.108434,0.010383,0.18158,-25.264,-12.3834,ok
NEG-gerador,til,visão,0.069182,0.49172,0.193649,-14.5598,-18.7909,ok
POS-pintado,til,visão,0.143606,0.023801,0.144378,-20.8043,-12.108,ok
NEG-deslocado,til,visão,0.053459,0.018973,0.059726,-23.3044,-16.3994,ok
NEG-gerador,cedilha,doenças,-0.007353,0.259276,0.200176,-17.17,-26.4629,janela 3
POS-pintado,cedilha,doenças,0.123162,0.00652,0.326746,-23.2095,-5.5724,janela 3
NEG-deslocado,cedilha,doenças,0.064338,0.007521,0.157923,-23.4298,-8.2936,janela 3
NEG-gerador,cedilha,doença,0.0,0.227774,0.052869,-18.8224,-42.7699,janela 5
POS-pintado,cedilha,doença,0.166008,0.007003,0.390624,-22.9738,-6.9362,janela 5
NEG-deslocado,cedilha,doença,0.0,0.007292,0.0,-22.9935,-120.0,janela 5
NEG-gerador,cedilha,espaço,0.004386,0.295591,0.131785,-18.1673,-20.0719,ok
POS-pintado,cedilha,espaço,0.063596,0.011041,0.063492,-26.3931,-17.683,ok
NEG-deslocado,cedilha,espaço,-0.008772,0.01661,0.0,-24.1887,-120.0,ok
NEG-gerador,cedilha,preço,0.042062,0.323839,0.049462,-16.2613,-27.1313,ok
POS-pintado,cedilha,preço,0.151967,0.02267,0.103992,-21.723,-13.7585,ok
NEG-deslocado,cedilha,preço,0.077341,0.021466,0.042317,-21.6101,-16.4688,ok
NEG-gerador,cedilha,espaços,0.0,0.502947,0.017114,-14.3274,-41.0489,ok
POS-pintado,cedilha,espaços,0.178908,0.018402,0.135821,-22.4314,-12.8351,ok
NEG-deslocado,cedilha,espaços,0.094162,0.018317,0.054306,-22.4234,-15.6115,ok
NEG-gerador,cedilha,presença,0.031111,0.497061,0.106368,-14.7849,-21.2786,ok
POS-pintado,cedilha,presença,0.208889,0.018305,0.132616,-22.4393,-12.9196,ok
NEG-deslocado,cedilha,presença,-0.002222,0.018315,0.0,-22.4328,-120.0,ok
NEG-gerador,agudo,país,0.170732,0.250588,0.423617,-18.5306,-16.1644,ok
POS-pintado,agudo,país,0.089431,0.007994,0.114213,-28.7305,-16.041,ok
NEG-deslocado,agudo,país,0.02439,0.005867,0.019506,-30.2165,-20.8713,ok
NEG-gerador,agudo,indivíduos,0.0,0.079369,0.00447,-24.383,-52.2255,ok
POS-pintado,agudo,indivíduos,0.225,0.012793,0.092508,-25.6735,-15.5268,ok
NEG-deslocado,agudo,indivíduos,0.12,0.012495,0.035228,-25.6759,-18.2495,ok
NEG-gerador,agudo,está,-0.001736,0.022966,0.028486,-31.8454,-29.5039,ok
POS-pintado,agudo,está,0.133681,0.017516,0.115606,-23.3782,-14.0306,ok
NEG-deslocado,agudo,está,-0.012153,0.017209,0.0,-23.2321,-120.0,ok
NEG-gerador,agudo,filósofo,-0.152941,0.211242,0.145072,-19.3949,-21.5624,ok
POS-pintado,agudo,filósofo,0.129412,0.010161,0.120528,-27.0254,-15.1506,ok
NEG-deslocado,agudo,filósofo,0.058824,0.009911,0.042485,-27.042,-17.8023,ok
NEG-gerador,agudo,viés,0.00314,0.090809,0.084821,-24.6113,-28.8148,ok
POS-pintado,agudo,viés,0.153846,0.019904,0.215761,-22.3758,-11.4076,ok
NEG-deslocado,agudo,viés,0.078493,0.018723,0.082631,-22.1458,-13.9762,ok
NEG-gerador,agudo,será,-0.01354,0.305539,0.297141,-17.654,-22.2557,janela 3
POS-pintado,agudo,será,0.11412,0.021847,0.349526,-19.18,-5.6378,janela 3
NEG-deslocado,agudo,será,-0.001934,0.02532,0.0,-18.729,-120.0,janela 3
NEG-gerador,grave,àqueles,-0.070707,0.138812,0.147634,-21.2618,-20.1795,ok
POS-pintado,grave,àqueles,0.175084,0.012686,0.375741,-25.2109,-10.9625,ok
NEG-deslocado,grave,àqueles,0.0,0.012427,0.0,-25.1022,-120.0,ok
NEG-gerador,grave,àquele,0.032258,0.038317,0.047406,-27.0958,-27.3503,ok
POS-pintado,grave,àquele,0.193548,0.014263,0.251793,-24.5375,-11.7735,ok
NEG-deslocado,grave,àquele,0.0,0.013575,0.0,-24.5526,-120.0,ok
NEG-gerador,grave,àquela,0.02807,0.029983,0.033452,-27.9532,-31.817,ok
POS-pintado,grave,àquela,0.150877,0.012207,0.202935,-26.0031,-13.2391,ok
NEG-deslocado,grave,àquela,0.0,0.012256,0.0,-25.6918,-120.0,ok
NEG-gerador,grave,àquelas,0.0,0.06432,0.013495,-25.499,-39.0007,ok
POS-pintado,grave,àquelas,0.219409,0.013067,0.333601,-25.1199,-11.1711,ok
NEG-deslocado,grave,àquelas,0.0,0.011927,0.0,-25.4125,-120.0,ok
NEG-gerador,grave,èpoque,0.003185,0.037094,0.010885,-29.9741,-34.0729,ok
POS-pintado,grave,èpoque,0.092357,0.01015,0.36268,-27.2305,-12.8242,ok
NEG-deslocado,grave,èpoque,-0.009554,0.0121,0.0,-26.16,-120.0,ok
NEG-gerador,circunflexo,importância,-0.017857,0.134086,0.246771,-21.6735,-18.595,ok
POS-pintado,circunflexo,importância,0.142857,0.009856,0.098653,-28.145,-16.5851,ok
NEG-deslocado,circunflexo,importância,0.035714,0.007566,0.011961,-29.0847,-21.3017,ok
NEG-gerador,circunflexo,negligência,0.017699,0.107042,0.012428,-23.0501,-35.3422,ok
POS-pintado,circunflexo,negligência,0.168142,0.011199,0.178193,-26.3451,-13.6457,ok
NEG-deslocado,circunflexo,negligência,0.088496,0.011272,0.06569,-26.2922,-16.2779,ok
NEG-gerador,circunflexo,influência,-0.057692,0.185267,0.101168,-19.5262,-22.9041,ok
POS-pintado,circunflexo,influência,0.111538,0.008374,0.081824,-27.8325,-16.5341,ok
NEG-deslocado,circunflexo,influência,0.080769,0.011406,0.042307,-26.5391,-17.9071,ok
NEG-gerador,circunflexo,ineficiência,-0.045455,0.22793,0.070994,-18.8911,-22.5172,ok
POS-pintado,circunflexo,ineficiência,0.128788,0.010245,0.117294,-26.8014,-15.0394,ok
NEG-deslocado,circunflexo,ineficiência,-0.007576,0.01163,0.0,-26.2914,-120.0,ok
NEG-gerador,circunflexo,porquê,-0.016722,0.197952,0.04066,-19.3683,-30.9037,janela 5
POS-pintado,circunflexo,porquê,0.150502,0.005446,0.426936,-25.2899,-8.4605,janela 5
NEG-deslocado,circunflexo,porquê,-0.006689,0.007276,0.0,-23.2218,-120.0,janela 5
NEG-gerador,circunflexo,pôde,0.013986,0.065059,0.013954,-24.0397,-36.8346,ok
POS-pintado,circunflexo,pôde,0.157343,0.012761,0.162897,-25.6667,-13.6929,ok
NEG-deslocado,circunflexo,pôde,0.073427,0.011154,0.061697,-26.5302,-16.6743,ok
NEG-gerador,til,depressão,-0.006309,0.223041,0.049858,-18.6567,-26.4661,ok
POS-pintado,til,depressão,0.189274,0.014212,0.220326,-24.4471,-12.0801,ok
NEG-deslocado,til,depressão,0.0,0.013671,0.0,-24.7648,-120.0,ok
NEG-gerador,til,cidadãos,-0.070513,0.381764,0.607179,-16.3278,-14.8641,ok
POS-pintado,til,cidadãos,0.057692,0.015856,0.121669,-24.7977,-14.9784,ok
NEG-deslocado,til,cidadãos,-0.003846,0.018114,0.0,-22.6186,-120.0,ok
NEG-gerador,til,questão,0.012626,0.163595,0.166229,-19.8616,-18.2995,ok
POS-pintado,til,questão,0.14899,0.013876,0.373313,-24.6301,-10.7596,ok
NEG-deslocado,til,questão,-0.002525,0.013585,0.0,-24.4208,-120.0,ok
NEG-gerador,til,exclusão,0.045455,0.304591,0.078379,-18.3455,-27.1894,ok
POS-pintado,til,exclusão,0.143939,0.016148,0.13115,-23.4075,-13.3585,ok
NEG-deslocado,til,exclusão,0.0,0.013938,0.0,-24.1357,-120.0,ok
NEG-gerador,til,regiões,-0.011952,0.22288,0.280695,-19.4003,-20.4926,ok
POS-pintado,til,regiões,0.155378,0.011398,0.415663,-26.3354,-11.4176,ok
NEG-deslocado,til,regiões,0.083665,0.01117,0.130264,-26.3054,-14.0971,ok
NEG-gerador,til,visão,0.022026,0.284076,0.091131,-17.4889,-24.8776,ok
POS-pintado,til,visão,0.160793,0.025627,0.150228,-20.4471,-11.8593,ok
NEG-deslocado,til,visão,0.079295,0.025279,0.063311,-21.3552,-15.137,ok
NEG-gerador,cedilha,doenças,-0.023622,0.199119,0.47954,-18.7323,-18.9876,janela 5
POS-pintado,cedilha,doenças,0.143701,0.005435,0.405987,-23.6457,-6.2727,janela 5
NEG-deslocado,cedilha,doenças,0.072835,0.00735,0.187126,-23.8053,-9.1483,janela 5
NEG-gerador,cedilha,doença,0.00237,0.172217,0.17025,-19.6447,-27.7004,janela 5
POS-pintado,cedilha,doença,0.196682,0.006893,0.39302,-23.0161,-6.9785,janela 5
NEG-deslocado,cedilha,doença,-0.00237,0.007115,0.0,-23.0994,-120.0,janela 5
NEG-gerador,cedilha,espaço,0.0,0.656878,0.290832,-14.8092,-30.4237,ok
POS-pintado,cedilha,espaço,0.128671,0.019551,0.111288,-22.5784,-13.7707,ok
NEG-deslocado,cedilha,espaço,0.0,0.019394,0.0,-23.2994,-120.0,ok
NEG-gerador,cedilha,preço,0.060453,0.164595,0.038405,-20.2055,-28.2344,ok
POS-pintado,cedilha,preço,0.191436,0.017242,0.092262,-23.485,-14.7054,ok
NEG-deslocado,cedilha,preço,0.100756,0.017001,0.036919,-23.4198,-17.427,ok
NEG-gerador,cedilha,espaços,0.0,0.440183,0.005064,-15.7607,-53.6115,ok
POS-pintado,cedilha,espaços,0.232274,0.018399,0.135779,-22.4205,-12.8242,ok
NEG-deslocado,cedilha,espaços,0.122249,0.018343,0.054306,-22.4241,-15.6129,ok
NEG-gerador,cedilha,presença,-0.017588,0.363344,0.039846,-15.7408,-23.423,ok
POS-pintado,cedilha,presença,0.140704,0.014891,0.087619,-24.6574,-15.4203,ok
NEG-deslocado,cedilha,presença,-0.002513,0.014967,0.0,-24.7497,-120.0,ok
NEG-gerador,agudo,país,-0.009217,0.196168,0.315576,-18.903,-18.1336,ok
POS-pintado,agudo,país,0.092166,0.011858,0.125117,-26.3205,-15.0363,ok
NEG-deslocado,agudo,país,0.0,0.007367,0.015449,-28.5616,-22.6338,ok
NEG-gerador,agudo,indivíduos,0.042105,0.112122,0.090188,-22.8602,-30.4139,ok
POS-pintado,agudo,indivíduos,0.236842,0.01227,0.090081,-25.6856,-15.6285,ok
NEG-deslocado,agudo,indivíduos,0.126316,0.012658,0.034401,-25.6766,-18.3419,ok
NEG-gerador,agudo,está,0.032316,0.021893,0.034375,-31.9255,-30.4225,ok
POS-pintado,agudo,está,0.116697,0.015368,0.100854,-24.3331,-14.856,ok
NEG-deslocado,agudo,está,-0.005386,0.015832,0.0,-24.0446,-120.0,ok
NEG-gerador,agudo,filósofo,0.085526,0.369767,0.187123,-16.8608,-19.6127,ok
POS-pintado,agudo,filósofo,0.138158,0.00829,0.074946,-29.0205,-17.6244,ok
NEG-deslocado,agudo,filósofo,-0.013158,0.005288,0.010321,-31.595,-23.4785,ok
NEG-gerador,agudo,viés,0.037143,0.100254,0.105965,-23.0461,-25.4617,ok
POS-pintado,agudo,viés,0.152857,0.022279,0.267477,-21.9442,-10.6636,ok
NEG-deslocado,agudo,viés,0.081429,0.020494,0.10374,-21.6534,-13.1934,ok
NEG-gerador,agudo,será,0.04717,0.331191,0.139323,-17.9345,-24.7875,ok
POS-pintado,agudo,será,0.228512,0.035592,0.264138,-18.7901,-9.6126,ok
NEG-deslocado,agudo,será,-0.004193,0.026937,0.0,-22.7869,-120.0,ok
NEG-gerador,grave,àqueles,0.035857,0.091426,0.031743,-22.0667,-31.0097,ok
POS-pintado,grave,àqueles,0.207171,0.012589,0.299172,-25.0453,-11.3768,ok
NEG-deslocado,grave,àqueles,0.0,0.011958,0.0,-25.2245,-120.0,ok
NEG-gerador,grave,àquele,-0.009174,0.064658,0.014303,-29.3929,-35.4885,ok
POS-pintado,grave,àquele,0.137615,0.010073,0.252682,-26.7635,-13.095,ok
NEG-deslocado,grave,àquele,-0.013761,0.012724,0.0,-25.2063,-120.0,ok
NEG-gerador,grave,àquela,-0.052863,0.098303,0.066047,-23.2928,-25.6744,ok
POS-pintado,grave,àquela,0.140969,0.009428,0.139009,-27.1127,-14.8318,ok
NEG-deslocado,grave,àquela,0.0,0.012317,0.0,-25.8242,-120.0,ok
NEG-gerador,grave,àquelas,0.004032,0.051664,0.005913,-26.9756,-41.4425,ok
POS-pintado,grave,àquelas,0.205645,0.012611,0.299692,-25.0552,-11.3867,ok
NEG-deslocado,grave,àquelas,-0.004032,0.011804,0.0,-25.1407,-120.0,ok
NEG-gerador,grave,èpoque,0.02509,0.089719,0.05485,-23.8493,-26.9992,ok
POS-pintado,grave,èpoque,0.121864,0.010516,0.317533,-27.0422,-12.8498,ok
NEG-deslocado,grave,èpoque,-0.003584,0.010045,0.0,-27.373,-120.0,ok
NEG-gerador,circunflexo,importância,-0.045139,0.224231,0.167695,-19.7037,-27.3649,ok
POS-pintado,circunflexo,importância,0.086806,0.009532,0.103179,-28.3995,-16.6693,ok
NEG-deslocado,circunflexo,importância,0.020833,0.007324,0.017424,-29.6282,-21.9984,ok
NEG-gerador,circunflexo,negligência,0.0,0.075265,0.004221,-25.5649,-51.3333,ok
POS-pintado,circunflexo,negligência,0.195,0.011752,0.16644,-26.2949,-13.8074,ok
NEG-deslocado,circunflexo,negligência,0.105,0.010709,0.06129,-26.2879,-16.4817,ok
NEG-gerador,circunflexo,influência,-0.05638,0.184242,0.081282,-20.6852,-24.9806,ok
POS-pintado,circunflexo,influência,0.10089,0.010058,0.092718,-26.6756,-15.724,ok
NEG-deslocado,circunflexo,influência,0.065282,0.011259,0.040828,-26.3708,-17.7168,ok
NEG-gerador,circunflexo,ineficiência,-0.006369,0.16416,0.06703,-20.2653,-26.456,ok
POS-pintado,circunflexo,ineficiência,0.11465,0.011024,0.12815,-26.5996,-14.7329,ok
NEG-deslocado,circunflexo,ineficiência,-0.006369,0.011761,0.0,-26.4372,-120.0,ok
NEG-gerador,circunflexo,porquê,-0.015936,0.239534,0.129071,-20.6162,-26.8224,janela 5
POS-pintado,circunflexo,porquê,0.286853,0.006928,0.40727,-23.8017,-7.5008,janela 5
NEG-deslocado,circunflexo,porquê,-0.003984,0.006433,0.0,-23.5725,-120.0,janela 5
NEG-gerador,circunflexo,pôde,-0.029304,0.079653,0.059651,-23.4625,-24.1593,ok
POS-pintado,circunflexo,pôde,0.186813,0.013921,0.178419,-25.1133,-13.1395,ok
NEG-deslocado,circunflexo,pôde,0.087912,0.013434,0.061936,-25.3584,-16.6048,ok
NEG-gerador,til,depressão,0.031847,0.204709,0.091227,-18.2465,-23.0419,ok
POS-pintado,til,depressão,0.191083,0.01412,0.214463,-24.4373,-12.1158,ok
NEG-deslocado,til,depressão,0.0,0.013617,0.0,-24.5482,-120.0,ok
NEG-gerador,til,cidadãos,-0.030713,0.279884,0.342877,-17.1754,-16.7264,ok
POS-pintado,til,cidadãos,0.076167,0.015336,0.108822,-24.4287,-14.6094,ok
NEG-deslocado,til,cidadãos,0.0,0.016572,0.0,-23.5484,-120.0,ok
NEG-gerador,til,questão,-0.002525,0.222532,0.252659,-18.7087,-18.0627,ok
POS-pintado,til,questão,0.14899,0.014094,0.25414,-24.5872,-11.8232,ok
NEG-deslocado,til,questão,-0.002525,0.013565,0.0,-24.5057,-120.0,ok
NEG-gerador,til,exclusão,-0.046263,0.293306,0.059324,-17.3286,-22.827,ok
POS-pintado,til,exclusão,0.119217,0.016367,0.113573,-23.7989,-14.2026,ok
NEG-deslocado,til,exclusão,-0.007117,0.014806,0.0,-24.8151,-120.0,ok
NEG-gerador,til,regiões,-0.020325,0.206995,0.147029,-20.0236,-27.7614,ok
POS-pintado,til,regiões,0.158537,0.011422,0.498508,-26.3823,-11.0866,ok
NEG-deslocado,til,regiões,0.085366,0.011639,0.183451,-26.3081,-13.7044,ok
NEG-gerador,til,visão,0.005935,0.233201,0.041375,-17.1044,-28.4223,ok
POS-pintado,til,visão,0.12364,0.022429,0.14694,-21.2118,-12.1426,ok
NEG-deslocado,til,visão,0.040554,0.015226,0.055656,-24.2972,-16.8591,ok
NEG-gerador,cedilha,doenças,-0.001838,0.209183,0.231854,-18.7319,-30.4666,janela 3
POS-pintado,cedilha,doenças,0.091912,0.006879,0.316213,-23.349,-5.7549,janela 3
NEG-deslocado,cedilha,doenças,0.047794,0.00745,0.153742,-23.4278,-8.3537,janela 3
NEG-gerador,cedilha,doença,-0.02004,0.287467,0.294844,-17.0347,-22.464,janela 3
POS-pintado,cedilha,doença,0.148297,0.006506,0.345715,-23.5498,-5.687,janela 3
NEG-deslocado,cedilha,doença,-0.002004,0.007147,0.0,-23.0696,-120.0,janela 3
NEG-gerador,cedilha,espaço,-0.025052,0.517382,0.372203,-16.685,-27.7209,ok
POS-pintado,cedilha,espaço,0.194154,0.018777,0.135222,-22.9882,-13.3919,ok
NEG-deslocado,cedilha,espaço,-0.004175,0.018955,0.0,-22.8842,-120.0,ok
NEG-gerador,cedilha,preço,0.298137,0.248986,0.193965,-17.7356,-17.067,ok
POS-pintado,cedilha,preço,0.196687,0.018758,0.105844,-22.4552,-13.755,ok
NEG-deslocado,cedilha,preço,0.10352,0.018502,0.042339,-22.4321,-16.5191,ok
NEG-gerador,cedilha,espaços,-0.090686,0.528438,0.10978,-15.1752,-23.1495,ok
POS-pintado,cedilha,espaços,0.178922,0.017449,0.096223,-23.5134,-14.8092,ok
NEG-deslocado,cedilha,espaços,0.102941,0.018195,0.040071,-22.9916,-17.0848,ok
NEG-gerador,cedilha,presença,0.00978,0.356527,0.215309,-16.1617,-21.6099,ok
POS-pintado,cedilha,presença,0.178484,0.01625,0.109037,-23.4112,-14.0316,ok
NEG-deslocado,cedilha,presença,-0.007335,0.016562,0.0,-23.4121,-120.0,ok
NEG-gerador,agudo,país,0.122727,0.198648,0.456547,-20.4297,-17.9726,ok
POS-pintado,agudo,país,0.147727,0.015491,0.283402,-23.9147,-11.1356,ok
NEG-deslocado,agudo,país,0.075,0.015145,0.111521,-23.9719,-14.0078,ok
NEG-gerador,agudo,indivíduos,0.012605,0.035336,0.028509,-28.9304,-33.4947,ok
POS-pintado,agudo,indivíduos,0.189076,0.011865,0.089031,-25.7244,-15.5777,ok
NEG-deslocado,agudo,indivíduos,0.10084,0.012105,0.03519,-25.697,-18.2452,ok
NEG-gerador,agudo,está,0.0181,0.029331,0.03863,-29.8488,-31.2964,ok
POS-pintado,agudo,está,0.079186,0.012924,0.074534,-25.6519,-16.6716,ok
NEG-deslocado,agudo,está,-0.020362,0.01537,0.0,-24.3686,-120.0,ok
NEG-gerador,agudo,filósofo,0.016949,0.390071,0.120588,-16.4854,-21.719,ok
POS-pintado,agudo,filósofo,0.124294,0.008048,0.073814,-28.8894,-17.5945,ok
NEG-deslocado,agudo,filósofo,0.016949,0.004227,0.009038,-32.382,-24.4993,ok
NEG-gerador,agudo,viés,-0.020882,0.042841,0.098898,-27.1835,-27.1522,ok
POS-pintado,agudo,viés,0.140371,0.023786,0.304172,-21.1888,-9.8364,ok
NEG-deslocado,agudo,viés,0.070766,0.021761,0.113961,-21.2861,-13.0408,ok
NEG-gerador,agudo,será,-0.003712,0.093597,0.045408,-24.1361,-34.3646,ok
POS-pintado,agudo,será,0.218263,0.026647,0.459742,-17.6756,-4.4746,ok
NEG-deslocado,agudo,será,-0.001485,0.025016,0.0,-18.3337,-120.0,ok
NEG-gerador,grave,àqueles,0.011858,0.078581,0.044083,-24.9435,-26.0134,ok
POS-pintado,grave,àqueles,0.114625,0.009903,0.292238,-26.9764,-12.728,ok
NEG-deslocado,grave,àqueles,-0.007905,0.011817,0.0,-25.3564,-120.0,ok
NEG-gerador,grave,àquele,-0.110638,0.24516,0.283373,-19.2929,-20.7148,ok
POS-pintado,grave,àquele,0.148936,0.010349,0.159747,-26.9752,-14.3735,ok
NEG-deslocado,grave,àquele,0.0,0.011049,0.0,-26.3833,-120.0,ok
NEG-gerador,grave,àquela,-0.004831,0.022894,0.02316,-31.5079,-39.0036,ok
POS-pintado,grave,àquela,0.15942,0.01034,0.243783,-27.043,-12.8922,ok
NEG-deslocado,grave,àquela,0.0,0.010025,0.0,-27.1497,-120.0,ok
NEG-gerador,grave,àquelas,0.00738,0.02391,0.042713,-31.3271,-29.9261,ok
POS-pintado,grave,àquelas,0.169742,0.01262,0.469512,-25.2749,-10.7046,ok
NEG-deslocado,grave,àquelas,-0.01107,0.013159,0.0,-24.5036,-120.0,ok
NEG-gerador,grave,èpoque,0.011029,0.024548,0.00741,-30.7412,-33.965,ok
POS-pintado,grave,èpoque,0.143382,0.006577,0.381272,-26.3058,-10.3525,ok
NEG-deslocado,grave,èpoque,-0.003676,0.00907,0.0,-24.4208,-120.0,ok
NEG-gerador,circunflexo,importância,0.213768,0.236108,0.588273,-19.3291,-16.2352,ok
POS-pintado,circunflexo,importância,0.094203,0.009713,0.099655,-28.1144,-16.5545,ok
NEG-deslocado,circunflexo,importância,0.025362,0.007306,0.013268,-29.4618,-22.1309,ok
NEG-gerador,circunflexo,negligência,0.0,0.083927,0.007492,-24.826,-39.2415,ok
POS-pintado,circunflexo,negligência,0.158333,0.011465,0.173857,-26.3231,-13.7213,ok
NEG-deslocado,circunflexo,negligência,0.083333,0.011136,0.064005,-26.2949,-16.3739,ok
NEG-gerador,circunflexo,influência,-0.038462,0.213639,0.207472,-19.9353,-23.9521,ok
POS-pintado,circunflexo,influência,0.142308,0.010297,0.120553,-26.6823,-14.9203,ok
NEG-deslocado,circunflexo,influência,0.080769,0.010652,0.044992,-26.4385,-17.3601,ok
NEG-gerador,circunflexo,ineficiência,0.086022,0.153033,0.137371,-20.7901,-22.4016,ok
POS-pintado,circunflexo,ineficiência,0.089606,0.0086,0.088489,-27.9082,-16.4681,ok
NEG-deslocado,circunflexo,ineficiência,-0.003584,0.009978,0.0,-27.5316,-120.0,ok
NEG-gerador,circunflexo,porquê,0.0,0.276894,0.050761,-18.9465,-37.3117,janela 3
POS-pintado,circunflexo,porquê,0.228916,0.00916,0.319011,-22.8502,-5.6589,janela 3
NEG-deslocado,circunflexo,porquê,0.0,0.008186,0.0,-22.4933,-120.0,janela 3
NEG-gerador,circunflexo,pôde,-0.049869,0.128173,0.158237,-20.7273,-24.4037,ok
POS-pintado,circunflexo,pôde,0.115486,0.012763,0.162994,-25.6812,-13.7073,ok
NEG-deslocado,circunflexo,pôde,0.052493,0.010155,0.061365,-27.4691,-17.1568,ok
NEG-gerador,til,depressão,0.003546,0.190772,0.057301,-18.8506,-26.7838,ok
POS-pintado,til,depressão,0.159574,0.012803,0.17425,-25.7026,-13.4706,ok
NEG-deslocado,til,depressão,0.0,0.010472,0.0,-26.6833,-120.0,ok
NEG-gerador,til,cidadãos,-0.098,0.317279,0.184252,-16.7254,-18.9312,ok
POS-pintado,til,cidadãos,0.116,0.014467,0.10305,-24.6487,-14.91,ok
NEG-deslocado,til,cidadãos,0.0,0.016487,0.0,-23.8495,-120.0,ok
NEG-gerador,til,questão,-0.009901,0.199325,0.172127,-19.1878,-22.5591,ok
POS-pintado,til,questão,0.148515,0.014375,0.285997,-24.6598,-11.5465,ok
NEG-deslocado,til,questão,0.0,0.013475,0.0,-24.4657,-120.0,ok
NEG-gerador,til,exclusão,0.001629,0.258302,0.054762,-18.0861,-24.3609,ok
POS-pintado,til,exclusão,0.123779,0.016615,0.133758,-23.4076,-13.3371,ok
NEG-deslocado,til,exclusão,0.0,0.014924,0.0,-24.7517,-120.0,ok
NEG-gerador,til,regiões,-0.008621,0.22165,0.131823,-19.145,-26.6637,ok
POS-pintado,til,regiões,0.224138,0.009141,0.499811,-25.0631,-8.8959,ok
NEG-deslocado,til,regiões,0.116379,0.00909,0.182967,-25.2073,-11.8604,ok
NEG-gerador,til,visão,0.06544,0.402659,0.100774,-15.5872,-22.4461,ok
POS-pintado,til,visão,0.126789,0.022553,0.171471,-21.186,-11.58,ok
NEG-deslocado,til,visão,0.060327,0.018594,0.070266,-22.8895,-14.9367,ok
NEG-gerador,cedilha,doenças,0.0,0.185048,0.215227,-18.5763,-30.4431,janela 3
POS-pintado,cedilha,doenças,0.107143,0.005009,0.332699,-24.074,-5.5025,janela 3
NEG-deslocado,cedilha,doenças,0.056723,0.006228,0.157077,-24.4052,-8.3273,janela 3
NEG-gerador,cedilha,doença,0.162741,0.215974,0.642626,-18.763,-12.2766,janela 5
POS-pintado,cedilha,doença,0.179872,0.007243,0.397499,-22.9861,-6.0924,janela 5
NEG-deslocado,cedilha,doença,0.0,0.006863,0.0,-23.0461,-120.0,janela 5
NEG-gerador,cedilha,espaço,0.0,0.55273,0.168451,-14.8389,-33.5577,ok
POS-pintado,cedilha,espaço,0.204545,0.022062,0.15345,-21.2032,-12.0058,ok
NEG-deslocado,cedilha,espaço,0.0,0.022153,0.0,-21.8638,-120.0,ok
NEG-gerador,cedilha,preço,0.092873,0.216748,0.125358,-18.8784,-20.6145,ok
POS-pintado,cedilha,preço,0.138229,0.016408,0.092338,-24.0421,-15.2061,ok
NEG-deslocado,cedilha,preço,0.077754,0.016792,0.037609,-23.4202,-17.3637,ok
NEG-gerador,cedilha,espaços,0.0,0.530044,0.020869,-14.7041,-41.7785,ok
POS-pintado,cedilha,espaços,0.198113,0.02029,0.132489,-21.9906,-12.7954,ok
NEG-deslocado,cedilha,espaços,0.103774,0.019836,0.053951,-22.0,-15.6132,ok
NEG-gerador,cedilha,presença,0.054545,0.342326,0.145744,-16.8265,-24.8247,ok
POS-pintado,cedilha,presença,0.197403,0.017107,0.109599,-23.3986,-14.019,ok
NEG-deslocado,cedilha,presença,0.0,0.017048,0.0,-23.4487,-120.0,ok
NEG-gerador,agudo,país,0.081281,0.25561,0.510703,-17.1476,-16.4037,ok
POS-pintado,agudo,país,0.123153,0.013502,0.259317,-25.1194,-12.06,ok
NEG-deslocado,agudo,país,0.064039,0.013388,0.102856,-25.186,-14.893,ok
NEG-gerador,agudo,indivíduos,-0.010101,0.146941,0.04875,-21.6352,-27.4161,ok
POS-pintado,agudo,indivíduos,0.151515,0.012263,0.086961,-25.7298,-15.8024,ok
NEG-deslocado,agudo,indivíduos,0.080808,0.012737,0.033189,-25.6553,-18.4559,ok
NEG-gerador,agudo,está,0.005093,0.032124,0.048524,-29.3817,-27.8504,ok
POS-pintado,agudo,está,0.081494,0.014281,0.090257,-25.054,-15.8324,ok
NEG-deslocado,agudo,está,-0.010187,0.015709,0.0,-24.015,-120.0,ok
NEG-gerador,agudo,filósofo,0.0,0.131006,0.064376,-22.2318,-25.3231,ok
POS-pintado,agudo,filósofo,0.136531,0.010959,0.118756,-26.3098,-14.8139,ok
NEG-deslocado,agudo,filósofo,0.051661,0.009773,0.035379,-26.8495,-18.3482,ok
NEG-gerador,agudo,viés,0.0125,0.142756,0.098223,-19.6253,-24.9813,ok
POS-pintado,agudo,viés,0.207812,0.022742,0.322898,-20.9804,-9.4052,ok
NEG-deslocado,agudo,viés,0.109375,0.021128,0.128039,-21.3735,-12.1776,ok
NEG-gerador,agudo,será,-0.011673,0.166063,0.182873,-22.3989,-23.8271,ok
POS-pintado,agudo,será,0.220817,0.03676,0.442618,-18.5334,-8.1065,ok
NEG-deslocado,agudo,será,-0.009728,0.029969,0.0,-20.7929,-120.0,ok
NEG-gerador,grave,àqueles,0.0,0.025538,0.021266,-29.9173,-31.1536,ok
POS-pintado,grave,àqueles,0.128788,0.010409,0.27232,-26.5869,-12.9184,ok
NEG-deslocado,grave,àqueles,-0.003788,0.011809,0.0,-25.2744,-120.0,ok
NEG-gerador,grave,àquele,0.0,0.066197,0.02328,-26.1472,-33.6653,ok
POS-pintado,grave,àquele,0.218487,0.013083,0.419121,-25.1202,-10.4579,ok
NEG-deslocado,grave,àquele,0.0,0.012866,0.0,-25.1822,-120.0,ok
NEG-gerador,grave,àquela,-0.005291,0.031122,0.01148,-29.2096,-37.5259,ok
POS-pintado,grave,àquela,0.206349,0.011627,0.238718,-26.2993,-12.692,ok
NEG-deslocado,grave,àquela,0.0,0.011133,0.0,-26.2747,-120.0,ok
NEG-gerador,grave,àquelas,0.0,0.072202,0.011136,-25.911,-38.2179,ok
POS-pintado,grave,àquelas,0.170833,0.011894,0.323682,-25.7931,-11.8443,ok
NEG-deslocado,grave,àquelas,-0.016667,0.01094,0.0,-26.1371,-120.0,ok
NEG-gerador,grave,èpoque,0.013158,0.037895,0.014634,-29.4289,-34.3053,ok
POS-pintado,grave,èpoque,0.131579,0.007723,0.427778,-25.9978,-10.2084,ok
NEG-deslocado,grave,èpoque,-0.006579,0.009501,0.0,-23.9512,-120.0,ok
NEG-gerador,circunflexo,importância,-0.033457,0.155821,0.243932,-21.0696,-18.306,ok
POS-pintado,circunflexo,importância,0.092937,0.009387,0.098067,-28.3217,-16.7618,ok
NEG-deslocado,circunflexo,importância,0.018587,0.007247,0.015095,-29.5546,-22.2837,ok
NEG-gerador,circunflexo,negligência,0.0,0.082406,0.001383,-24.464,-57.1617,ok
POS-pintado,circunflexo,negligência,0.177273,0.01175,0.178348,-26.2843,-13.585,ok
NEG-deslocado,circunflexo,negligência,0.095455,0.011006,0.065696,-26.2791,-16.2633,ok
NEG-gerador,circunflexo,influência,-0.113269,0.150915,0.132093,-21.3837,-21.704,ok
POS-pintado,circunflexo,influência,0.113269,0.009927,0.094361,-26.6158,-15.5977,ok
NEG-deslocado,circunflexo,influência,0.074434,0.012407,0.04346,-25.8631,-17.5642,ok
NEG-gerador,circunflexo,ineficiência,-0.065517,0.198788,0.116462,-20.3055,-22.8236,ok
POS-pintado,circunflexo,ineficiência,0.117241,0.010357,0.103002,-27.0738,-15.6814,ok
NEG-deslocado,circunflexo,ineficiência,0.0,0.009856,0.0,-26.7771,-120.0,ok
NEG-gerador,circunflexo,porquê,0.0,0.357513,0.141821,-17.6656,-41.709,janela 5
POS-pintado,circunflexo,porquê,0.198433,0.006412,0.396568,-23.4533,-6.2228,janela 5
NEG-deslocado,circunflexo,porquê,0.0,0.006488,0.0,-23.6191,-120.0,janela 5
NEG-gerador,circunflexo,pôde,0.026706,0.131302,0.058563,-21.0614,-26.0474,ok
POS-pintado,circunflexo,pôde,0.198813,0.015717,0.244519,-23.8648,-11.5161,ok
NEG-deslocado,circunflexo,pôde,0.091988,0.014884,0.09536,-24.0304,-14.4179,ok
NEG-gerador,til,depressão,-0.063973,0.203065,0.307929,-18.6732,-17.7973,ok
POS-pintado,til,depressão,0.063973,0.007985,0.121106,-28.6167,-16.5967,ok
NEG-deslocado,til,depressão,-0.003367,0.008588,0.0,-27.8924,-120.0,ok
NEG-gerador,til,cidadãos,-0.082988,0.296734,0.385145,-17.3946,-17.5952,ok
POS-pintado,til,cidadãos,0.098202,0.017771,0.136349,-23.3954,-13.5043,ok
NEG-deslocado,til,cidadãos,-0.005533,0.018335,0.0,-22.673,-120.0,ok
NEG-gerador,til,questão,-0.032934,0.225776,0.218175,-18.4635,-19.2248,ok
POS-pintado,til,questão,0.176647,0.01393,0.309684,-24.6405,-11.3329,ok
NEG-deslocado,til,questão,-0.002994,0.013785,0.0,-24.4305,-120.0,ok
NEG-gerador,til,exclusão,-0.163022,0.263452,0.240607,-18.6123,-19.9182,ok
POS-pintado,til,exclusão,0.133201,0.016478,0.113631,-23.8822,-14.2152,ok
NEG-deslocado,til,exclusão,-0.015905,0.015509,0.0,-24.416,-120.0,ok
NEG-gerador,til,regiões,-0.005405,0.18991,0.129381,-20.3309,-27.8496,ok
POS-pintado,til,regiões,0.210811,0.011536,0.498816,-26.3337,-11.0379,ok
NEG-deslocado,til,regiões,0.113514,0.01146,0.172743,-26.5091,-14.0398,ok
NEG-gerador,til,visão,0.045946,0.232191,0.159487,-18.0253,-20.8703,ok
POS-pintado,til,visão,0.07973,0.017233,0.081539,-24.4488,-16.1963,ok
NEG-deslocado,til,visão,0.045946,0.014122,0.029809,-25.1153,-18.9726,ok
NEG-gerador,cedilha,doenças,-0.006048,0.125445,0.108465,-21.1907,-28.3549,janela 3
POS-pintado,cedilha,doenças,0.137097,0.005189,0.324302,-24.0016,-5.5865,janela 3
NEG-deslocado,cedilha,doenças,0.072581,0.006366,0.152893,-24.1919,-8.3531,janela 3
NEG-gerador,cedilha,doença,-0.047404,0.260866,0.600927,-17.3089,-14.4288,janela 5
POS-pintado,cedilha,doença,0.151242,0.005764,0.44665,-24.0363,-7.2069,janela 5
NEG-deslocado,cedilha,doença,-0.002257,0.007205,0.0,-23.1135,-120.0,janela 5
NEG-gerador,cedilha,espaço,-0.06953,0.405493,0.336631,-17.6034,-24.1599,ok
POS-pintado,cedilha,espaço,0.09407,0.013575,0.086939,-25.5876,-16.3371,ok
NEG-deslocado,cedilha,espaço,-0.00818,0.015679,0.0,-24.578,-120.0,ok
NEG-gerador,cedilha,preço,0.009025,0.198577,0.045139,-18.5759,-29.8811,ok
POS-pintado,cedilha,preço,0.205776,0.020663,0.14798,-21.6324,-12.2413,ok
NEG-deslocado,cedilha,preço,0.108303,0.020566,0.058932,-21.6303,-15.0183,ok
NEG-gerador,cedilha,espaços,-0.005396,0.537979,0.028201,-14.8812,-31.1544,ok
POS-pintado,cedilha,espaços,0.169065,0.018694,0.14208,-22.435,-12.6863,ok
NEG-deslocado,cedilha,espaços,0.088129,0.018577,0.056765,-22.4346,-15.4742,ok
NEG-gerador,cedilha,presença,0.106838,0.295323,0.291132,-17.6731,-21.3027,ok
POS-pintado,cedilha,presença,0.162393,0.017185,0.107155,-23.4279,-14.1213,ok
NEG-deslocado,cedilha,presença,0.0,0.017011,0.0,-23.4608,-120.0,ok
NEG-gerador,agudo,país,0.082418,0.189514,0.431912,-19.262,-15.9302,ok
POS-pintado,agudo,país,0.093407,0.009656,0.108352,-26.6396,-15.1624,ok
NEG-deslocado,agudo,país,0.043956,0.008121,0.027629,-27.7797,-19.0392,ok
NEG-gerador,agudo,indivíduos,-0.012876,0.111986,0.03518,-23.265,-33.5674,ok
POS-pintado,agudo,indivíduos,0.193133,0.011841,0.084849,-25.7348,-15.8074,ok
NEG-deslocado,agudo,indivíduos,0.103004,0.012807,0.033024,-25.8174,-18.6397,ok
NEG-gerador,agudo,está,0.043845,0.032119,0.057293,-30.1742,-26.7416,ok
POS-pintado,agudo,está,0.10118,0.015061,0.095842,-24.6642,-15.3167,ok
NEG-deslocado,agudo,está,-0.003373,0.015619,0.0,-24.1918,-120.0,ok
NEG-gerador,agudo,filósofo,0.018868,0.275327,0.083445,-17.9647,-24.55,ok
POS-pintado,agudo,filósofo,0.116352,0.01141,0.118825,-26.316,-14.9199,ok
NEG-deslocado,agudo,filósofo,0.050314,0.011511,0.043821,-26.3151,-17.5992,ok
NEG-gerador,agudo,viés,-0.046154,0.141034,0.160198,-19.9607,-23.4181,ok
POS-pintado,agudo,viés,0.104396,0.021016,0.312925,-22.0409,-10.6081,ok
NEG-deslocado,agudo,viés,0.048352,0.020922,0.11704,-21.8212,-13.9042,ok
NEG-gerador,agudo,será,0.0,0.08049,0.0081,-25.4257,-42.7198,ok
POS-pintado,agudo,será,0.240343,0.022467,0.440036,-17.7869,-5.0973,ok
NEG-deslocado,agudo,será,0.0,0.02241,0.0,-19.2877,-120.0,ok
NEG-gerador,grave,àqueles,-0.052632,0.072002,0.153546,-24.0,-22.9338,ok
POS-pintado,grave,àqueles,0.135965,0.009945,0.311899,-26.9198,-12.8645,ok
NEG-deslocado,grave,àqueles,-0.004386,0.012015,0.0,-25.349,-120.0,ok
NEG-gerador,grave,àquele,-0.008475,0.03578,0.077212,-27.545,-27.7018,ok
POS-pintado,grave,àquele,0.144068,0.009668,0.225641,-26.9472,-13.4718,ok
NEG-deslocado,grave,àquele,-0.004237,0.012282,0.0,-25.2836,-120.0,ok
NEG-gerador,grave,àquela,-0.029915,0.138678,0.077913,-23.1548,-29.6802,ok
POS-pintado,grave,àquela,0.162393,0.010451,0.213386,-26.4621,-13.25,ok
NEG-deslocado,grave,àquela,-0.004274,0.013865,0.0,-24.6013,-120.0,ok
NEG-gerador,grave,àquelas,-0.07438,0.06582,0.307514,-26.4205,-20.615,ok
POS-pintado,grave,àquelas,0.112948,0.012107,0.403465,-25.0517,-10.6454,ok
NEG-deslocado,grave,àquelas,-0.008264,0.012501,0.0,-23.9036,-120.0,ok
NEG-gerador,grave,èpoque,-0.016129,0.263196,0.466521,-17.8111,-16.2553,janela 5
POS-pintado,grave,èpoque,0.084229,0.004319,0.373342,-25.9172,-8.7561,janela 5
NEG-deslocado,grave,èpoque,-0.001792,0.006858,0.0,-23.736,-120.0,janela 5
NEG-gerador,circunflexo,importância,0.021978,0.232621,0.43303,-18.7019,-17.1467,ok
POS-pintado,circunflexo,importância,0.095238,0.008839,0.095439,-28.177,-16.6171,ok
NEG-deslocado,circunflexo,importância,0.051282,0.00906,0.024815,-28.173,-19.4241,ok
NEG-gerador,circunflexo,negligência,-0.040816,0.098554,0.055073,-23.6079,-28.1435,ok
POS-pintado,circunflexo,negligência,0.159184,0.011655,0.178462,-26.4437,-13.7444,ok
NEG-deslocado,circunflexo,negligência,0.085714,0.011606,0.06569,-26.2975,-16.2779,ok
NEG-gerador,circunflexo,influência,-0.036066,0.212316,0.071189,-19.019,-28.6299,ok
POS-pintado,circunflexo,influência,0.144262,0.011926,0.122744,-25.9095,-14.7065,ok
NEG-deslocado,circunflexo,influência,0.07541,0.012119,0.047174,-25.9746,-17.3691,ok
NEG-gerador,circunflexo,ineficiência,0.081633,0.238678,0.131974,-18.3247,-21.167,ok
POS-pintado,circunflexo,ineficiência,0.115646,0.009703,0.110847,-27.0279,-15.4299,ok
NEG-deslocado,circunflexo,ineficiência,0.0,0.011366,0.0,-26.356,-120.0,ok
NEG-gerador,circunflexo,porquê,0.036364,0.217046,0.291318,-19.722,-20.6136,janela 5
POS-pintado,circunflexo,porquê,0.179221,0.007516,0.377607,-24.0607,-7.2313,janela 5
NEG-deslocado,circunflexo,porquê,0.0,0.008627,0.0,-22.6534,-120.0,janela 5
NEG-gerador,circunflexo,pôde,-0.047431,0.105085,0.116665,-22.7668,-22.3863,ok
POS-pintado,circunflexo,pôde,0.130435,0.011315,0.111306,-26.7438,-15.8217,ok
NEG-deslocado,circunflexo,pôde,0.079051,0.011967,0.049959,-26.0384,-17.5417,ok
NEG-gerador,til,depressão,0.0,0.262078,0.104677,-17.1531,-21.3118,ok
POS-pintado,til,depressão,0.163488,0.014096,0.199977,-24.5741,-12.5159,ok
NEG-deslocado,til,depressão,0.0,0.012878,0.0,-24.9833,-120.0,ok
NEG-gerador,til,cidadãos,-0.116809,0.36326,0.458755,-15.8148,-15.4269,ok
POS-pintado,til,cidadãos,0.079772,0.015582,0.108404,-24.7393,-14.8482,ok
NEG-deslocado,til,cidadãos,-0.001425,0.016625,0.0,-23.5921,-120.0,ok
NEG-gerador,til,questão,-0.021108,0.177984,0.227067,-19.1752,-20.0872,ok
POS-pintado,til,questão,0.158311,0.013934,0.285003,-24.6785,-11.5652,ok
NEG-deslocado,til,questão,0.0,0.013599,0.0,-24.4652,-120.0,ok
NEG-gerador,til,exclusão,-0.018321,0.258498,0.042827,-18.2543,-28.351,ok
POS-pintado,til,exclusão,0.114504,0.016261,0.138248,-23.4655,-13.2525,ok
NEG-deslocado,til,exclusão,-0.001527,0.014069,0.0,-24.3402,-120.0,ok
NEG-gerador,til,regiões,0.007117,0.254786,0.279328,-20.2681,-22.2837,ok
POS-pintado,til,regiões,0.13879,0.010063,0.499568,-26.3195,-10.6099,ok
NEG-deslocado,til,regiões,0.074733,0.010377,0.182718,-26.3912,-13.3975,ok
NEG-gerador,til,visão,-0.011823,0.478004,0.031962,-14.3797,-28.5018,ok
POS-pintado,til,visão,0.143124,0.033722,0.338285,-18.557,-8.6034,ok
NEG-deslocado,til,visão,0.072806,0.03645,0.147051,-18.732,-11.6032,ok
NEG-gerador,cedilha,doenças,-0.007782,0.367841,0.536738,-16.0726,-24.0695,janela 5
POS-pintado,cedilha,doenças,0.163424,0.007001,0.392769,-23.1665,-6.3371,janela 5
NEG-deslocado,cedilha,doenças,0.085603,0.007414,0.176693,-23.5228,-9.4237,janela 5
NEG-gerador,cedilha,doença,-0.004255,0.459553,0.509367,-14.4194,-21.5045,ok
POS-pintado,cedilha,doença,0.195745,0.009528,0.430394,-22.5974,-7.5965,ok
NEG-deslocado,cedilha,doença,0.0,0.009104,0.0,-22.6676,-120.0,ok
NEG-gerador,cedilha,espaço,0.0,0.683225,0.432374,-14.1672,-29.4625,ok
POS-pintado,cedilha,espaço,0.140888,0.019765,0.116862,-23.1451,-14.1227,ok
NEG-deslocado,cedilha,espaço,0.0,0.019209,0.0,-23.4191,-120.0,ok
NEG-gerador,cedilha,preço,0.216266,0.24389,0.154155,-17.5477,-16.7093,ok
POS-pintado,cedilha,preço,0.103512,0.014903,0.102727,-24.2096,-15.3123,ok
NEG-deslocado,cedilha,preço,0.086876,0.018994,0.044823,-22.4473,-16.3318,ok
NEG-gerador,cedilha,espaços,-0.050439,0.514764,0.208524,-15.1488,-25.4955,ok
POS-pintado,cedilha,espaços,0.20614,0.019507,0.137607,-22.4855,-12.8892,ok
NEG-deslocado,cedilha,espaços,0.107456,0.017877,0.054136,-22.7869,-15.9667,ok
NEG-gerador,cedilha,presença,-0.03,0.259956,0.168822,-18.7417,-27.0694,ok
POS-pintado,cedilha,presença,0.14,0.014793,0.091888,-24.8226,-15.3735,ok
NEG-deslocado,cedilha,presença,-0.0025,0.015265,0.0,-24.7878,-120.0,ok
NEG-gerador,agudo,país,0.012605,0.25732,0.377046,-18.1696,-17.3671,ok
POS-pintado,agudo,país,0.214286,0.012671,0.327251,-25.0255,-10.9431,ok
NEG-deslocado,agudo,país,0.113445,0.012534,0.123345,-25.04,-13.6414,ok
NEG-gerador,agudo,indivíduos,-0.013889,0.050071,0.016895,-27.0119,-33.5309,ok
POS-pintado,agudo,indivíduos,0.208333,0.012704,0.08713,-25.6637,-15.7362,ok
NEG-deslocado,agudo,indivíduos,0.111111,0.012536,0.033185,-25.6789,-18.4844,ok
NEG-gerador,agudo,está,0.026846,0.051357,0.059053,-26.9032,-26.3933,ok
POS-pintado,agudo,está,0.09396,0.013379,0.074348,-25.5244,-16.6599,ok
NEG-deslocado,agudo,está,-0.008949,0.015363,0.0,-24.5671,-120.0,ok
NEG-gerador,agudo,filósofo,0.076923,0.120095,0.09823,-22.9925,-24.285,ok
POS-pintado,agudo,filósofo,0.120192,0.009135,0.078184,-28.0944,-17.156,ok
NEG-deslocado,agudo,filósofo,0.014423,0.006709,0.011041,-30.1618,-23.6502,ok
NEG-gerador,agudo,viés,0.034392,0.147116,0.374977,-21.2741,-18.4554,ok
POS-pintado,agudo,viés,0.088624,0.019045,0.166189,-23.4819,-13.5047,ok
NEG-deslocado,agudo,viés,0.068783,0.020535,0.068899,-21.6812,-14.4924,ok
NEG-gerador,agudo,será,0.028712,0.246786,0.250696,-19.1863,-26.3037,ok
POS-pintado,agudo,será,0.203445,0.038961,0.299158,-18.6647,-9.443,ok
NEG-deslocado,agudo,será,-0.013126,0.027717,0.0,-22.2975,-120.0,ok
NEG-gerador,grave,àqueles,0.007168,0.022073,0.009664,-30.6378,-38.7467,ok
POS-pintado,grave,àqueles,0.182796,0.012658,0.272245,-25.0446,-11.6394,ok
NEG-deslocado,grave,àqueles,-0.003584,0.011978,0.0,-25.2393,-120.0,ok
NEG-gerador,grave,àquele,-0.032258,0.312989,0.140853,-16.8996,-23.4186,ok
POS-pintado,grave,àquele,0.174194,0.013109,0.235883,-24.9265,-12.2468,ok
NEG-deslocado,grave,àquele,0.0,0.013753,0.0,-24.5613,-120.0,ok
NEG-gerador,grave,àquela,-0.235955,0.173791,0.31796,-19.7738,-19.3581,ok
POS-pintado,grave,àquela,0.101124,0.007348,0.169015,-28.846,-15.0777,ok
NEG-deslocado,grave,àquela,0.0,0.011228,0.0,-26.3229,-120.0,ok
NEG-gerador,grave,àquelas,0.0,0.042968,0.002523,-26.391,-46.2924,ok
POS-pintado,grave,àquelas,0.189781,0.012543,0.299769,-25.044,-11.3755,ok
NEG-deslocado,grave,àquelas,0.0,0.010811,0.0,-26.29,-120.0,ok
NEG-gerador,grave,èpoque,0.009346,0.048157,0.020856,-27.3791,-33.4946,ok
POS-pintado,grave,èpoque,0.115265,0.007522,0.429597,-26.0313,-10.078,ok
NEG-deslocado,grave,èpoque,-0.003115,0.00765,0.0,-25.1733,-120.0,ok
NEG-gerador,circunflexo,importância,0.012552,0.167898,0.120718,-20.9538,-19.9749,ok
POS-pintado,circunflexo,importância,0.104603,0.009729,0.106943,-28.2153,-16.3851,ok
NEG-deslocado,circunflexo,importância,0.037657,0.007941,0.036217,-29.2732,-20.2463,ok
NEG-gerador,circunflexo,negligência,0.0,0.090715,0.010054,-24.8253,-42.1524,ok
POS-pintado,circunflexo,negligência,0.183962,0.011759,0.178337,-26.3054,-13.6061,ok
NEG-deslocado,circunflexo,negligência,0.099057,0.011405,0.065689,-26.2852,-16.2763,ok
NEG-gerador,circunflexo,influência,-0.062731,0.246102,0.07843,-18.9259,-26.6189,ok
POS-pintado,circunflexo,influência,0.147601,0.011261,0.106765,-26.2933,-15.3417,ok
NEG-deslocado,circunflexo,influência,0.088561,0.012507,0.043784,-25.8678,-17.6278,ok
NEG-gerador,circunflexo,ineficiência,0.018293,0.199371,0.138832,-19.7937,-22.4677,ok
POS-pintado,circunflexo,ineficiência,0.115854,0.011289,0.118521,-26.5575,-15.1174,ok
NEG-deslocado,circunflexo,ineficiência,-0.003049,0.01153,0.0,-26.3536,-120.0,ok
NEG-gerador,circunflexo,porquê,-0.003268,0.149345,0.03356,-21.9764,-34.8809,janela 3
POS-pintado,circunflexo,porquê,0.205882,0.006649,0.342118,-24.3771,-6.5143,janela 3
NEG-deslocado,circunflexo,porquê,-0.003268,0.007202,0.0,-23.1898,-120.0,janela 3
NEG-gerador,circunflexo,pôde,-0.003584,0.051501,0.031172,-25.556,-28.6068,ok
POS-pintado,circunflexo,pôde,0.157706,0.012502,0.162881,-25.6591,-13.6852,ok
NEG-deslocado,circunflexo,pôde,0.071685,0.012544,0.062007,-25.8292,-16.524,ok
NEG-gerador,til,depressão,-0.027451,0.21363,0.100195,-19.0327,-22.372,ok
POS-pintado,til,depressão,0.2,0.012787,0.262515,-25.1261,-11.7671,ok
NEG-deslocado,til,depressão,-0.003922,0.012797,0.0,-25.0479,-120.0,ok
NEG-gerador,til,cidadãos,-0.122642,0.315502,0.445617,-16.3892,-14.947,ok
POS-pintado,til,cidadãos,0.080189,0.014484,0.100167,-25.3843,-15.7174,ok
NEG-deslocado,til,cidadãos,-0.001572,0.016388,0.0,-23.6494,-120.0,ok
NEG-gerador,til,questão,0.0,0.229027,0.258021,-18.2898,-20.3579,ok
POS-pintado,til,questão,0.146179,0.012788,0.177309,-25.9149,-13.5934,ok
NEG-deslocado,til,questão,-0.003322,0.010983,0.0,-26.1847,-120.0,ok
NEG-gerador,til,exclusão,0.02381,0.246606,0.080395,-17.7436,-21.4205,ok
POS-pintado,til,exclusão,0.112698,0.01699,0.125114,-23.4391,-13.602,ok
NEG-deslocado,til,exclusão,-0.007937,0.012938,0.0,-25.1966,-120.0,ok
NEG-gerador,til,regiões,-0.016043,0.177454,0.207163,-20.7262,-21.3869,ok
POS-pintado,til,regiões,0.192513,0.011444,0.499055,-26.3213,-11.0256,ok
NEG-deslocado,til,regiões,0.096257,0.011185,0.154048,-26.4377,-13.9313,ok
NEG-gerador,til,visão,-0.025727,0.221538,0.037457,-18.5701,-29.7742,ok
POS-pintado,til,visão,0.138702,0.022504,0.155891,-21.2034,-11.9193,ok
NEG-deslocado,til,visão,0.055928,0.016992,0.064082,-23.5389,-15.8112,ok
NEG-gerador,cedilha,doenças,-0.002137,0.116667,0.18096,-21.8383,-27.9983,janela 3
POS-pintado,cedilha,doenças,0.160256,0.005742,0.356754,-23.5733,-5.1583,janela 3
NEG-deslocado,cedilha,doenças,0.08547,0.006809,0.169861,-23.5186,-7.8921,janela 3
NEG-gerador,cedilha,doença,-0.003384,0.242743,0.25179,-16.9958,-27.39,janela 3
POS-pintado,cedilha,doença,0.138748,0.006594,0.331133,-23.2269,-5.4918,janela 3
NEG-deslocado,cedilha,doença,0.0,0.007332,0.0,-23.2188,-120.0,janela 3
NEG-gerador,cedilha,espaço,0.111111,0.291358,0.065522,-17.7503,-23.6885,ok
POS-pintado,cedilha,espaço,0.225225,0.016521,0.083666,-23.3945,-14.9721,ok
NEG-deslocado,cedilha,espaço,-0.003003,0.015807,0.0,-23.8914,-120.0,ok
NEG-gerador,cedilha,preço,0.10687,0.175264,0.091692,-18.7564,-22.9103,ok
POS-pintado,cedilha,preço,0.139313,0.017113,0.086144,-23.4275,-14.9081,ok
NEG-deslocado,cedilha,preço,0.070611,0.017267,0.034623,-23.4372,-17.7024,ok
NEG-gerador,cedilha,espaços,0.0,0.508068,0.011575,-15.0181,-52.1622,ok
POS-pintado,cedilha,espaços,0.206388,0.018606,0.1054,-22.949,-14.027,ok
NEG-deslocado,cedilha,espaços,0.108108,0.017993,0.04293,-22.9608,-16.8459,ok
NEG-gerador,cedilha,presença,0.081921,0.229571,0.223406,-18.621,-25.443,ok
POS-pintado,cedilha,presença,0.161017,0.015337,0.07821,-24.658,-15.822,ok
NEG-deslocado,cedilha,presença,0.0,0.013788,0.0,-25.0524,-120.0,ok
NEG-gerador,agudo,país,0.268293,0.320721,0.524734,-17.2705,-13.4255,ok
POS-pintado,agudo,país,0.112195,0.013835,0.145095,-25.5155,-14.1194,ok
NEG-deslocado,agudo,país,0.0,0.008802,0.028061,-28.3463,-20.8046,ok
NEG-gerador,agudo,indivíduos,-0.016393,0.180459,0.098118,-20.9413,-28.8784,ok
POS-pintado,agudo,indivíduos,0.245902,0.012913,0.087019,-25.7168,-15.7894,ok
NEG-deslocado,agudo,indivíduos,0.131148,0.012858,0.033165,-25.6888,-18.4844,ok
NEG-gerador,agudo,está,0.050228,0.027567,0.059696,-31.3252,-27.634,ok
POS-pintado,agudo,está,0.134703,0.015225,0.08661,-24.6471,-15.7002,ok
NEG-deslocado,agudo,está,-0.011416,0.015644,0.0,-24.1777,-120.0,ok
NEG-gerador,agudo,filósofo,0.016736,0.346596,0.019642,-17.3516,-36.7805,ok
POS-pintado,agudo,filósofo,0.138075,0.01015,0.128628,-27.0015,-14.8919,ok
NEG-deslocado,agudo,filósofo,0.062762,0.009761,0.037802,-27.0243,-18.3283,ok
NEG-gerador,agudo,viés,0.008974,0.041674,0.065805,-28.6518,-30.4058,ok
POS-pintado,agudo,viés,0.164103,0.02206,0.260631,-20.9686,-10.0301,ok
NEG-deslocado,agudo,viés,0.083333,0.022206,0.104232,-20.9867,-12.8471,ok
NEG-gerador,agudo,será,0.00333,0.251072,0.043334,-19.5028,-38.3727,ok
POS-pintado,agudo,será,0.309656,0.02533,0.452144,-17.7844,-5.8768,ok
NEG-deslocado,agudo,será,-0.00111,0.028789,0.0,-18.2349,-120.0,ok
NEG-gerador,grave,àqueles,0.007299,0.01572,0.005525,-30.4962,-39.9771,ok
POS-pintado,grave,àqueles,0.189781,0.012394,0.299785,-25.0407,-11.3722,ok
NEG-deslocado,grave,àqueles,0.0,0.011458,0.0,-25.2677,-120.0,ok
NEG-gerador,grave,àquele,0.0,0.040731,0.00495,-27.023,-39.2353,ok
POS-pintado,grave,àquele,0.141593,0.010231,0.272908,-26.5453,-12.7769,ok
NEG-deslocado,grave,àquele,-0.00885,0.012743,0.0,-25.2124,-120.0,ok
NEG-gerador,grave,àquela,0.0,0.019343,0.004664,-30.6105,-39.3857,ok
POS-pintado,grave,àquela,0.139785,0.007866,0.138384,-28.2874,-15.3653,ok
NEG-deslocado,grave,àquela,0.0,0.010918,0.0,-26.4477,-120.0,ok
NEG-gerador,grave,àquelas,0.0,0.011791,0.000914,-33.2986,-56.2723,ok
POS-pintado,grave,àquelas,0.178694,0.012373,0.299878,-25.0459,-11.3775,ok
NEG-deslocado,grave,àquelas,0.0,0.011364,0.0,-25.6911,-120.0,ok
NEG-gerador,grave,èpoque,0.0,0.034407,0.027421,-27.3632,-29.9437,ok
POS-pintado,grave,èpoque,0.109677,0.008905,0.373087,-26.4472,-11.463,ok
NEG-deslocado,grave,èpoque,-0.012903,0.010735,0.0,-24.7463,-120.0,ok
NEG-gerador,circunflexo,importância,-0.020325,0.160902,0.270603,-20.7547,-18.5232,ok
POS-pintado,circunflexo,importância,0.101626,0.00933,0.097545,-28.0919,-16.532,ok
NEG-deslocado,circunflexo,importância,0.044715,0.008814,0.022454,-28.3505,-19.7641,ok
NEG-gerador,circunflexo,negligência,0.0,0.077427,0.004095,-24.8681,-51.7669,ok
POS-pintado,circunflexo,negligência,0.193069,0.01163,0.166395,-26.3037,-13.8162,ok
NEG-deslocado,circunflexo,negligência,0.10396,0.011624,0.061284,-26.2931,-16.498,ok
NEG-gerador,circunflexo,influência,-0.106061,0.205661,0.24161,-20.0905,-23.3153,ok
POS-pintado,circunflexo,influência,0.128788,0.00979,0.09433,-27.0357,-16.1755,ok
NEG-deslocado,circunflexo,influência,0.087121,0.012293,0.043037,-25.8483,-17.7148,ok
NEG-gerador,circunflexo,ineficiência,0.070707,0.225121,0.112565,-18.8008,-21.9812,ok
POS-pintado,circunflexo,ineficiência,0.077441,0.007874,0.084595,-28.1565,-16.7163,ok
NEG-deslocado,circunflexo,ineficiência,-0.003367,0.011664,0.0,-26.3028,-120.0,ok
NEG-gerador,circunflexo,porquê,-0.16443,0.523949,0.484694,-14.7084,-14.6672,janela 5
POS-pintado,circunflexo,porquê,0.211409,0.005775,0.384979,-24.3869,-8.3493,janela 5
NEG-deslocado,circunflexo,porquê,-0.003356,0.007139,0.0,-23.0556,-120.0,janela 5
NEG-gerador,circunflexo,pôde,-0.067194,0.107903,0.093147,-22.0813,-21.6039,ok
POS-pintado,circunflexo,pôde,0.185771,0.014257,0.159565,-25.1847,-13.5866,ok
NEG-deslocado,circunflexo,pôde,0.079051,0.013378,0.062047,-25.3451,-16.4897,ok
NEG-gerador,til,depressão,-0.007916,0.219356,0.024193,-18.3877,-31.9588,ok
POS-pintado,til,depressão,0.155673,0.014092,0.260085,-24.4282,-11.5782,ok
NEG-deslocado,til,depressão,-0.002639,0.01404,0.0,-24.5069,-120.0,ok
NEG-gerador,til,cidadãos,-0.073282,0.308581,0.644333,-16.6262,-13.1116,ok
POS-pintado,til,cidadãos,0.047328,0.011543,0.078726,-26.641,-16.9023,ok
NEG-deslocado,til,cidadãos,-0.003053,0.017016,0.0,-23.5621,-120.0,ok
NEG-gerador,til,questão,-0.004348,0.313992,0.209899,-17.6509,-23.3361,ok
POS-pintado,til,questão,0.128261,0.014274,0.323422,-24.7076,-11.2263,ok
NEG-deslocado,til,questão,-0.002174,0.013543,0.0,-24.4362,-120.0,ok
NEG-gerador,til,exclusão,0.071429,0.284633,0.082513,-17.7583,-22.7671,ok
POS-pintado,til,exclusão,0.146718,0.016634,0.114876,-23.4992,-13.9077,ok
NEG-deslocado,til,exclusão,0.0,0.01524,0.0,-24.5034,-120.0,ok
NEG-gerador,til,regiões,-0.003731,0.221485,0.032213,-19.866,-31.0014,ok
POS-pintado,til,regiões,0.19403,0.010275,0.513299,-25.0559,-9.2463,ok
NEG-deslocado,til,regiões,0.093284,0.010098,0.163541,-25.281,-12.3645,ok
NEG-gerador,til,visão,0.006936,0.135325,0.013601,-20.7271,-33.9521,ok
POS-pintado,til,visão,0.143353,0.022593,0.15646,-21.192,-11.9078,ok
NEG-deslocado,til,visão,0.057803,0.020612,0.064438,-22.609,-15.8529,ok
NEG-gerador,cedilha,doenças,0.080483,0.216045,0.515061,-18.1984,-12.5993,janela 3
POS-pintado,cedilha,doenças,0.136821,0.005128,0.319831,-24.1061,-5.6911,janela 3
NEG-deslocado,cedilha,doenças,0.072435,0.006158,0.150731,-24.0764,-8.4861,janela 3
NEG-gerador,cedilha,doença,0.111111,0.349484,0.684701,-16.306,-12.4795,janela 5
POS-pintado,cedilha,doença,0.141414,0.007397,0.391234,-23.0259,-6.2599,janela 5
NEG-deslocado,cedilha,doença,0.0,0.006572,0.0,-23.211,-120.0,janela 5
NEG-gerador,cedilha,espaço,-0.020747,0.697481,0.767705,-14.0678,-24.4482,ok
POS-pintado,cedilha,espaço,0.189488,0.023713,0.183312,-21.1358,-11.6019,ok
NEG-deslocado,cedilha,espaço,-0.001383,0.023689,0.0,-21.2225,-120.0,ok
NEG-gerador,cedilha,preço,0.390361,0.321116,0.203814,-15.9916,-15.0509,ok
POS-pintado,cedilha,preço,0.142169,0.013903,0.092417,-24.4322,-14.9714,ok
NEG-deslocado,cedilha,preço,0.074699,0.014105,0.035183,-24.4328,-17.6982,ok
NEG-gerador,cedilha,espaços,-0.030612,0.501551,0.050649,-14.4678,-27.3182,ok
POS-pintado,cedilha,espaços,0.209184,0.018892,0.103545,-23.1272,-14.2851,ok
NEG-deslocado,cedilha,espaços,0.104592,0.017968,0.041921,-22.9669,-16.9344,ok
NEG-gerador,cedilha,presença,0.046875,0.240407,0.132775,-19.0899,-22.881,ok
POS-pintado,cedilha,presença,0.140625,0.015477,0.093047,-24.6707,-15.2216,ok
NEG-deslocado,cedilha,presença,-0.007812,0.014746,0.0,-24.6663,-120.0,ok
